{
  "sample_counts": {
    "downloads": 228395,
    "uploads": 161328
  },
  "metrics": {
    "download_throughput_mbps": {
      "p1": 0.21072967448602312,
      "p5": 1.0376316359191002,
      "p10": 2.6823025167119026,
      "p25": 11.149096726277914,
      "p50": 46.07163091515003,
      "p75": 132.84288233310008,
      "p90": 305.20817348621284,
      "p95": 460.81404636830484,
      "p99": 688.864081191578
    },
    "upload_throughput_mbps": {
      "p1": 0.049186363537279246,
      "p5": 0.08830584621464953,
      "p10": 0.28772790531593917,
      "p25": 3.2059337561874535,
      "p50": 18.741179946459237,
      "p75": 59.546724290623686,
      "p90": 112.11774931462028,
      "p95": 205.88867383417204,
      "p99": 295.7858721684196
    },
    "latency_ms": {
      "p1": 304.002,
      "p5": 187.867,
      "p10": 119.815,
      "p25": 33.024,
      "p50": 19.993,
      "p75": 17.595,
      "p90": 16.0,
      "p95": 15.419,
      "p99": 14.0
    },
    "packet_loss": {
      "p1": 0.3335968932387644,
      "p5": 0.2050519234303379,
      "p10": 0.14268377340769528,
      "p25": 0.06708456874877505,
      "p50": 0.006185425975967863,
      "p75": 0.0,
      "p90": 0.0,
      "p95": 0.0,
      "p99": 0.0
    }
  }
}