{
  "sample_counts": {
    "downloads": 20502,
    "uploads": 13662
  },
  "metrics": {
    "download_throughput_mbps": {
      "p1": 0.37281852164561174,
      "p5": 2.52818076684818,
      "p10": 6.063433668776955,
      "p25": 19.225921206532018,
      "p50": 52.04381702794046,
      "p75": 108.63920997163028,
      "p90": 235.5660239217963,
      "p95": 321.1855630519445,
      "p99": 506.335058069863
    },
    "upload_throughput_mbps": {
      "p1": 0.06302810440622174,
      "p5": 0.08948859403608031,
      "p10": 0.47518324619894,
      "p25": 3.321355339107251,
      "p50": 14.604917638863764,
      "p75": 36.76406414254735,
      "p90": 68.18445558467054,
      "p95": 95.19575117936132,
      "p99": 261.49305342438976
    },
    "latency_ms": {
      "p1": 197.644,
      "p5": 92.157,
      "p10": 74.185,
      "p25": 49.836,
      "p50": 40.414,
      "p75": 27.27,
      "p90": 11.156,
      "p95": 10.719,
      "p99": 4.0
    },
    "packet_loss": {
      "p1": 0.24151810392482034,
      "p5": 0.14459482640540736,
      "p10": 0.10482395203458504,
      "p25": 0.04682188434415772,
      "p50": 0.002998482799978745,
      "p75": 1.0630599606857228e-05,
      "p90": 0.0,
      "p95": 0.0,
      "p99": 0.0
    }
  }
}