{
  "sample_counts": {
    "downloads": 7412,
    "uploads": 6846
  },
  "metrics": {
    "download_throughput_mbps": {
      "p1": 0.3655958476449882,
      "p5": 2.6907418900676423,
      "p10": 7.476014319723681,
      "p25": 20.894467631716395,
      "p50": 42.1412502906112,
      "p75": 94.79148735186641,
      "p90": 184.87902218518408,
      "p95": 196.21098297686984,
      "p99": 236.93915555931963
    },
    "upload_throughput_mbps": {
      "p1": 0.13724569067322312,
      "p5": 1.1684351979982144,
      "p10": 3.1237920305566593,
      "p25": 11.771751399774244,
      "p50": 18.64133905887021,
      "p75": 20.938771126740143,
      "p90": 44.6413334835995,
      "p95": 65.35104454645624,
      "p99": 136.45632653086798
    },
    "latency_ms": {
      "p1": 282.248,
      "p5": 126.79,
      "p10": 111.705,
      "p25": 103.391,
      "p50": 100.633,
      "p75": 92.532,
      "p90": 89.0,
      "p95": 53.241,
      "p99": 28.906
    },
    "packet_loss": {
      "p1": 0.261185168389505,
      "p5": 0.17688838329043163,
      "p10": 0.14287311406326403,
      "p25": 0.0880934019837676,
      "p50": 0.015059371562556684,
      "p75": 0.0,
      "p90": 0.0,
      "p95": 0.0,
      "p99": 0.0
    }
  }
}