{
  "sample_counts": {
    "downloads": 680456,
    "uploads": 497633
  },
  "metrics": {
    "download_throughput_mbps": {
      "p1": 0.1834400350991015,
      "p5": 0.8538624288043654,
      "p10": 2.072271954727792,
      "p25": 9.167571520853619,
      "p50": 34.20780200122677,
      "p75": 101.73464622259671,
      "p90": 262.96597046256517,
      "p95": 327.85659093997424,
      "p99": 608.634373315894
    },
    "upload_throughput_mbps": {
      "p1": 0.04150429678379896,
      "p5": 0.08888484514372649,
      "p10": 0.22906071758169244,
      "p25": 2.7759787317061853,
      "p50": 10.896261131964378,
      "p75": 38.42473562310807,
      "p90": 95.36850713292546,
      "p95": 190.61682113278488,
      "p99": 394.6010718039874
    },
    "latency_ms": {
      "p1": 227.725,
      "p5": 102.491,
      "p10": 56.349,
      "p25": 40.089,
      "p50": 19.126,
      "p75": 8.217,
      "p90": 4.021,
      "p95": 3.0,
      "p99": 1.371
    },
    "packet_loss": {
      "p1": 0.3100456750735765,
      "p5": 0.1806564457260073,
      "p10": 0.12789056287309186,
      "p25": 0.06037237097727664,
      "p50": 0.004711956471471941,
      "p75": 0.0,
      "p90": 0.0,
      "p95": 0.0,
      "p99": 0.0
    }
  }
}