{
  "sample_counts": {
    "downloads": 781452,
    "uploads": 482545
  },
  "metrics": {
    "download_throughput_mbps": {
      "p1": 0.2989630061245848,
      "p5": 1.7493673640040908,
      "p10": 4.243646274619677,
      "p25": 15.570705368557022,
      "p50": 47.837752330747264,
      "p75": 113.54693152371911,
      "p90": 241.98141677817625,
      "p95": 307.2865413105595,
      "p99": 572.8147358764691
    },
    "upload_throughput_mbps": {
      "p1": 0.06345492313818049,
      "p5": 0.0896855318491076,
      "p10": 0.5745102390049456,
      "p25": 4.874847038157736,
      "p50": 13.668149815646341,
      "p75": 31.04281889059749,
      "p90": 61.69791549067051,
      "p95": 95.90594050742695,
      "p99": 300.9885986493577
    },
    "latency_ms": {
      "p1": 204.406,
      "p5": 50.457,
      "p10": 41.035,
      "p25": 32.0,
      "p50": 24.373,
      "p75": 17.504,
      "p90": 11.284,
      "p95": 7.885,
      "p99": 4.909
    },
    "packet_loss": {
      "p1": 0.22747771485800797,
      "p5": 0.12662191475569728,
      "p10": 0.09047475658742439,
      "p25": 0.03511489084496887,
      "p50": 0.0013885318797790841,
      "p75": 0.0,
      "p90": 0.0,
      "p95": 0.0,
      "p99": 0.0
    }
  }
}