{
  "sample_counts": {
    "downloads": 702727,
    "uploads": 435337
  },
  "metrics": {
    "download_throughput_mbps": {
      "p1": 0.27273335521565023,
      "p5": 1.5176024824623366,
      "p10": 3.5245618028491146,
      "p25": 12.864778895923337,
      "p50": 39.477072940005996,
      "p75": 91.33400907157,
      "p90": 188.2491355778526,
      "p95": 272.36151242611174,
      "p99": 482.4398162999038
    },
    "upload_throughput_mbps": {
      "p1": 0.05516264837351627,
      "p5": 0.07629189336637619,
      "p10": 0.2453696801306248,
      "p25": 3.3111068403151847,
      "p50": 11.128312565266341,
      "p75": 24.568801095435948,
      "p90": 50.30543898810587,
      "p95": 73.60583483215437,
      "p99": 210.78782700625737
    },
    "latency_ms": {
      "p1": 211.509,
      "p5": 53.424,
      "p10": 42.009,
      "p25": 32.76,
      "p50": 24.85,
      "p75": 18.011,
      "p90": 12.382,
      "p95": 9.0,
      "p99": 5.016
    },
    "packet_loss": {
      "p1": 0.23350663085533582,
      "p5": 0.13391980031113748,
      "p10": 0.09922274494039109,
      "p25": 0.042123907691905334,
      "p50": 0.0022379728596819987,
      "p75": 0.0,
      "p90": 0.0,
      "p95": 0.0,
      "p99": 0.0
    }
  }
}