{
  "sample_counts": {
    "downloads": 2397501,
    "uploads": 1660554
  },
  "metrics": {
    "download_throughput_mbps": {
      "p1": 0.3663772939271033,
      "p5": 2.6725562041651,
      "p10": 7.694624232254607,
      "p25": 26.589469354361174,
      "p50": 77.09951956786249,
      "p75": 238.2554910880997,
      "p90": 474.7222189335859,
      "p95": 537.4997601141148,
      "p99": 839.9519242788392
    },
    "upload_throughput_mbps": {
      "p1": 0.06367364537019206,
      "p5": 0.09605104654231211,
      "p10": 0.6972888838889514,
      "p25": 5.876554429118032,
      "p50": 18.47161684541305,
      "p75": 41.74170428608927,
      "p90": 56.76200944627909,
      "p95": 89.8758718340238,
      "p99": 288.3852713087598
    },
    "latency_ms": {
      "p1": 257.437,
      "p5": 43.0,
      "p10": 29.998,
      "p25": 18.874,
      "p50": 10.043,
      "p75": 5.01,
      "p90": 2.286,
      "p95": 1.082,
      "p99": 0.487
    },
    "packet_loss": {
      "p1": 0.21822655457456216,
      "p5": 0.09443091739743442,
      "p10": 0.05634730095109696,
      "p25": 0.008408809455319495,
      "p50": 8.499164502152256e-05,
      "p75": 0.0,
      "p90": 0.0,
      "p95": 0.0,
      "p99": 0.0
    }
  }
}