{
  "sample_counts": {
    "downloads": 14282,
    "uploads": 11762
  },
  "metrics": {
    "download_throughput_mbps": {
      "p1": 0.17190015519166896,
      "p5": 0.8495033999969637,
      "p10": 2.1837995282552836,
      "p25": 9.538552307474463,
      "p50": 26.766814471028965,
      "p75": 50.67801018797007,
      "p90": 81.4529339845355,
      "p95": 97.44987804667093,
      "p99": 120.32299996590329
    },
    "upload_throughput_mbps": {
      "p1": 0.09577912840993147,
      "p5": 0.5739867086745003,
      "p10": 1.7196969310625263,
      "p25": 7.432913427633385,
      "p50": 24.75760237219232,
      "p75": 44.02678709546845,
      "p90": 74.37747516584436,
      "p95": 88.59322119488812,
      "p99": 100.25562637834032
    },
    "latency_ms": {
      "p1": 253.514,
      "p5": 193.498,
      "p10": 158.0,
      "p25": 140.004,
      "p50": 131.809,
      "p75": 126.87,
      "p90": 120.812,
      "p95": 115.811,
      "p99": 58.22
    },
    "packet_loss": {
      "p1": 0.32824070798661836,
      "p5": 0.2327704767049626,
      "p10": 0.184608810227556,
      "p25": 0.11474604760898012,
      "p50": 0.03654773278863155,
      "p75": 0.00028018480990061044,
      "p90": 0.0,
      "p95": 0.0,
      "p99": 0.0
    }
  }
}