{
  "sample_counts": {
    "downloads": 9187,
    "uploads": 7440
  },
  "metrics": {
    "download_throughput_mbps": {
      "p1": 0.18112318809621644,
      "p5": 1.1949887433241475,
      "p10": 3.1160719412939373,
      "p25": 12.034301457808876,
      "p50": 31.003902275415665,
      "p75": 62.18449800742152,
      "p90": 95.5260254062854,
      "p95": 108.48716008746273,
      "p99": 155.86254295120298
    },
    "upload_throughput_mbps": {
      "p1": 0.09184954761707863,
      "p5": 0.7028841378915868,
      "p10": 2.241421681368851,
      "p25": 10.290477686181651,
      "p50": 30.505907311602474,
      "p75": 54.99614862079745,
      "p90": 89.19889464312284,
      "p95": 102.65519136392543,
      "p99": 158.16657881887164
    },
    "latency_ms": {
      "p1": 268.107,
      "p5": 168.841,
      "p10": 155.945,
      "p25": 139.321,
      "p50": 132.743,
      "p75": 126.519,
      "p90": 119.029,
      "p95": 114.245,
      "p99": 64.635
    },
    "packet_loss": {
      "p1": 0.32066489613345306,
      "p5": 0.21828372966198678,
      "p10": 0.1687150634104802,
      "p25": 0.09717166574882673,
      "p50": 0.01672698914195445,
      "p75": 1.6293743514980972e-05,
      "p90": 0.0,
      "p95": 0.0,
      "p99": 0.0
    }
  }
}