{
  "sample_counts": {
    "downloads": 38897,
    "uploads": 37565
  },
  "metrics": {
    "download_throughput_mbps": {
      "p1": 0.44976931413531507,
      "p5": 3.1702548203671164,
      "p10": 6.045838037175435,
      "p25": 16.07700345763196,
      "p50": 43.02795884657806,
      "p75": 90.57571645619846,
      "p90": 115.62376839581567,
      "p95": 231.58280238599315,
      "p99": 372.4919484034651
    },
    "upload_throughput_mbps": {
      "p1": 0.09076475969807878,
      "p5": 0.39838670356387956,
      "p10": 0.6499075651756262,
      "p25": 3.001102598671182,
      "p50": 7.935011203309876,
      "p75": 27.644011220109398,
      "p90": 56.98282312202424,
      "p95": 60.30070366769373,
      "p99": 62.88253760264243
    },
    "latency_ms": {
      "p1": 171.732,
      "p5": 46.102,
      "p10": 40.142,
      "p25": 31.057,
      "p50": 24.938,
      "p75": 13.5,
      "p90": 8.128,
      "p95": 6.053,
      "p99": 3.446
    },
    "packet_loss": {
      "p1": 0.21571359957394343,
      "p5": 0.15251597829984348,
      "p10": 0.11834448120713038,
      "p25": 0.0718819631130917,
      "p50": 0.02722706658092433,
      "p75": 0.0009307664862013868,
      "p90": 0.0,
      "p95": 0.0,
      "p99": 0.0
    }
  }
}