{
  "sample_counts": {
    "downloads": 43874,
    "uploads": 30866
  },
  "metrics": {
    "download_throughput_mbps": {
      "p1": 0.14096522172127915,
      "p5": 0.5730255193101439,
      "p10": 1.3374956474563393,
      "p25": 4.699931571019592,
      "p50": 10.32216105953113,
      "p75": 21.548462787728877,
      "p90": 46.96944611732385,
      "p95": 74.28310299774297,
      "p99": 146.36833482813512
    },
    "upload_throughput_mbps": {
      "p1": 0.05270530485029284,
      "p5": 0.2433068965537929,
      "p10": 0.7386075885445358,
      "p25": 3.8155857046310637,
      "p50": 11.669520966257293,
      "p75": 28.136665680352962,
      "p90": 49.92099587282918,
      "p95": 72.62113512469236,
      "p99": 93.04571198972485
    },
    "latency_ms": {
      "p1": 269.0,
      "p5": 169.0,
      "p10": 147.588,
      "p25": 90.0,
      "p50": 68.402,
      "p75": 48.0,
      "p90": 39.55,
      "p95": 36.159,
      "p99": 31.905
    },
    "packet_loss": {
      "p1": 0.38931389726662047,
      "p5": 0.29092107216785995,
      "p10": 0.24204435821138176,
      "p25": 0.17107412769461675,
      "p50": 0.10687708732253323,
      "p75": 0.01629142666358067,
      "p90": 6.362882685286208e-05,
      "p95": 0.0,
      "p99": 0.0
    }
  }
}