{
  "sample_counts": {
    "downloads": 305301,
    "uploads": 261795
  },
  "metrics": {
    "download_throughput_mbps": {
      "p1": 0.10610087851402611,
      "p5": 0.4277866307564077,
      "p10": 0.9223925840722856,
      "p25": 2.7972301678968594,
      "p50": 6.159328418464702,
      "p75": 11.911177147065375,
      "p90": 26.080402735986116,
      "p95": 42.08368879315777,
      "p99": 91.5221974329961
    },
    "upload_throughput_mbps": {
      "p1": 0.04038554015429966,
      "p5": 0.3133866087715084,
      "p10": 0.9412921393257708,
      "p25": 3.5792576841484633,
      "p50": 8.863872826185,
      "p75": 22.356263494859654,
      "p90": 41.9643036032691,
      "p95": 58.27886928931434,
      "p99": 89.66645803448081
    },
    "latency_ms": {
      "p1": 327.734,
      "p5": 186.313,
      "p10": 147.782,
      "p25": 117.796,
      "p50": 82.507,
      "p75": 68.0,
      "p90": 51.278,
      "p95": 43.369,
      "p99": 33.151
    },
    "packet_loss": {
      "p1": 0.38266656583226194,
      "p5": 0.2957803313715963,
      "p10": 0.2531788336531575,
      "p25": 0.18740668293052598,
      "p50": 0.12188396898504851,
      "p75": 0.022786381481495584,
      "p90": 0.0,
      "p95": 0.0,
      "p99": 0.0
    }
  }
}