{
  "sample_counts": {
    "downloads": 538663,
    "uploads": 363183
  },
  "metrics": {
    "download_throughput_mbps": {
      "p1": 0.2706622152160927,
      "p5": 2.009017092099951,
      "p10": 5.593392215522374,
      "p25": 21.821765647578115,
      "p50": 65.7865163085502,
      "p75": 164.9975175534152,
      "p90": 364.46780184119683,
      "p95": 488.19312685949785,
      "p99": 842.3200384954714
    },
    "upload_throughput_mbps": {
      "p1": 0.061871487710737354,
      "p5": 0.08299584372801318,
      "p10": 0.6079040780774085,
      "p25": 6.960201687052071,
      "p50": 16.601995614858446,
      "p75": 27.968540200882163,
      "p90": 58.66519826343386,
      "p95": 130.3480329771261,
      "p99": 432.24605994123175
    },
    "latency_ms": {
      "p1": 199.732,
      "p5": 45.751,
      "p10": 29.184,
      "p25": 18.919,
      "p50": 13.584,
      "p75": 9.334,
      "p90": 5.744,
      "p95": 3.263,
      "p99": 0.406
    },
    "packet_loss": {
      "p1": 0.2243045788263902,
      "p5": 0.1140366763513245,
      "p10": 0.07412595556001843,
      "p25": 0.028714087978448755,
      "p50": 0.001717622879726836,
      "p75": 0.0,
      "p90": 0.0,
      "p95": 0.0,
      "p99": 0.0
    }
  }
}