{
  "sample_counts": {
    "downloads": 581520,
    "uploads": 374512
  },
  "metrics": {
    "download_throughput_mbps": {
      "p1": 0.2943666634223175,
      "p5": 2.086228627806058,
      "p10": 5.9058598886747244,
      "p25": 24.987878656369674,
      "p50": 79.74123590763345,
      "p75": 203.47978479188237,
      "p90": 442.5841994527617,
      "p95": 566.7859055087687,
      "p99": 877.1429076469872
    },
    "upload_throughput_mbps": {
      "p1": 0.06241427517144966,
      "p5": 0.09583279500452196,
      "p10": 0.631243909399258,
      "p25": 7.382828517968323,
      "p50": 19.10294695292731,
      "p75": 28.51471489993868,
      "p90": 76.29619031142907,
      "p95": 196.55993333108012,
      "p99": 467.4016017631594
    },
    "latency_ms": {
      "p1": 189.121,
      "p5": 40.966,
      "p10": 29.98,
      "p25": 18.993,
      "p50": 13.108,
      "p75": 9.024,
      "p90": 5.838,
      "p95": 3.752,
      "p99": 0.383
    },
    "packet_loss": {
      "p1": 0.22738086838215474,
      "p5": 0.11044222565292457,
      "p10": 0.07385869550789893,
      "p25": 0.029421827786072195,
      "p50": 0.0017753066224594403,
      "p75": 0.0,
      "p90": 0.0,
      "p95": 0.0,
      "p99": 0.0
    }
  }
}