{
  "sample_counts": {
    "downloads": 79858,
    "uploads": 59920
  },
  "metrics": {
    "download_throughput_mbps": {
      "p1": 0.18877726623769733,
      "p5": 0.7897312033356789,
      "p10": 1.9255900641181745,
      "p25": 9.560426367695568,
      "p50": 41.98108989644153,
      "p75": 95.65028452865323,
      "p90": 261.24640120901233,
      "p95": 356.4556374242775,
      "p99": 575.3885471193488
    },
    "upload_throughput_mbps": {
      "p1": 0.05135447425856978,
      "p5": 0.13431629287031677,
      "p10": 0.6511628558089595,
      "p25": 3.7010593822665094,
      "p50": 15.613243997887214,
      "p75": 52.50295123047517,
      "p90": 105.24648077593419,
      "p95": 199.7253087108021,
      "p99": 476.4991463192932
    },
    "latency_ms": {
      "p1": 245.0,
      "p5": 95.35,
      "p10": 66.039,
      "p25": 44.788,
      "p50": 29.373,
      "p75": 11.906,
      "p90": 4.0,
      "p95": 2.379,
      "p99": 0.143
    },
    "packet_loss": {
      "p1": 0.3032152979539601,
      "p5": 0.18484745229704858,
      "p10": 0.1335327958554633,
      "p25": 0.07039764124018355,
      "p50": 0.008963458840587897,
      "p75": 0.0,
      "p90": 0.0,
      "p95": 0.0,
      "p99": 0.0
    }
  }
}