{
  "sample_counts": {
    "downloads": 91210,
    "uploads": 82677
  },
  "metrics": {
    "download_throughput_mbps": {
      "p1": 0.4578105296721276,
      "p5": 3.6462172309168617,
      "p10": 9.815006598719659,
      "p25": 34.843566286551265,
      "p50": 48.46922226317729,
      "p75": 62.39133130637452,
      "p90": 142.90870250550853,
      "p95": 279.505286993128,
      "p99": 600.2955142519199
    },
    "upload_throughput_mbps": {
      "p1": 0.07538379925892556,
      "p5": 0.6731451286139358,
      "p10": 3.1367587642819195,
      "p25": 17.008735203039247,
      "p50": 19.15997188583023,
      "p75": 20.52803302568917,
      "p90": 61.28934514593916,
      "p95": 100.01209378594,
      "p99": 393.01524098662617
    },
    "latency_ms": {
      "p1": 176.401,
      "p5": 70.178,
      "p10": 46.812,
      "p25": 19.762,
      "p50": 16.542,
      "p75": 2.497,
      "p90": 2.0,
      "p95": 1.935,
      "p99": 0.877
    },
    "packet_loss": {
      "p1": 0.22432957618035596,
      "p5": 0.10214130495063525,
      "p10": 0.06789145339056733,
      "p25": 0.030897302741621776,
      "p50": 0.0010063678883289319,
      "p75": 0.0,
      "p90": 0.0,
      "p95": 0.0,
      "p99": 0.0
    }
  }
}