{
  "sample_counts": {
    "downloads": 39338,
    "uploads": 32363
  },
  "metrics": {
    "download_throughput_mbps": {
      "p1": 0.10255383074611918,
      "p5": 0.2992102867338654,
      "p10": 0.5963219258373605,
      "p25": 3.3931684109958815,
      "p50": 16.591187161872778,
      "p75": 47.45758961649199,
      "p90": 89.11657313370746,
      "p95": 123.67911324389551,
      "p99": 203.54791460223404
    },
    "upload_throughput_mbps": {
      "p1": 0.04090498294992411,
      "p5": 0.08932821643757098,
      "p10": 0.3243501613147089,
      "p25": 2.0148632407154285,
      "p50": 8.416621220111516,
      "p75": 21.214325262359722,
      "p90": 34.80505923661869,
      "p95": 48.62126660070465,
      "p99": 85.17614603433705
    },
    "latency_ms": {
      "p1": 319.004,
      "p5": 182.517,
      "p10": 156.696,
      "p25": 126.0,
      "p50": 94.153,
      "p75": 47.037,
      "p90": 31.581,
      "p95": 24.033,
      "p99": 19.996
    },
    "packet_loss": {
      "p1": 0.44355593696364487,
      "p5": 0.31440157568383753,
      "p10": 0.23170125455622756,
      "p25": 0.13049464870003452,
      "p50": 0.045727575553277146,
      "p75": 0.00022259947594502338,
      "p90": 0.0,
      "p95": 0.0,
      "p99": 0.0
    }
  }
}