{
  "sample_counts": {
    "downloads": 18526,
    "uploads": 17464
  },
  "metrics": {
    "download_throughput_mbps": {
      "p1": 0.14458543391494091,
      "p5": 0.6987322140672488,
      "p10": 2.2185241975956087,
      "p25": 8.06272582623627,
      "p50": 20.137744178840048,
      "p75": 39.2848648761071,
      "p90": 69.31557805918649,
      "p95": 95.98320410865772,
      "p99": 154.5124929575803
    },
    "upload_throughput_mbps": {
      "p1": 0.053294347290443356,
      "p5": 0.5597303357393643,
      "p10": 1.5409691981463034,
      "p25": 4.724155313767029,
      "p50": 9.746497723547806,
      "p75": 16.788822399360964,
      "p90": 30.44474240735387,
      "p95": 43.03285952132154,
      "p99": 67.2870023474
    },
    "latency_ms": {
      "p1": 223.354,
      "p5": 149.656,
      "p10": 137.229,
      "p25": 113.272,
      "p50": 73.0,
      "p75": 41.953,
      "p90": 24.986,
      "p95": 22.241,
      "p99": 20.0
    },
    "packet_loss": {
      "p1": 0.3213767087846973,
      "p5": 0.2212320832670473,
      "p10": 0.17744225777426204,
      "p25": 0.1174085134132408,
      "p50": 0.05121075626272773,
      "p75": 0.0024282703963169412,
      "p90": 0.0,
      "p95": 0.0,
      "p99": 0.0
    }
  }
}