{
  "sample_counts": {
    "downloads": 4944407,
    "uploads": 3496328
  },
  "metrics": {
    "download_throughput_mbps": {
      "p1": 0.16202253755521523,
      "p5": 0.944617562928516,
      "p10": 3.123255843547231,
      "p25": 15.027818988378204,
      "p50": 52.01778515342349,
      "p75": 158.18346221834622,
      "p90": 330.5918569441577,
      "p95": 456.6889919613875,
      "p99": 698.5710650972243
    },
    "upload_throughput_mbps": {
      "p1": 0.043628224107441785,
      "p5": 0.0756108809589618,
      "p10": 0.0898125934310351,
      "p25": 5.5306002673792785,
      "p50": 30.747380174179742,
      "p75": 88.41583165971956,
      "p90": 181.93443115080836,
      "p95": 256.05716713711615,
      "p99": 395.0226573158601
    },
    "latency_ms": {
      "p1": 273.288,
      "p5": 234.122,
      "p10": 184.997,
      "p25": 52.126,
      "p50": 19.946,
      "p75": 9.076,
      "p90": 4.951,
      "p95": 3.645,
      "p99": 1.402
    },
    "packet_loss": {
      "p1": 0.3659532351849561,
      "p5": 0.1981092290207571,
      "p10": 0.1365758025823294,
      "p25": 0.05807267028481352,
      "p50": 0.004822094777663622,
      "p75": 1.097259103907351e-05,
      "p90": 0.0,
      "p95": 0.0,
      "p99": 0.0
    }
  }
}
