{
  "sample_counts": {
    "downloads": 2992168,
    "uploads": 2098391
  },
  "metrics": {
    "download_throughput_mbps": {
      "p1": 0.24931146985297234,
      "p5": 1.7123045770315137,
      "p10": 5.039415829644507,
      "p25": 21.631822705622735,
      "p50": 71.69807749913178,
      "p75": 192.05021275637358,
      "p90": 399.73685141362927,
      "p95": 538.5330597583421,
      "p99": 835.5654260766885
    },
    "upload_throughput_mbps": {
      "p1": 0.05676802013270483,
      "p5": 0.08949230366188508,
      "p10": 0.32161429910630585,
      "p25": 8.346703638169911,
      "p50": 38.78240937756973,
      "p75": 106.41574627635018,
      "p90": 232.74729320534823,
      "p95": 304.12142538002684,
      "p99": 549.8308980035466
    },
    "latency_ms": {
      "p1": 257.46,
      "p5": 227.022,
      "p10": 144.321,
      "p25": 52.998,
      "p50": 15.463,
      "p75": 6.515,
      "p90": 4.011,
      "p95": 3.0,
      "p99": 1.065
    },
    "packet_loss": {
      "p1": 0.29543757774441953,
      "p5": 0.16308066614225045,
      "p10": 0.11352923000715594,
      "p25": 0.04368011969123378,
      "p50": 0.002716597769389248,
      "p75": 1.0431934281870625e-06,
      "p90": 0.0,
      "p95": 0.0,
      "p99": 0.0
    }
  }
}