{
  "sample_counts": {
    "downloads": 7010,
    "uploads": 7314
  },
  "metrics": {
    "download_throughput_mbps": {
      "p1": 0.10712523035223248,
      "p5": 0.6565263552321848,
      "p10": 1.6209730947513332,
      "p25": 6.1769883625911675,
      "p50": 28.383458751214263,
      "p75": 87.86405340717528,
      "p90": 192.84383760538896,
      "p95": 265.5789942818562,
      "p99": 352.1234514223865
    },
    "upload_throughput_mbps": {
      "p1": 0.08185010713147538,
      "p5": 0.4012342623500484,
      "p10": 0.7061374096732407,
      "p25": 3.0889208281447043,
      "p50": 10.321346816052912,
      "p75": 24.00057599769601,
      "p90": 80.86358510935743,
      "p95": 135.8578586380016,
      "p99": 188.8776818188909
    },
    "latency_ms": {
      "p1": 292.582,
      "p5": 259.039,
      "p10": 69.363,
      "p25": 30.733,
      "p50": 21.71,
      "p75": 16.291,
      "p90": 12.311,
      "p95": 10.94,
      "p99": 8.155
    },
    "packet_loss": {
      "p1": 0.38547159018827104,
      "p5": 0.23185299740626636,
      "p10": 0.15290204337792032,
      "p25": 0.06035174304989411,
      "p50": 0.0035712854766623554,
      "p75": 0.0,
      "p90": 0.0,
      "p95": 0.0,
      "p99": 0.0
    }
  }
}