{
  "sample_counts": {
    "downloads": 7135,
    "uploads": 7093
  },
  "metrics": {
    "download_throughput_mbps": {
      "p1": 0.07177285675817438,
      "p5": 0.34651112112938487,
      "p10": 0.8080071677934821,
      "p25": 3.3235978430134856,
      "p50": 8.090541357774411,
      "p75": 24.96457147729161,
      "p90": 109.04395749258384,
      "p95": 172.9436431463493,
      "p99": 261.22924813266553
    },
    "upload_throughput_mbps": {
      "p1": 0.07798646385123804,
      "p5": 0.44396545570375784,
      "p10": 0.9522156599029187,
      "p25": 2.0118258440420944,
      "p50": 8.49062513531127,
      "p75": 23.48787573389007,
      "p90": 94.84807949095632,
      "p95": 137.50984826900913,
      "p99": 183.00090673376152
    },
    "latency_ms": {
      "p1": 404.318,
      "p5": 250.099,
      "p10": 207.955,
      "p25": 70.045,
      "p50": 27.93,
      "p75": 17.875,
      "p90": 13.158,
      "p95": 12.261,
      "p99": 9.134
    },
    "packet_loss": {
      "p1": 0.33971110066396615,
      "p5": 0.18631311095184183,
      "p10": 0.12225237549332413,
      "p25": 0.037361603323129836,
      "p50": 0.0038516796422121795,
      "p75": 0.00012676914591805956,
      "p90": 0.0,
      "p95": 0.0,
      "p99": 0.0
    }
  }
}