{
  "sample_counts": {
    "downloads": 3094856,
    "uploads": 2096373
  },
  "metrics": {
    "download_throughput_mbps": {
      "p1": 0.38371417761136795,
      "p5": 2.705158429352259,
      "p10": 7.651135343427517,
      "p25": 31.057531430482445,
      "p50": 97.64756986456871,
      "p75": 287.8600160067579,
      "p90": 518.7672624017861,
      "p95": 698.7862770249784,
      "p99": 938.1989155384983
    },
    "upload_throughput_mbps": {
      "p1": 0.06358851413414736,
      "p5": 0.10231192838165014,
      "p10": 0.8230019108394264,
      "p25": 8.0720331123371,
      "p50": 32.2228886223866,
      "p75": 113.82978472342083,
      "p90": 325.11350456006625,
      "p95": 518.6896809034148,
      "p99": 890.1907842730789
    },
    "latency_ms": {
      "p1": 182.666,
      "p5": 69.959,
      "p10": 50.934,
      "p25": 31.623,
      "p50": 18.275,
      "p75": 7.838,
      "p90": 3.361,
      "p95": 0.962,
      "p99": 0.161
    },
    "packet_loss": {
      "p1": 0.2386115232898341,
      "p5": 0.11882385593115166,
      "p10": 0.07940124639864415,
      "p25": 0.020841737149197195,
      "p50": 0.0005849484049652747,
      "p75": 0.0,
      "p90": 0.0,
      "p95": 0.0,
      "p99": 0.0
    }
  }
}