{
  "sample_counts": {
    "downloads": 3158954,
    "uploads": 2195805
  },
  "metrics": {
    "download_throughput_mbps": {
      "p1": 0.3446860412028363,
      "p5": 2.3690163589275017,
      "p10": 6.543798580925666,
      "p25": 26.102113001396347,
      "p50": 82.5187211662161,
      "p75": 237.05197355261714,
      "p90": 443.1614214079762,
      "p95": 588.3398283921423,
      "p99": 882.5266881711977
    },
    "upload_throughput_mbps": {
      "p1": 0.05633952100807986,
      "p5": 0.08817479035966985,
      "p10": 0.61572023655998,
      "p25": 6.347925734586503,
      "p50": 23.612915122066727,
      "p75": 80.26592182658871,
      "p90": 219.65356102678052,
      "p95": 405.16566644153517,
      "p99": 820.6839050288123
    },
    "latency_ms": {
      "p1": 215.866,
      "p5": 83.026,
      "p10": 55.448,
      "p25": 33.745,
      "p50": 17.319,
      "p75": 8.0,
      "p90": 4.076,
      "p95": 1.578,
      "p99": 0.179
    },
    "packet_loss": {
      "p1": 0.23577651131448907,
      "p5": 0.11648787733289427,
      "p10": 0.07597680326230175,
      "p25": 0.02012506559474081,
      "p50": 0.000479961318057796,
      "p75": 0.0,
      "p90": 0.0,
      "p95": 0.0,
      "p99": 0.0
    }
  }
}