{
  "sample_counts": {
    "downloads": 136352,
    "uploads": 101505
  },
  "metrics": {
    "download_throughput_mbps": {
      "p1": 0.13134593268233105,
      "p5": 0.5888776033340473,
      "p10": 1.4610909195461574,
      "p25": 6.447038815003432,
      "p50": 31.947311115280943,
      "p75": 144.32808011109248,
      "p90": 338.83133404234786,
      "p95": 513.0926321609965,
      "p99": 835.7424346055612
    },
    "upload_throughput_mbps": {
      "p1": 0.019161895074945395,
      "p5": 0.07520948244431418,
      "p10": 0.08913884552511893,
      "p25": 2.3522691389385013,
      "p50": 11.585244083764712,
      "p75": 67.17419304516608,
      "p90": 247.7324265881914,
      "p95": 432.42939012611424,
      "p99": 712.8846800971397
    },
    "latency_ms": {
      "p1": 368.568,
      "p5": 221.766,
      "p10": 106.988,
      "p25": 35.427,
      "p50": 19.267,
      "p75": 8.318,
      "p90": 4.49,
      "p95": 2.955,
      "p99": 0.794
    },
    "packet_loss": {
      "p1": 0.3008559767887026,
      "p5": 0.1444366112419829,
      "p10": 0.08704403836906778,
      "p25": 0.01786569665263416,
      "p50": 0.0006733268309199376,
      "p75": 0.0,
      "p90": 0.0,
      "p95": 0.0,
      "p99": 0.0
    }
  }
}