{
  "sample_counts": {
    "downloads": 205716,
    "uploads": 150575
  },
  "metrics": {
    "download_throughput_mbps": {
      "p1": 0.1757065348395866,
      "p5": 0.7721896886185008,
      "p10": 1.931818229541794,
      "p25": 8.433767322823927,
      "p50": 42.63754379575511,
      "p75": 191.50353978876166,
      "p90": 426.6463108974352,
      "p95": 602.3129298637546,
      "p99": 887.0145354183019
    },
    "upload_throughput_mbps": {
      "p1": 0.04244084046099389,
      "p5": 0.08333392496822921,
      "p10": 0.18717503778206054,
      "p25": 3.41149241219552,
      "p50": 17.10593879824937,
      "p75": 102.70171785851099,
      "p90": 330.19214400870715,
      "p95": 522.7572806135969,
      "p99": 837.767089395948
    },
    "latency_ms": {
      "p1": 271.652,
      "p5": 136.524,
      "p10": 103.384,
      "p25": 33.969,
      "p50": 17.781,
      "p75": 7.086,
      "p90": 3.506,
      "p95": 2.282,
      "p99": 0.911
    },
    "packet_loss": {
      "p1": 0.3057713002386188,
      "p5": 0.14687605023763034,
      "p10": 0.09023885088324257,
      "p25": 0.01928835310130274,
      "p50": 0.0006933505780136523,
      "p75": 0.0,
      "p90": 0.0,
      "p95": 0.0,
      "p99": 0.0
    }
  }
}