{
  "sample_counts": {
    "downloads": 28654,
    "uploads": 21137
  },
  "metrics": {
    "download_throughput_mbps": {
      "p1": 0.0765345104910515,
      "p5": 0.254395609306982,
      "p10": 0.5267688549624631,
      "p25": 2.5908520894051503,
      "p50": 14.138006523718268,
      "p75": 41.658726405637,
      "p90": 87.31265817070008,
      "p95": 151.9522785214149,
      "p99": 296.15368116290415
    },
    "upload_throughput_mbps": {
      "p1": 0.04949748615578184,
      "p5": 0.16953789554142573,
      "p10": 0.635998597224268,
      "p25": 3.768828984936812,
      "p50": 16.62267287855667,
      "p75": 37.231331195616676,
      "p90": 56.340782369811514,
      "p95": 82.63269361535323,
      "p99": 129.4528331207037
    },
    "latency_ms": {
      "p1": 475.512,
      "p5": 408.717,
      "p10": 370.022,
      "p25": 324.963,
      "p50": 258.67,
      "p75": 172.007,
      "p90": 52.727,
      "p95": 45.288,
      "p99": 29.686
    },
    "packet_loss": {
      "p1": 0.32539234887060975,
      "p5": 0.23410643730532418,
      "p10": 0.19155162931255518,
      "p25": 0.11882728921683551,
      "p50": 0.03895704788822101,
      "p75": 0.00012673267643396137,
      "p90": 0.0,
      "p95": 0.0,
      "p99": 0.0
    }
  }
}