{
  "sample_counts": {
    "downloads": 367847,
    "uploads": 292129
  },
  "metrics": {
    "download_throughput_mbps": {
      "p1": 0.12627859621876308,
      "p5": 0.5186912346166186,
      "p10": 1.33230165854381,
      "p25": 6.526558900134143,
      "p50": 28.152211899075105,
      "p75": 89.49488500843016,
      "p90": 162.72272355627442,
      "p95": 210.11871077797144,
      "p99": 472.12736517317046
    },
    "upload_throughput_mbps": {
      "p1": 0.04149897633445241,
      "p5": 0.0883001695372535,
      "p10": 0.19539701755984115,
      "p25": 2.784470277938162,
      "p50": 13.912492559256714,
      "p75": 42.02059690319456,
      "p90": 126.73925873007556,
      "p95": 183.09942774922737,
      "p99": 436.7160134546695
    },
    "latency_ms": {
      "p1": 308.56,
      "p5": 167.131,
      "p10": 151.858,
      "p25": 131.396,
      "p50": 111.467,
      "p75": 63.744,
      "p90": 21.143,
      "p95": 13.735,
      "p99": 1.662
    },
    "packet_loss": {
      "p1": 0.3340202252756226,
      "p5": 0.22430695746079113,
      "p10": 0.16814468373410923,
      "p25": 0.08811907772025865,
      "p50": 0.012325556044087598,
      "p75": 0.0,
      "p90": 0.0,
      "p95": 0.0,
      "p99": 0.0
    }
  }
}