{
  "sample_counts": {
    "downloads": 288942,
    "uploads": 233039
  },
  "metrics": {
    "download_throughput_mbps": {
      "p1": 0.12063292763793781,
      "p5": 0.5003388138249443,
      "p10": 1.2422551378944027,
      "p25": 5.6178967397178825,
      "p50": 22.71465705586936,
      "p75": 75.75866613391376,
      "p90": 155.63602999406453,
      "p95": 217.23373686010603,
      "p99": 522.3916343483214
    },
    "upload_throughput_mbps": {
      "p1": 0.04282877837771033,
      "p5": 0.07585500277699278,
      "p10": 0.23679021898661304,
      "p25": 2.7926375018624237,
      "p50": 12.241841024684685,
      "p75": 33.73206230045112,
      "p90": 103.31423959225658,
      "p95": 171.78646606977463,
      "p99": 452.3720835258692
    },
    "latency_ms": {
      "p1": 326.122,
      "p5": 165.058,
      "p10": 149.649,
      "p25": 128.497,
      "p50": 108.121,
      "p75": 49.104,
      "p90": 19.181,
      "p95": 10.253,
      "p99": 1.759
    },
    "packet_loss": {
      "p1": 0.3691798378856492,
      "p5": 0.24235310381616973,
      "p10": 0.18095870352034213,
      "p25": 0.09577347953004442,
      "p50": 0.014209126681691357,
      "p75": 1.8701678563964596e-05,
      "p90": 0.0,
      "p95": 0.0,
      "p99": 0.0
    }
  }
}