{
  "sample_counts": {
    "downloads": 14851,
    "uploads": 16841
  },
  "metrics": {
    "download_throughput_mbps": {
      "p1": 0.2311903212130163,
      "p5": 1.0570060988092542,
      "p10": 3.1150156577439168,
      "p25": 13.652157372613242,
      "p50": 40.74469915417492,
      "p75": 82.41851112796624,
      "p90": 138.55067792440659,
      "p95": 167.0116455311398,
      "p99": 206.72549635650913
    },
    "upload_throughput_mbps": {
      "p1": 0.08984178417289782,
      "p5": 0.44045862347497194,
      "p10": 1.1704428402163558,
      "p25": 2.482310772949032,
      "p50": 7.004196428491077,
      "p75": 30.989645456163473,
      "p90": 86.97699940240526,
      "p95": 147.38678696702556,
      "p99": 197.74055990670556
    },
    "latency_ms": {
      "p1": 478.006,
      "p5": 165.993,
      "p10": 147.116,
      "p25": 127.319,
      "p50": 112.448,
      "p75": 102.649,
      "p90": 95.768,
      "p95": 91.605,
      "p99": 36.0
    },
    "packet_loss": {
      "p1": 0.32074552877684276,
      "p5": 0.21260030453282205,
      "p10": 0.1558823017783587,
      "p25": 0.07429172716970904,
      "p50": 0.007873923859293142,
      "p75": 0.0,
      "p90": 0.0,
      "p95": 0.0,
      "p99": 0.0
    }
  }
}