{
  "sample_counts": {
    "downloads": 13862,
    "uploads": 12641
  },
  "metrics": {
    "download_throughput_mbps": {
      "p1": 0.2384066302052977,
      "p5": 1.6996884875837404,
      "p10": 5.2872255100019485,
      "p25": 19.640818411365817,
      "p50": 57.84806204293774,
      "p75": 110.54956541272605,
      "p90": 160.4938656579542,
      "p95": 185.99624544104267,
      "p99": 227.9591629914685
    },
    "upload_throughput_mbps": {
      "p1": 0.13001907074635907,
      "p5": 0.594118802842357,
      "p10": 2.0015047729140876,
      "p25": 6.378415534559214,
      "p50": 22.358762483301348,
      "p75": 74.94059868012178,
      "p90": 150.06266888665556,
      "p95": 178.96900753864196,
      "p99": 226.63795036790992
    },
    "latency_ms": {
      "p1": 256.552,
      "p5": 156.077,
      "p10": 145.112,
      "p25": 129.401,
      "p50": 114.951,
      "p75": 102.074,
      "p90": 94.177,
      "p95": 78.607,
      "p99": 47.488
    },
    "packet_loss": {
      "p1": 0.328019049086191,
      "p5": 0.19763151393948694,
      "p10": 0.1470232145251522,
      "p25": 0.06393918101058986,
      "p50": 0.0024789710431171773,
      "p75": 0.0,
      "p90": 0.0,
      "p95": 0.0,
      "p99": 0.0
    }
  }
}