{
  "sample_counts": {
    "downloads": 66752,
    "uploads": 42489
  },
  "metrics": {
    "download_throughput_mbps": {
      "p1": 0.16540333701824594,
      "p5": 0.8451439427562565,
      "p10": 2.3069195521212853,
      "p25": 9.500199686195085,
      "p50": 32.92130153467,
      "p75": 100.9789175164569,
      "p90": 241.86182885944834,
      "p95": 413.55007591922,
      "p99": 713.3328538234932
    },
    "upload_throughput_mbps": {
      "p1": 0.056142989200617735,
      "p5": 0.08957928191623396,
      "p10": 0.4033481015461876,
      "p25": 3.3610498573656833,
      "p50": 14.820141217428102,
      "p75": 51.12910313171339,
      "p90": 103.43522614614065,
      "p95": 137.56349361585873,
      "p99": 238.6611592330446
    },
    "latency_ms": {
      "p1": 258.852,
      "p5": 136.42,
      "p10": 119.999,
      "p25": 99.948,
      "p50": 80.62,
      "p75": 15.058,
      "p90": 11.473,
      "p95": 10.206,
      "p99": 8.812
    },
    "packet_loss": {
      "p1": 0.34294350151127645,
      "p5": 0.21127489074954753,
      "p10": 0.15359361535999402,
      "p25": 0.07610614070050725,
      "p50": 0.011834084010505456,
      "p75": 9.513406472419813e-05,
      "p90": 0.0,
      "p95": 0.0,
      "p99": 0.0
    }
  }
}