{
  "sample_counts": {
    "downloads": 58674,
    "uploads": 38709
  },
  "metrics": {
    "download_throughput_mbps": {
      "p1": 0.18278924443213126,
      "p5": 0.962674321763304,
      "p10": 2.4530479131338243,
      "p25": 9.54527431816674,
      "p50": 30.403958413167505,
      "p75": 92.72340634876701,
      "p90": 205.25890043895714,
      "p95": 292.41566809171434,
      "p99": 570.2251874475535
    },
    "upload_throughput_mbps": {
      "p1": 0.055571133314640024,
      "p5": 0.0817773532498784,
      "p10": 0.3777427884091372,
      "p25": 3.103664316689372,
      "p50": 11.880119719896319,
      "p75": 42.03801930344943,
      "p90": 88.10959182465308,
      "p95": 142.0334786791959,
      "p99": 246.54568588500993
    },
    "latency_ms": {
      "p1": 265.18,
      "p5": 134.891,
      "p10": 117.344,
      "p25": 97.062,
      "p50": 79.157,
      "p75": 17.125,
      "p90": 11.981,
      "p95": 10.755,
      "p99": 9.099
    },
    "packet_loss": {
      "p1": 0.3185163233754652,
      "p5": 0.21051867914758968,
      "p10": 0.15606585915451032,
      "p25": 0.0839033532801706,
      "p50": 0.010812922245936987,
      "p75": 0.0,
      "p90": 0.0,
      "p95": 0.0,
      "p99": 0.0
    }
  }
}