{
  "sample_counts": {
    "downloads": 244966,
    "uploads": 156764
  },
  "metrics": {
    "download_throughput_mbps": {
      "p1": 0.22055026219373175,
      "p5": 1.2659784972739614,
      "p10": 3.2423863660066132,
      "p25": 11.931602278404156,
      "p50": 37.87548069122433,
      "p75": 93.54833909612039,
      "p90": 256.88369575006345,
      "p95": 432.4875157735173,
      "p99": 808.8212958183994
    },
    "upload_throughput_mbps": {
      "p1": 0.06206113159852491,
      "p5": 0.08289370791325756,
      "p10": 0.5511046792899157,
      "p25": 5.097779536733046,
      "p50": 17.183689227810298,
      "p75": 44.64191137927372,
      "p90": 104.39448438477311,
      "p95": 233.05649167194898,
      "p99": 633.3562040573846
    },
    "latency_ms": {
      "p1": 215.901,
      "p5": 44.337,
      "p10": 34.559,
      "p25": 23.064,
      "p50": 14.505,
      "p75": 8.103,
      "p90": 4.787,
      "p95": 2.994,
      "p99": 0.256
    },
    "packet_loss": {
      "p1": 0.26370209565066116,
      "p5": 0.1517747340804001,
      "p10": 0.10829371071344515,
      "p25": 0.049335545389036915,
      "p50": 0.004990150403433032,
      "p75": 5.061639533794298e-06,
      "p90": 0.0,
      "p95": 0.0,
      "p99": 0.0
    }
  }
}