{
  "sample_counts": {
    "downloads": 269402,
    "uploads": 166633
  },
  "metrics": {
    "download_throughput_mbps": {
      "p1": 0.2465221815988843,
      "p5": 1.3752032211916376,
      "p10": 3.455248487966115,
      "p25": 12.571919857178832,
      "p50": 41.882477543247134,
      "p75": 106.1907140381428,
      "p90": 294.9572994446958,
      "p95": 475.6630230008815,
      "p99": 852.3052115963444
    },
    "upload_throughput_mbps": {
      "p1": 0.06317819546669208,
      "p5": 0.09586535221351497,
      "p10": 0.6887055553450177,
      "p25": 5.47285217848864,
      "p50": 18.797846326967978,
      "p75": 48.08355414509798,
      "p90": 132.25451178796945,
      "p95": 253.96984281475594,
      "p99": 684.561030147151
    },
    "latency_ms": {
      "p1": 209.492,
      "p5": 42.929,
      "p10": 31.261,
      "p25": 21.558,
      "p50": 14.243,
      "p75": 8.139,
      "p90": 4.399,
      "p95": 2.4,
      "p99": 0.228
    },
    "packet_loss": {
      "p1": 0.27045627519620524,
      "p5": 0.14902490478616479,
      "p10": 0.10500593072013009,
      "p25": 0.04469699964198372,
      "p50": 0.003921881280418747,
      "p75": 0.0,
      "p90": 0.0,
      "p95": 0.0,
      "p99": 0.0
    }
  }
}