{
  "sample_counts": {
    "downloads": 6583818,
    "uploads": 3844223
  },
  "metrics": {
    "download_throughput_mbps": {
      "p1": 0.2658644638235945,
      "p5": 1.5964665062547359,
      "p10": 4.290656199417195,
      "p25": 16.995381150338112,
      "p50": 51.37297836178271,
      "p75": 115.77589963969614,
      "p90": 270.64853953407993,
      "p95": 440.89829247166983,
      "p99": 813.8564803995946
    },
    "upload_throughput_mbps": {
      "p1": 0.05644700653268502,
      "p5": 0.08440942740202456,
      "p10": 0.3916052028590645,
      "p25": 4.938662477242403,
      "p50": 19.415439823914237,
      "p75": 39.48001197192697,
      "p90": 74.22117792374712,
      "p95": 136.95398379889252,
      "p99": 376.2300566589801
    },
    "latency_ms": {
      "p1": 170.9,
      "p5": 47.223,
      "p10": 36.0,
      "p25": 25.758,
      "p50": 17.351,
      "p75": 11.492,
      "p90": 6.585,
      "p95": 3.543,
      "p99": 0.544
    },
    "packet_loss": {
      "p1": 0.24808790855617538,
      "p5": 0.11691679017435032,
      "p10": 0.0722335891841787,
      "p25": 0.01668797877883588,
      "p50": 0.0002802917276301174,
      "p75": 0.0,
      "p90": 0.0,
      "p95": 0.0,
      "p99": 0.0
    }
  }
}