{
  "sample_counts": {
    "downloads": 7419055,
    "uploads": 4377008
  },
  "metrics": {
    "download_throughput_mbps": {
      "p1": 0.22376029415832188,
      "p5": 1.2651697677714564,
      "p10": 3.4227717401267035,
      "p25": 13.807257860172074,
      "p50": 45.26447184187283,
      "p75": 100.57626402094749,
      "p90": 248.73423715307166,
      "p95": 377.47535248787466,
      "p99": 743.2586329482734
    },
    "upload_throughput_mbps": {
      "p1": 0.04878033171649507,
      "p5": 0.07565357344817086,
      "p10": 0.196558309675333,
      "p25": 3.5721301526698093,
      "p50": 17.168405411624306,
      "p75": 36.61093437940371,
      "p90": 53.27358980748639,
      "p95": 101.70965553544886,
      "p99": 287.29170882089124
    },
    "latency_ms": {
      "p1": 309.367,
      "p5": 57.426,
      "p10": 38.492,
      "p25": 26.381,
      "p50": 17.716,
      "p75": 11.593,
      "p90": 6.793,
      "p95": 3.464,
      "p99": 0.453
    },
    "packet_loss": {
      "p1": 0.2533018204565298,
      "p5": 0.11512634037583608,
      "p10": 0.07070470553588985,
      "p25": 0.016614181222324168,
      "p50": 0.00034476733492527604,
      "p75": 0.0,
      "p90": 0.0,
      "p95": 0.0,
      "p99": 0.0
    }
  }
}