{
  "sample_counts": {
    "downloads": 91114,
    "uploads": 79927
  },
  "metrics": {
    "download_throughput_mbps": {
      "p1": 0.48969642080627873,
      "p5": 3.166742765099039,
      "p10": 8.673743404288773,
      "p25": 33.207133968643774,
      "p50": 94.72197089150274,
      "p75": 289.53720949744104,
      "p90": 549.0446418331886,
      "p95": 735.35096924734,
      "p99": 846.8636650358934
    },
    "upload_throughput_mbps": {
      "p1": 0.0736587686227069,
      "p5": 0.4373885305734713,
      "p10": 2.592059058467675,
      "p25": 16.878181383642012,
      "p50": 57.62968454768134,
      "p75": 139.38637371358195,
      "p90": 285.72338248517605,
      "p95": 416.9292916082099,
      "p99": 831.6049031604903
    },
    "latency_ms": {
      "p1": 187.81,
      "p5": 46.936,
      "p10": 34.089,
      "p25": 24.944,
      "p50": 17.312,
      "p75": 11.317,
      "p90": 7.44,
      "p95": 6.0,
      "p99": 5.0
    },
    "packet_loss": {
      "p1": 0.21372429951551336,
      "p5": 0.10139943852744275,
      "p10": 0.06333453681639675,
      "p25": 0.019081039827906352,
      "p50": 0.0013537127339637376,
      "p75": 0.0,
      "p90": 0.0,
      "p95": 0.0,
      "p99": 0.0
    }
  }
}