{
  "sample_counts": {
    "downloads": 259481,
    "uploads": 207390
  },
  "metrics": {
    "download_throughput_mbps": {
      "p1": 0.5726324694443121,
      "p5": 4.713562072574981,
      "p10": 12.767819065263746,
      "p25": 49.15279439142246,
      "p50": 145.80431327627699,
      "p75": 328.0697686627603,
      "p90": 542.9916477954177,
      "p95": 664.3535999153663,
      "p99": 829.5440598492994
    },
    "upload_throughput_mbps": {
      "p1": 0.07647058823529412,
      "p5": 0.8373794572662034,
      "p10": 3.693780413391122,
      "p25": 18.94512603047067,
      "p50": 64.83072205640359,
      "p75": 145.10976529507965,
      "p90": 301.91248010502386,
      "p95": 425.6428385218624,
      "p99": 725.3368378494945
    },
    "latency_ms": {
      "p1": 130.849,
      "p5": 40.47,
      "p10": 33.852,
      "p25": 26.0,
      "p50": 17.944,
      "p75": 12.835,
      "p90": 9.258,
      "p95": 7.811,
      "p99": 5.305
    },
    "packet_loss": {
      "p1": 0.20640943061804135,
      "p5": 0.09380301667534033,
      "p10": 0.06016014632398789,
      "p25": 0.01647090511499114,
      "p50": 0.0009934334491846983,
      "p75": 0.0,
      "p90": 0.0,
      "p95": 0.0,
      "p99": 0.0
    }
  }
}