{
  "sample_counts": {
    "downloads": 40865,
    "uploads": 32960
  },
  "metrics": {
    "download_throughput_mbps": {
      "p1": 0.14916157515128806,
      "p5": 0.6002599947025155,
      "p10": 1.6008572772567127,
      "p25": 6.773898507889387,
      "p50": 24.296367128832138,
      "p75": 69.87231217620977,
      "p90": 136.44771246568337,
      "p95": 204.43568344201458,
      "p99": 345.9991580264301
    },
    "upload_throughput_mbps": {
      "p1": 0.057378349088554347,
      "p5": 0.1735153963544663,
      "p10": 0.6860429154784113,
      "p25": 4.026382814810904,
      "p50": 13.969059907020332,
      "p75": 37.533969377679455,
      "p90": 67.25405491997758,
      "p95": 90.53917587359211,
      "p99": 148.84763278180725
    },
    "latency_ms": {
      "p1": 172.454,
      "p5": 85.0,
      "p10": 72.719,
      "p25": 52.196,
      "p50": 40.407,
      "p75": 30.437,
      "p90": 24.0,
      "p95": 20.551,
      "p99": 1.566
    },
    "packet_loss": {
      "p1": 0.3743993571912393,
      "p5": 0.231125129168962,
      "p10": 0.171285209741952,
      "p25": 0.10607609748073825,
      "p50": 0.03537117072793528,
      "p75": 0.00026448971011779873,
      "p90": 0.0,
      "p95": 0.0,
      "p99": 0.0
    }
  }
}