{
  "sample_counts": {
    "downloads": 82199,
    "uploads": 80084
  },
  "metrics": {
    "download_throughput_mbps": {
      "p1": 0.5059565324767575,
      "p5": 5.286510242160216,
      "p10": 13.47919452852383,
      "p25": 32.64791518484842,
      "p50": 43.291454891645515,
      "p75": 53.28026055755252,
      "p90": 69.80427851506737,
      "p95": 111.40594219882298,
      "p99": 171.81816440034487
    },
    "upload_throughput_mbps": {
      "p1": 0.3590420412604169,
      "p5": 4.148395250017649,
      "p10": 11.977456491448486,
      "p25": 16.179806767903287,
      "p50": 18.07065699550174,
      "p75": 19.330910730093795,
      "p90": 53.72805428850729,
      "p95": 106.26360758110769,
      "p99": 174.02213856236443
    },
    "latency_ms": {
      "p1": 197.419,
      "p5": 147.375,
      "p10": 132.09,
      "p25": 116.527,
      "p50": 106.89,
      "p75": 78.48,
      "p90": 75.868,
      "p95": 63.387,
      "p99": 38.927
    },
    "packet_loss": {
      "p1": 0.2151414263830598,
      "p5": 0.12689629823291285,
      "p10": 0.08653438545310377,
      "p25": 0.022073485707578614,
      "p50": 0.0,
      "p75": 0.0,
      "p90": 0.0,
      "p95": 0.0,
      "p99": 0.0
    }
  }
}