{
  "sample_counts": {
    "downloads": 6985,
    "uploads": 6782
  },
  "metrics": {
    "download_throughput_mbps": {
      "p1": 0.08896045089762106,
      "p5": 0.2685876220465257,
      "p10": 2.054337898757996,
      "p25": 9.628465315346846,
      "p50": 49.044763180006356,
      "p75": 111.82879014869084,
      "p90": 188.39461132584736,
      "p95": 220.2252648913445,
      "p99": 443.9143351933654
    },
    "upload_throughput_mbps": {
      "p1": 0.04705443331127186,
      "p5": 0.19374302080436534,
      "p10": 0.5271936320510869,
      "p25": 3.1500342984222724,
      "p50": 16.732914447288618,
      "p75": 57.46177865145361,
      "p90": 154.7072369611839,
      "p95": 177.5695127604826,
      "p99": 366.0361393819303
    },
    "latency_ms": {
      "p1": 328.627,
      "p5": 251.15,
      "p10": 221.334,
      "p25": 156.802,
      "p50": 21.008,
      "p75": 8.572,
      "p90": 6.302,
      "p95": 5.004,
      "p99": 3.754
    },
    "packet_loss": {
      "p1": 0.4240420509901736,
      "p5": 0.2680390754114566,
      "p10": 0.13955673234110666,
      "p25": 0.06224822050487585,
      "p50": 0.008002495374830273,
      "p75": 9.03535194543381e-05,
      "p90": 0.0,
      "p95": 0.0,
      "p99": 0.0
    }
  }
}