{
  "sample_counts": {
    "downloads": 11700,
    "uploads": 8916
  },
  "metrics": {
    "download_throughput_mbps": {
      "p1": 0.29403425904265185,
      "p5": 1.2801973964957052,
      "p10": 3.471347344863378,
      "p25": 14.516070780341257,
      "p50": 45.931187008258824,
      "p75": 115.65987422178618,
      "p90": 237.1038261780245,
      "p95": 356.94516626473285,
      "p99": 656.7567238501612
    },
    "upload_throughput_mbps": {
      "p1": 0.06973730314535445,
      "p5": 0.288310254381931,
      "p10": 1.1945101275932455,
      "p25": 5.424290925321969,
      "p50": 18.192667416236382,
      "p75": 51.51306273219174,
      "p90": 158.00908938636593,
      "p95": 266.50271548781535,
      "p99": 554.8430177176224
    },
    "latency_ms": {
      "p1": 357.482,
      "p5": 162.757,
      "p10": 84.157,
      "p25": 32.272,
      "p50": 18.47,
      "p75": 8.663,
      "p90": 5.964,
      "p95": 4.63,
      "p99": 3.697
    },
    "packet_loss": {
      "p1": 0.26504853720294763,
      "p5": 0.1509703706351192,
      "p10": 0.10867776147878772,
      "p25": 0.05676735168405245,
      "p50": 0.0027263865779873307,
      "p75": 0.0,
      "p90": 0.0,
      "p95": 0.0,
      "p99": 0.0
    }
  }
}