{
  "sample_counts": {
    "downloads": 101185,
    "uploads": 88293
  },
  "metrics": {
    "download_throughput_mbps": {
      "p1": 0.0626779936674914,
      "p5": 0.26161600809482266,
      "p10": 0.8020810663945578,
      "p25": 3.454067641681901,
      "p50": 9.780799407959712,
      "p75": 20.117328399377254,
      "p90": 27.218941791414817,
      "p95": 28.706955352254703,
      "p99": 78.67452912445066
    },
    "upload_throughput_mbps": {
      "p1": 0.017458090991789445,
      "p5": 0.08343106922380887,
      "p10": 0.2296005702146549,
      "p25": 0.6271175153393435,
      "p50": 1.5152508775354134,
      "p75": 2.5803041797644592,
      "p90": 5.193542965024177,
      "p95": 14.99809429261738,
      "p99": 44.64667182794116
    },
    "latency_ms": {
      "p1": 416.81,
      "p5": 162.562,
      "p10": 123.804,
      "p25": 105.719,
      "p50": 92.188,
      "p75": 81.181,
      "p90": 78.023,
      "p95": 76.654,
      "p99": 72.367
    },
    "packet_loss": {
      "p1": 0.36960056799963353,
      "p5": 0.20768124853849285,
      "p10": 0.15057076740069517,
      "p25": 0.07617927191288411,
      "p50": 0.02392962078382126,
      "p75": 0.00023553684537479586,
      "p90": 0.0,
      "p95": 0.0,
      "p99": 0.0
    }
  }
}