{
  "sample_counts": {
    "downloads": 2244997,
    "uploads": 1497274
  },
  "metrics": {
    "download_throughput_mbps": {
      "p1": 0.2708773366063433,
      "p5": 1.5404889957179173,
      "p10": 3.965296055636327,
      "p25": 17.440883315795627,
      "p50": 77.46418990460114,
      "p75": 274.7040071134357,
      "p90": 515.3267308186594,
      "p95": 647.9899755578726,
      "p99": 898.3480755616827
    },
    "upload_throughput_mbps": {
      "p1": 0.0631839260834377,
      "p5": 0.08988435968343282,
      "p10": 0.6427126730755269,
      "p25": 8.260595465077351,
      "p50": 47.62555093435967,
      "p75": 181.97879737386154,
      "p90": 412.4592994087323,
      "p95": 568.8335639815573,
      "p99": 894.5250547799561
    },
    "latency_ms": {
      "p1": 182.08,
      "p5": 57.067,
      "p10": 44.414,
      "p25": 29.636,
      "p50": 17.263,
      "p75": 9.563,
      "p90": 3.856,
      "p95": 2.19,
      "p99": 0.422
    },
    "packet_loss": {
      "p1": 0.24566638804872118,
      "p5": 0.12282478894365498,
      "p10": 0.08052533648701464,
      "p25": 0.021522428636157682,
      "p50": 0.0007022351201429688,
      "p75": 0.0,
      "p90": 0.0,
      "p95": 0.0,
      "p99": 0.0
    }
  }
}