{
  "sample_counts": {
    "downloads": 2459084,
    "uploads": 1672260
  },
  "metrics": {
    "download_throughput_mbps": {
      "p1": 0.25335499656450255,
      "p5": 1.412448250036444,
      "p10": 3.6111119317391003,
      "p25": 15.247585777373345,
      "p50": 66.3809270667021,
      "p75": 249.0134641268748,
      "p90": 482.72006876729256,
      "p95": 611.4661455578465,
      "p99": 878.8034286030031
    },
    "upload_throughput_mbps": {
      "p1": 0.0557911910277301,
      "p5": 0.08184633413960297,
      "p10": 0.4877824489621634,
      "p25": 7.029471008639873,
      "p50": 44.30084201444271,
      "p75": 158.9256340759419,
      "p90": 382.76565031380176,
      "p95": 530.2179186488642,
      "p99": 869.8593872764336
    },
    "latency_ms": {
      "p1": 164.243,
      "p5": 59.0,
      "p10": 44.966,
      "p25": 29.999,
      "p50": 17.127,
      "p75": 9.316,
      "p90": 3.917,
      "p95": 2.324,
      "p99": 0.467
    },
    "packet_loss": {
      "p1": 0.2644630475908027,
      "p5": 0.1303831404515616,
      "p10": 0.08457956966650138,
      "p25": 0.024031563985805023,
      "p50": 0.0008717678896354217,
      "p75": 0.0,
      "p90": 0.0,
      "p95": 0.0,
      "p99": 0.0
    }
  }
}