{
  "sample_counts": {
    "downloads": 82516,
    "uploads": 66207
  },
  "metrics": {
    "download_throughput_mbps": {
      "p1": 0.39414498585891083,
      "p5": 2.4414934079485078,
      "p10": 6.078650680710703,
      "p25": 19.737220651936507,
      "p50": 54.34723310658417,
      "p75": 156.14250157170116,
      "p90": 372.3674187123984,
      "p95": 550.9929802573142,
      "p99": 848.3602192241198
    },
    "upload_throughput_mbps": {
      "p1": 0.07003285064849805,
      "p5": 0.2266236217433194,
      "p10": 0.4210479581704679,
      "p25": 3.1054237937559317,
      "p50": 15.659622519019198,
      "p75": 57.833431928640195,
      "p90": 159.10450820635165,
      "p95": 357.9365237678629,
      "p99": 807.4183824131613
    },
    "latency_ms": {
      "p1": 234.116,
      "p5": 69.158,
      "p10": 34.376,
      "p25": 25.425,
      "p50": 18.15,
      "p75": 10.431,
      "p90": 5.889,
      "p95": 4.58,
      "p99": 2.474
    },
    "packet_loss": {
      "p1": 0.2145124043283188,
      "p5": 0.10188862889102705,
      "p10": 0.06755550365011743,
      "p25": 0.00996100818684195,
      "p50": 9.862788300754913e-06,
      "p75": 0.0,
      "p90": 0.0,
      "p95": 0.0,
      "p99": 0.0
    }
  }
}