{
  "sample_counts": {
    "downloads": 8297,
    "uploads": 8192
  },
  "metrics": {
    "download_throughput_mbps": {
      "p1": 0.048790923598011696,
      "p5": 0.369305662930034,
      "p10": 0.9072729287611236,
      "p25": 3.061374016529876,
      "p50": 8.52172213070878,
      "p75": 18.390631017938823,
      "p90": 32.705911276992886,
      "p95": 44.61914900427245,
      "p99": 81.28239530078451
    },
    "upload_throughput_mbps": {
      "p1": 0.025468668279389088,
      "p5": 0.15663514744230855,
      "p10": 0.3021214086840418,
      "p25": 0.7403701459735315,
      "p50": 2.140282334111924,
      "p75": 9.320879620656749,
      "p90": 20.826679420132162,
      "p95": 27.086743737868446,
      "p99": 36.008023185896754
    },
    "latency_ms": {
      "p1": 599.291,
      "p5": 248.359,
      "p10": 223.614,
      "p25": 218.977,
      "p50": 91.467,
      "p75": 81.358,
      "p90": 77.692,
      "p95": 74.114,
      "p99": 47.448
    },
    "packet_loss": {
      "p1": 0.14459685401247796,
      "p5": 0.052700857591956515,
      "p10": 0.025803540171042923,
      "p25": 0.006475428316021434,
      "p50": 0.0006083705178084825,
      "p75": 0.0,
      "p90": 0.0,
      "p95": 0.0,
      "p99": 0.0
    }
  }
}