{
  "sample_counts": {
    "downloads": 15902,
    "uploads": 17050
  },
  "metrics": {
    "download_throughput_mbps": {
      "p1": 0.05737864545180655,
      "p5": 0.35578329233315575,
      "p10": 1.0473275822711026,
      "p25": 4.502919312243842,
      "p50": 13.314072541936017,
      "p75": 29.47668389689145,
      "p90": 58.326102800081635,
      "p95": 90.90596140486625,
      "p99": 182.40761010148663
    },
    "upload_throughput_mbps": {
      "p1": 0.027954435392165845,
      "p5": 0.20770392235681387,
      "p10": 0.4245396925293985,
      "p25": 0.9261975269778687,
      "p50": 4.359937425977339,
      "p75": 10.734598410812037,
      "p90": 22.936215292562153,
      "p95": 29.628769175432048,
      "p99": 46.31680451486816
    },
    "latency_ms": {
      "p1": 743.703,
      "p5": 171.536,
      "p10": 111.415,
      "p25": 96.162,
      "p50": 89.237,
      "p75": 84.875,
      "p90": 76.819,
      "p95": 72.205,
      "p99": 62.759
    },
    "packet_loss": {
      "p1": 0.2773372443863284,
      "p5": 0.11271468435912559,
      "p10": 0.06250443050197026,
      "p25": 0.014640993999474734,
      "p50": 0.00033666720802121475,
      "p75": 0.0,
      "p90": 0.0,
      "p95": 0.0,
      "p99": 0.0
    }
  }
}