{
  "sample_counts": {
    "downloads": 2365228,
    "uploads": 1565446
  },
  "metrics": {
    "download_throughput_mbps": {
      "p1": 0.3541434970705198,
      "p5": 2.353172896494544,
      "p10": 6.610624577287552,
      "p25": 29.53695530361237,
      "p50": 101.41139527276789,
      "p75": 338.2037473641986,
      "p90": 631.448719117887,
      "p95": 812.7201571088377,
      "p99": 1314.8043936091826
    },
    "upload_throughput_mbps": {
      "p1": 0.06117601603554602,
      "p5": 0.09591416803939044,
      "p10": 0.4719595548263032,
      "p25": 6.406222693864685,
      "p50": 53.44063783361204,
      "p75": 214.58992906473773,
      "p90": 474.6658178816053,
      "p95": 649.9433543852239,
      "p99": 901.2350360697894
    },
    "latency_ms": {
      "p1": 200.75,
      "p5": 57.904,
      "p10": 42.963,
      "p25": 27.948,
      "p50": 16.263,
      "p75": 7.023,
      "p90": 2.901,
      "p95": 1.114,
      "p99": 0.438
    },
    "packet_loss": {
      "p1": 0.23984411277146295,
      "p5": 0.11477939109869637,
      "p10": 0.0673697260684166,
      "p25": 0.011080196626775085,
      "p50": 3.178270293136637e-05,
      "p75": 0.0,
      "p90": 0.0,
      "p95": 0.0,
      "p99": 0.0
    }
  }
}