{
  "sample_counts": {
    "downloads": 2840166,
    "uploads": 1906226
  },
  "metrics": {
    "download_throughput_mbps": {
      "p1": 0.29101821188845167,
      "p5": 1.7831498684096803,
      "p10": 4.743217420250019,
      "p25": 20.352697211318,
      "p50": 79.2585408624202,
      "p75": 272.0023985330121,
      "p90": 526.9622397132501,
      "p95": 732.4472271940324,
      "p99": 1158.72836012665
    },
    "upload_throughput_mbps": {
      "p1": 0.053647790773615985,
      "p5": 0.08220429258640435,
      "p10": 0.3250994670921849,
      "p25": 3.336731192119677,
      "p50": 34.19156611493967,
      "p75": 158.38885733621095,
      "p90": 374.28162872539923,
      "p95": 518.5183449075588,
      "p99": 762.2878227173451
    },
    "latency_ms": {
      "p1": 252.696,
      "p5": 61.645,
      "p10": 41.157,
      "p25": 28.547,
      "p50": 16.612,
      "p75": 6.752,
      "p90": 2.388,
      "p95": 1.164,
      "p99": 0.531
    },
    "packet_loss": {
      "p1": 0.24381571595469093,
      "p5": 0.12297804285310261,
      "p10": 0.07321984720124013,
      "p25": 0.013658110561168342,
      "p50": 7.656002728685812e-05,
      "p75": 0.0,
      "p90": 0.0,
      "p95": 0.0,
      "p99": 0.0
    }
  }
}