{
  "sample_counts": {
    "downloads": 7993971,
    "uploads": 5491831
  },
  "metrics": {
    "download_throughput_mbps": {
      "p1": 0.39036265742214543,
      "p5": 2.7425351601270784,
      "p10": 7.341603360470551,
      "p25": 21.728057998775526,
      "p50": 58.350342092996456,
      "p75": 150.18495964922985,
      "p90": 371.4113311543998,
      "p95": 516.5995303064448,
      "p99": 856.4427748909958
    },
    "upload_throughput_mbps": {
      "p1": 0.056398129288979415,
      "p5": 0.08277761066987514,
      "p10": 0.4210334334469256,
      "p25": 5.871492741357985,
      "p50": 17.292216709557454,
      "p75": 42.957449163826254,
      "p90": 100.94833461746725,
      "p95": 224.1586975795754,
      "p99": 578.4412576344175
    },
    "latency_ms": {
      "p1": 193.984,
      "p5": 45.268,
      "p10": 30.164,
      "p25": 18.475,
      "p50": 10.426,
      "p75": 6.101,
      "p90": 2.417,
      "p95": 1.155,
      "p99": 0.402
    },
    "packet_loss": {
      "p1": 0.20889419974980022,
      "p5": 0.09430200449788273,
      "p10": 0.05630111335657098,
      "p25": 0.011872236090432137,
      "p50": 0.00014706986010872212,
      "p75": 0.0,
      "p90": 0.0,
      "p95": 0.0,
      "p99": 0.0
    }
  }
}