{
  "sample_counts": {
    "downloads": 7177944,
    "uploads": 4630509
  },
  "metrics": {
    "download_throughput_mbps": {
      "p1": 0.4101483922320144,
      "p5": 2.986188199676727,
      "p10": 8.13568965460031,
      "p25": 27.98336256926055,
      "p50": 73.46608792178405,
      "p75": 219.48348103365808,
      "p90": 462.8820043553519,
      "p95": 631.6146408422475,
      "p99": 902.3250786553841
    },
    "upload_throughput_mbps": {
      "p1": 0.0627991480766731,
      "p5": 0.09000151393126753,
      "p10": 0.539105634955545,
      "p25": 6.565542217251691,
      "p50": 21.66266444093756,
      "p75": 68.04665675676081,
      "p90": 147.90025545320495,
      "p95": 331.2545165497326,
      "p99": 755.7701509516377
    },
    "latency_ms": {
      "p1": 198.999,
      "p5": 49.3,
      "p10": 30.192,
      "p25": 19.27,
      "p50": 10.443,
      "p75": 6.0,
      "p90": 2.607,
      "p95": 1.238,
      "p99": 0.475
    },
    "packet_loss": {
      "p1": 0.2166654160726345,
      "p5": 0.09442782917494863,
      "p10": 0.054934197982502195,
      "p25": 0.012343989654537894,
      "p50": 0.00016615330243408,
      "p75": 0.0,
      "p90": 0.0,
      "p95": 0.0,
      "p99": 0.0
    }
  }
}