{
  "sample_counts": {
    "downloads": 10200,
    "uploads": 8989
  },
  "metrics": {
    "download_throughput_mbps": {
      "p1": 0.14246279661798159,
      "p5": 0.7818436796407937,
      "p10": 2.154344998305413,
      "p25": 9.609215621457043,
      "p50": 28.61209533452017,
      "p75": 45.500612497141496,
      "p90": 66.81987239389198,
      "p95": 86.18271857568323,
      "p99": 275.54443224617455
    },
    "upload_throughput_mbps": {
      "p1": 0.06759956990309621,
      "p5": 0.41095653704311097,
      "p10": 1.2425250172718247,
      "p25": 5.790188924958969,
      "p50": 22.85263133052721,
      "p75": 39.50298457449026,
      "p90": 60.56798388640322,
      "p95": 77.59324314540693,
      "p99": 277.8659005149365
    },
    "latency_ms": {
      "p1": 261.748,
      "p5": 135.059,
      "p10": 122.81,
      "p25": 114.706,
      "p50": 110.594,
      "p75": 107.0,
      "p90": 96.802,
      "p95": 46.86,
      "p99": 0.985
    },
    "packet_loss": {
      "p1": 0.3217110393227136,
      "p5": 0.24582469492617467,
      "p10": 0.20191585648818197,
      "p25": 0.13149524197739487,
      "p50": 0.05849723674945867,
      "p75": 0.0027763105631209532,
      "p90": 0.0,
      "p95": 0.0,
      "p99": 0.0
    }
  }
}