{
  "sample_counts": {
    "downloads": 6631,
    "uploads": 5977
  },
  "metrics": {
    "download_throughput_mbps": {
      "p1": 0.2019464736345422,
      "p5": 0.8368600387324787,
      "p10": 1.519662569767656,
      "p25": 6.279699049630412,
      "p50": 22.204863262492253,
      "p75": 41.508199042521746,
      "p90": 67.18727108786555,
      "p95": 98.16960546766572,
      "p99": 184.70420373412165
    },
    "upload_throughput_mbps": {
      "p1": 0.07504375235561722,
      "p5": 0.29461393795841445,
      "p10": 0.6620909287173438,
      "p25": 2.6089637972458575,
      "p50": 10.648506855125541,
      "p75": 27.70306133070737,
      "p90": 42.63250609062725,
      "p95": 53.66851011040863,
      "p99": 79.2212308744903
    },
    "latency_ms": {
      "p1": 428.637,
      "p5": 210.383,
      "p10": 134.51,
      "p25": 119.0,
      "p50": 109.592,
      "p75": 101.732,
      "p90": 74.241,
      "p95": 47.935,
      "p99": 37.0
    },
    "packet_loss": {
      "p1": 0.285961611229467,
      "p5": 0.20913060070199674,
      "p10": 0.16996923854113105,
      "p25": 0.10617833674908708,
      "p50": 0.026816955908148865,
      "p75": 8.235178929733219e-05,
      "p90": 0.0,
      "p95": 0.0,
      "p99": 0.0
    }
  }
}