{
  "sample_counts": {
    "downloads": 91237,
    "uploads": 65493
  },
  "metrics": {
    "download_throughput_mbps": {
      "p1": 0.0863997491725854,
      "p5": 0.34681687164369723,
      "p10": 0.7376100906506792,
      "p25": 2.4056646035555618,
      "p50": 8.716982103740921,
      "p75": 29.273492083594927,
      "p90": 63.722226780534534,
      "p95": 87.63688054354199,
      "p99": 188.23122452122072
    },
    "upload_throughput_mbps": {
      "p1": 0.027047376705634795,
      "p5": 0.0753191978681812,
      "p10": 0.08347291984925756,
      "p25": 1.162168986229219,
      "p50": 5.78310453106685,
      "p75": 17.45165230526561,
      "p90": 37.111668018825085,
      "p95": 52.95554149806174,
      "p99": 86.31095903246461
    },
    "latency_ms": {
      "p1": 413.597,
      "p5": 227.639,
      "p10": 213.704,
      "p25": 160.937,
      "p50": 48.501,
      "p75": 31.976,
      "p90": 23.833,
      "p95": 18.701,
      "p99": 14.449
    },
    "packet_loss": {
      "p1": 0.367531654710895,
      "p5": 0.2560481165193928,
      "p10": 0.1928088869637119,
      "p25": 0.09069213215441423,
      "p50": 0.008173392687732614,
      "p75": 0.0,
      "p90": 0.0,
      "p95": 0.0,
      "p99": 0.0
    }
  }
}