{
  "sample_counts": {
    "downloads": 6815,
    "uploads": 5526
  },
  "metrics": {
    "download_throughput_mbps": {
      "p1": 0.1187050138608019,
      "p5": 0.7804141198509084,
      "p10": 1.971513422329048,
      "p25": 9.791780996495454,
      "p50": 49.10519706778953,
      "p75": 117.7639040218106,
      "p90": 204.9507226887664,
      "p95": 242.13947653578145,
      "p99": 343.8215146977481
    },
    "upload_throughput_mbps": {
      "p1": 0.055900818625126567,
      "p5": 0.09622149125153272,
      "p10": 0.24806747849451452,
      "p25": 1.621063875039535,
      "p50": 16.003590039560027,
      "p75": 75.52219987971512,
      "p90": 171.09169319332577,
      "p95": 227.6378371908308,
      "p99": 358.75949227342164
    },
    "latency_ms": {
      "p1": 382.9,
      "p5": 164.825,
      "p10": 153.018,
      "p25": 139.678,
      "p50": 105.712,
      "p75": 90.021,
      "p90": 58.996,
      "p95": 50.32,
      "p99": 47.16
    },
    "packet_loss": {
      "p1": 0.31848268271097196,
      "p5": 0.19342043863742417,
      "p10": 0.1375989523557282,
      "p25": 0.05286202457736943,
      "p50": 0.0008930462783358071,
      "p75": 0.0,
      "p90": 0.0,
      "p95": 0.0,
      "p99": 0.0
    }
  }
}