{
  "sample_counts": {
    "downloads": 45332,
    "uploads": 41633
  },
  "metrics": {
    "download_throughput_mbps": {
      "p1": 0.3007836841393753,
      "p5": 2.505245161165209,
      "p10": 5.670085010956607,
      "p25": 15.281577192114039,
      "p50": 45.48920601104911,
      "p75": 94.13700461269164,
      "p90": 201.3573680376989,
      "p95": 304.9213144195367,
      "p99": 768.2208487504392
    },
    "upload_throughput_mbps": {
      "p1": 0.08189838362032327,
      "p5": 0.4040300211780093,
      "p10": 0.7033217227967047,
      "p25": 3.187889469994317,
      "p50": 8.46309673286752,
      "p75": 17.084744650925504,
      "p90": 41.59666768428316,
      "p95": 80.59960257988078,
      "p99": 189.30261625552365
    },
    "latency_ms": {
      "p1": 172.818,
      "p5": 82.48,
      "p10": 71.286,
      "p25": 36.432,
      "p50": 12.957,
      "p75": 6.148,
      "p90": 2.524,
      "p95": 2.023,
      "p99": 1.519
    },
    "packet_loss": {
      "p1": 0.2156172793291907,
      "p5": 0.11260450206179744,
      "p10": 0.07964877378421494,
      "p25": 0.03033318393966478,
      "p50": 0.0023490218260864455,
      "p75": 4.2566297078643816e-07,
      "p90": 0.0,
      "p95": 0.0,
      "p99": 0.0
    }
  }
}