{
  "sample_counts": {
    "downloads": 33079,
    "uploads": 27691
  },
  "metrics": {
    "download_throughput_mbps": {
      "p1": 0.15456074243898416,
      "p5": 0.7340675980563993,
      "p10": 2.0422264842083626,
      "p25": 7.901110269608907,
      "p50": 25.846838655635565,
      "p75": 71.40320410546639,
      "p90": 129.336627469302,
      "p95": 166.2212814051005,
      "p99": 228.06746960195238
    },
    "upload_throughput_mbps": {
      "p1": 0.05334834653905442,
      "p5": 0.10730273501697504,
      "p10": 0.5823744582640852,
      "p25": 2.300847715661426,
      "p50": 7.758083045560515,
      "p75": 20.078159678267667,
      "p90": 35.90378239449218,
      "p95": 60.44544238310739,
      "p99": 174.9225796945209
    },
    "latency_ms": {
      "p1": 252.686,
      "p5": 148.058,
      "p10": 136.715,
      "p25": 119.845,
      "p50": 97.155,
      "p75": 84.944,
      "p90": 79.105,
      "p95": 76.796,
      "p99": 58.255
    },
    "packet_loss": {
      "p1": 0.34091488052547625,
      "p5": 0.23779991559487815,
      "p10": 0.18864448810958273,
      "p25": 0.11497302918380624,
      "p50": 0.022484198208166287,
      "p75": 1.9829676791412002e-05,
      "p90": 0.0,
      "p95": 0.0,
      "p99": 0.0
    }
  }
}