{
  "sample_counts": {
    "downloads": 13870,
    "uploads": 12106
  },
  "metrics": {
    "download_throughput_mbps": {
      "p1": 0.23506088699171523,
      "p5": 1.2696355151356697,
      "p10": 2.7832989837722946,
      "p25": 7.957140100021618,
      "p50": 22.166678166346976,
      "p75": 55.21849685180011,
      "p90": 97.7383018157583,
      "p95": 147.00135592979314,
      "p99": 210.2948303323937
    },
    "upload_throughput_mbps": {
      "p1": 0.08919070673475235,
      "p5": 0.6222023837021758,
      "p10": 1.1394583835985523,
      "p25": 3.8748510280079844,
      "p50": 9.04030427132126,
      "p75": 16.356493234633852,
      "p90": 23.18304608234935,
      "p95": 32.856913477200635,
      "p99": 79.78056478116295
    },
    "latency_ms": {
      "p1": 198.316,
      "p5": 143.145,
      "p10": 132.767,
      "p25": 120.171,
      "p50": 95.941,
      "p75": 85.249,
      "p90": 79.864,
      "p95": 76.888,
      "p99": 61.23
    },
    "packet_loss": {
      "p1": 0.32808720522818074,
      "p5": 0.24478395533738126,
      "p10": 0.2025705382535511,
      "p25": 0.13058574251608202,
      "p50": 0.03723077267797747,
      "p75": 7.019519308324484e-05,
      "p90": 0.0,
      "p95": 0.0,
      "p99": 0.0
    }
  }
}