{
  "sample_counts": {
    "downloads": 101931,
    "uploads": 79013
  },
  "metrics": {
    "download_throughput_mbps": {
      "p1": 0.17883141176902104,
      "p5": 0.8522652390285861,
      "p10": 2.3178960874725907,
      "p25": 8.368621229720867,
      "p50": 39.384945641081266,
      "p75": 135.74001641377185,
      "p90": 463.4459889624017,
      "p95": 711.1298669574395,
      "p99": 927.4824432492571
    },
    "upload_throughput_mbps": {
      "p1": 0.03818565542179493,
      "p5": 0.07681454187236646,
      "p10": 0.14966197368866646,
      "p25": 3.0836315811262995,
      "p50": 15.944047928179323,
      "p75": 79.76877796995525,
      "p90": 325.60940903720046,
      "p95": 499.5678285608572,
      "p99": 849.0626055620988
    },
    "latency_ms": {
      "p1": 517.437,
      "p5": 338.881,
      "p10": 313.0,
      "p25": 159.598,
      "p50": 8.791,
      "p75": 2.776,
      "p90": 1.046,
      "p95": 0.517,
      "p99": 0.161
    },
    "packet_loss": {
      "p1": 0.3612852468967555,
      "p5": 0.1962110849598899,
      "p10": 0.11294265292571122,
      "p25": 0.01751476847049593,
      "p50": 0.000416926837612497,
      "p75": 0.0,
      "p90": 0.0,
      "p95": 0.0,
      "p99": 0.0
    }
  }
}