{
  "sample_counts": {
    "downloads": 164431,
    "uploads": 114448
  },
  "metrics": {
    "download_throughput_mbps": {
      "p1": 0.21571614671347372,
      "p5": 0.8999757260923789,
      "p10": 2.129336354570126,
      "p25": 7.819941037161888,
      "p50": 40.830343410469965,
      "p75": 140.86416200192608,
      "p90": 479.3065676722215,
      "p95": 755.3993826437262,
      "p99": 1079.5034678013458
    },
    "upload_throughput_mbps": {
      "p1": 0.04557580987012067,
      "p5": 0.08942853911553623,
      "p10": 0.17157952828168987,
      "p25": 3.180536418467003,
      "p50": 20.58953738590639,
      "p75": 81.16735068964776,
      "p90": 385.7648584367965,
      "p95": 560.2179921307953,
      "p99": 918.4816326465309
    },
    "latency_ms": {
      "p1": 429.203,
      "p5": 327.273,
      "p10": 305.685,
      "p25": 153.242,
      "p50": 10.021,
      "p75": 2.692,
      "p90": 1.0,
      "p95": 0.356,
      "p99": 0.113
    },
    "packet_loss": {
      "p1": 0.3465810320210822,
      "p5": 0.1722674925070414,
      "p10": 0.09223192292263357,
      "p25": 0.011614509035515828,
      "p50": 0.00021224875370315968,
      "p75": 0.0,
      "p90": 0.0,
      "p95": 0.0,
      "p99": 0.0
    }
  }
}