{
  "sample_counts": {
    "downloads": 9000,
    "uploads": 8516
  },
  "metrics": {
    "download_throughput_mbps": {
      "p1": 0.22277162146687204,
      "p5": 1.1754467594739566,
      "p10": 2.8738970703411093,
      "p25": 9.487577200947605,
      "p50": 25.462459995610203,
      "p75": 60.3414403269424,
      "p90": 109.28744639686539,
      "p95": 143.99317736491417,
      "p99": 208.0233978576329
    },
    "upload_throughput_mbps": {
      "p1": 0.08210204038165574,
      "p5": 0.464207598309638,
      "p10": 1.0203957145819929,
      "p25": 3.75975775995754,
      "p50": 10.515485863298656,
      "p75": 24.579077172099844,
      "p90": 49.92058668735464,
      "p95": 87.11103360083712,
      "p99": 169.93827449974208
    },
    "latency_ms": {
      "p1": 249.821,
      "p5": 143.771,
      "p10": 131.627,
      "p25": 109.168,
      "p50": 93.831,
      "p75": 78.733,
      "p90": 71.761,
      "p95": 29.411,
      "p99": 24.882
    },
    "packet_loss": {
      "p1": 0.33134095015473664,
      "p5": 0.23200594063292818,
      "p10": 0.18679551498222796,
      "p25": 0.11190145088843097,
      "p50": 0.028135183996973203,
      "p75": 0.00028126648871920477,
      "p90": 0.0,
      "p95": 0.0,
      "p99": 0.0
    }
  }
}