{
  "sample_counts": {
    "downloads": 10298,
    "uploads": 8960
  },
  "metrics": {
    "download_throughput_mbps": {
      "p1": 0.17230955328343484,
      "p5": 0.8186143872954068,
      "p10": 2.066175519073989,
      "p25": 7.112387774591179,
      "p50": 20.225642074386847,
      "p75": 44.75505418855171,
      "p90": 88.92388268568409,
      "p95": 143.12636161024307,
      "p99": 195.8231934352131
    },
    "upload_throughput_mbps": {
      "p1": 0.06964931966306818,
      "p5": 0.3640099675338213,
      "p10": 1.0855620930418137,
      "p25": 3.964289257018153,
      "p50": 8.619039295720848,
      "p75": 18.53217125444644,
      "p90": 37.3107584,
      "p95": 50.74290770230604,
      "p99": 154.42967921039914
    },
    "latency_ms": {
      "p1": 268.661,
      "p5": 155.779,
      "p10": 140.035,
      "p25": 115.517,
      "p50": 90.228,
      "p75": 76.909,
      "p90": 59.475,
      "p95": 29.0,
      "p99": 26.0
    },
    "packet_loss": {
      "p1": 0.3145277060005742,
      "p5": 0.22669795542150065,
      "p10": 0.17907933123006486,
      "p25": 0.10973272446849874,
      "p50": 0.02201411764790354,
      "p75": 5.692134951823391e-05,
      "p90": 0.0,
      "p95": 0.0,
      "p99": 0.0
    }
  }
}