{
  "sample_counts": {
    "downloads": 51078,
    "uploads": 36623
  },
  "metrics": {
    "download_throughput_mbps": {
      "p1": 0.24612022307468284,
      "p5": 1.2315330506958047,
      "p10": 3.091612356607228,
      "p25": 10.826293913488344,
      "p50": 35.48174516176619,
      "p75": 101.4823167368547,
      "p90": 257.05628110931275,
      "p95": 323.11118782347535,
      "p99": 683.8878258254031
    },
    "upload_throughput_mbps": {
      "p1": 0.031147868178529273,
      "p5": 0.08307770460131718,
      "p10": 0.34945577642912745,
      "p25": 2.4319024102840707,
      "p50": 11.564345307413658,
      "p75": 36.94142945857054,
      "p90": 130.40266390481574,
      "p95": 204.57331016935882,
      "p99": 460.4837633039148
    },
    "latency_ms": {
      "p1": 204.465,
      "p5": 58.232,
      "p10": 45.745,
      "p25": 35.344,
      "p50": 26.487,
      "p75": 19.897,
      "p90": 16.557,
      "p95": 13.2,
      "p99": 9.172
    },
    "packet_loss": {
      "p1": 0.2434702565872742,
      "p5": 0.13227059407711347,
      "p10": 0.08648280874392165,
      "p25": 0.023944786666287795,
      "p50": 0.000699422400524649,
      "p75": 0.0,
      "p90": 0.0,
      "p95": 0.0,
      "p99": 0.0
    }
  }
}