{
  "sample_counts": {
    "downloads": 34189,
    "uploads": 33527
  },
  "metrics": {
    "download_throughput_mbps": {
      "p1": 1.8933045468019922,
      "p5": 10.502637170640178,
      "p10": 17.593414288869702,
      "p25": 24.027528560011095,
      "p50": 46.27874069521273,
      "p75": 47.581166997569824,
      "p90": 50.58351865479369,
      "p95": 94.78756960408123,
      "p99": 304.1879475552206
    },
    "upload_throughput_mbps": {
      "p1": 0.2973504999840516,
      "p5": 3.0154605516440025,
      "p10": 11.94856358303759,
      "p25": 18.490705631998527,
      "p50": 19.54180383146789,
      "p75": 20.0036731981634,
      "p90": 20.589435448378993,
      "p95": 47.282145887141645,
      "p99": 130.8257099696284
    },
    "latency_ms": {
      "p1": 65.075,
      "p5": 33.557,
      "p10": 26.0,
      "p25": 11.286,
      "p50": 11.0,
      "p75": 10.645,
      "p90": 10.0,
      "p95": 10.0,
      "p99": 4.793
    },
    "packet_loss": {
      "p1": 0.16337795775328226,
      "p5": 0.12929710289760052,
      "p10": 0.12153764897677137,
      "p25": 0.10575181103762295,
      "p50": 0.06158030200217805,
      "p75": 0.038713961263253306,
      "p90": 0.0044378628666324116,
      "p95": 2.8994747305170515e-05,
      "p99": 0.0
    }
  }
}