{
  "sample_counts": {
    "downloads": 70072,
    "uploads": 53657
  },
  "metrics": {
    "download_throughput_mbps": {
      "p1": 0.20568935922777545,
      "p5": 1.2112981895899202,
      "p10": 3.512846558844351,
      "p25": 15.234610504978683,
      "p50": 62.42526330395771,
      "p75": 218.9274490137078,
      "p90": 462.1669350768304,
      "p95": 600.2979445856301,
      "p99": 801.5285025615426
    },
    "upload_throughput_mbps": {
      "p1": 0.06997024608601786,
      "p5": 0.14874279197230839,
      "p10": 1.1956976999044893,
      "p25": 7.053505329893402,
      "p50": 21.942809075694083,
      "p75": 64.5929402343602,
      "p90": 169.85988931077765,
      "p95": 353.0554194616963,
      "p99": 696.4165310836316
    },
    "latency_ms": {
      "p1": 246.823,
      "p5": 60.764,
      "p10": 46.775,
      "p25": 34.449,
      "p50": 26.679,
      "p75": 18.711,
      "p90": 15.082,
      "p95": 13.829,
      "p99": 12.0
    },
    "packet_loss": {
      "p1": 0.24162313300314475,
      "p5": 0.1209678939969519,
      "p10": 0.0787399951436072,
      "p25": 0.027186049672796475,
      "p50": 0.002522075428225876,
      "p75": 0.0,
      "p90": 0.0,
      "p95": 0.0,
      "p99": 0.0
    }
  }
}