{
  "sample_counts": {
    "downloads": 6294859,
    "uploads": 4456119
  },
  "metrics": {
    "download_throughput_mbps": {
      "p1": 0.13783957945350217,
      "p5": 0.5088464148594068,
      "p10": 1.125882869350131,
      "p25": 3.8087939341539583,
      "p50": 11.195364202649335,
      "p75": 28.440241998655562,
      "p90": 54.23415285071088,
      "p95": 83.58339986272813,
      "p99": 188.8425797409155
    },
    "upload_throughput_mbps": {
      "p1": 0.028037121507259267,
      "p5": 0.07500936227062437,
      "p10": 0.07642959235704076,
      "p25": 1.0821907109926037,
      "p50": 6.41961525573671,
      "p75": 16.43002809637907,
      "p90": 34.36395887279178,
      "p95": 50.99279610360195,
      "p99": 113.83095749062691
    },
    "latency_ms": {
      "p1": 228.326,
      "p5": 79.106,
      "p10": 51.706,
      "p25": 31.97,
      "p50": 19.347,
      "p75": 11.94,
      "p90": 4.881,
      "p95": 3.047,
      "p99": 1.335
    },
    "packet_loss": {
      "p1": 0.3780583287220634,
      "p5": 0.24604763147970876,
      "p10": 0.1816049988980343,
      "p25": 0.09707582577057693,
      "p50": 0.017870225768666398,
      "p75": 0.00012428280714874706,
      "p90": 0.0,
      "p95": 0.0,
      "p99": 0.0
    }
  }
}