{
  "sample_counts": {
    "downloads": 5039801,
    "uploads": 3530761
  },
  "metrics": {
    "download_throughput_mbps": {
      "p1": 0.15452397269761597,
      "p5": 0.6033296665335296,
      "p10": 1.3862363571786314,
      "p25": 4.811827542024603,
      "p50": 14.754064260694172,
      "p75": 37.433608464550105,
      "p90": 77.27734323633824,
      "p95": 102.59912662063606,
      "p99": 251.51287923935558
    },
    "upload_throughput_mbps": {
      "p1": 0.0347943617262021,
      "p5": 0.08179470764361924,
      "p10": 0.0896884591838551,
      "p25": 1.6538347348837303,
      "p50": 9.153242168363498,
      "p75": 24.60996269332457,
      "p90": 47.35370551794972,
      "p95": 76.57974464864739,
      "p99": 180.99037505940782
    },
    "latency_ms": {
      "p1": 199.764,
      "p5": 64.662,
      "p10": 42.06,
      "p25": 27.663,
      "p50": 15.813,
      "p75": 8.185,
      "p90": 4.813,
      "p95": 3.494,
      "p99": 1.536
    },
    "packet_loss": {
      "p1": 0.37710794634524725,
      "p5": 0.23916521652040013,
      "p10": 0.17243242848696744,
      "p25": 0.09205497641324886,
      "p50": 0.016544067334522544,
      "p75": 9.27610213484918e-05,
      "p90": 0.0,
      "p95": 0.0,
      "p99": 0.0
    }
  }
}