{
  "sample_counts": {
    "downloads": 635309,
    "uploads": 420198
  },
  "metrics": {
    "download_throughput_mbps": {
      "p1": 0.26758655172761836,
      "p5": 1.4153325887806494,
      "p10": 3.697251339524509,
      "p25": 16.717416211487468,
      "p50": 62.74452504724676,
      "p75": 201.45112849547704,
      "p90": 438.1509663870336,
      "p95": 537.1207942816369,
      "p99": 882.901315540713
    },
    "upload_throughput_mbps": {
      "p1": 0.05038871315864841,
      "p5": 0.08311067236678742,
      "p10": 0.17861553640547273,
      "p25": 5.204605079539492,
      "p50": 23.285215876580814,
      "p75": 50.68012200441307,
      "p90": 98.6851528180358,
      "p95": 107.28741207024062,
      "p99": 286.8964809658357
    },
    "latency_ms": {
      "p1": 209.084,
      "p5": 43.707,
      "p10": 30.422,
      "p25": 19.907,
      "p50": 10.082,
      "p75": 6.119,
      "p90": 3.583,
      "p95": 1.275,
      "p99": 0.324
    },
    "packet_loss": {
      "p1": 0.19760201034282568,
      "p5": 0.0896961767024846,
      "p10": 0.04745545562806594,
      "p25": 0.008226798525740986,
      "p50": 0.00037395019576012513,
      "p75": 0.0,
      "p90": 0.0,
      "p95": 0.0,
      "p99": 0.0
    }
  }
}