{
  "sample_counts": {
    "downloads": 660361,
    "uploads": 445521
  },
  "metrics": {
    "download_throughput_mbps": {
      "p1": 0.25818996142186984,
      "p5": 1.3546413435683655,
      "p10": 3.3542532001536367,
      "p25": 13.70801349629533,
      "p50": 49.399622369289716,
      "p75": 158.2547775324364,
      "p90": 390.4689666489205,
      "p95": 487.88489395095684,
      "p99": 793.1594187012358
    },
    "upload_throughput_mbps": {
      "p1": 0.04865977814465896,
      "p5": 0.07554416389274878,
      "p10": 0.11856480934821768,
      "p25": 3.7923075415404517,
      "p50": 18.73626499230154,
      "p75": 49.35689439710581,
      "p90": 88.82209967116013,
      "p95": 100.62737794673399,
      "p99": 194.80533567786574
    },
    "latency_ms": {
      "p1": 205.459,
      "p5": 45.109,
      "p10": 30.419,
      "p25": 19.477,
      "p50": 9.927,
      "p75": 5.995,
      "p90": 3.258,
      "p95": 1.027,
      "p99": 0.333
    },
    "packet_loss": {
      "p1": 0.18576533302388112,
      "p5": 0.08532398319561911,
      "p10": 0.04673149941044752,
      "p25": 0.00828308430773667,
      "p50": 0.00044349519049680466,
      "p75": 0.0,
      "p90": 0.0,
      "p95": 0.0,
      "p99": 0.0
    }
  }
}