{
  "sample_counts": {
    "downloads": 40320444,
    "uploads": 25755380
  },
  "metrics": {
    "download_throughput_mbps": {
      "p1": 0.1589380757187069,
      "p5": 0.676347096625634,
      "p10": 1.7639773026130312,
      "p25": 7.709160658592201,
      "p50": 27.978568732949334,
      "p75": 81.56277651422191,
      "p90": 191.41000329378065,
      "p95": 261.2652644214154,
      "p99": 407.5521152584637
    },
    "upload_throughput_mbps": {
      "p1": 0.02355966545275057,
      "p5": 0.06975917015042203,
      "p10": 0.07564637931586189,
      "p25": 0.6001235199011841,
      "p50": 8.789482857844282,
      "p75": 31.34203021307059,
      "p90": 71.11012151190279,
      "p95": 99.01294852060835,
      "p99": 215.3356072701179
    },
    "latency_ms": {
      "p1": 295.43,
      "p5": 130.857,
      "p10": 87.848,
      "p25": 62.955,
      "p50": 37.784,
      "p75": 18.487,
      "p90": 8.171,
      "p95": 4.694,
      "p99": 1.568
    },
    "packet_loss": {
      "p1": 0.34058685367454533,
      "p5": 0.2031415065195835,
      "p10": 0.14861419392375275,
      "p25": 0.07392284372378555,
      "p50": 0.005421340328059498,
      "p75": 0.0,
      "p90": 0.0,
      "p95": 0.0,
      "p99": 0.0
    }
  }
}