{
  "sample_counts": {
    "downloads": 22509046,
    "uploads": 14098501
  },
  "metrics": {
    "download_throughput_mbps": {
      "p1": 0.16633562198568275,
      "p5": 0.7428032546959791,
      "p10": 1.8788502467605905,
      "p25": 8.485188095973838,
      "p50": 29.897307731342075,
      "p75": 88.6753130182471,
      "p90": 196.6290694103578,
      "p95": 266.53361182848977,
      "p99": 424.41513342197175
    },
    "upload_throughput_mbps": {
      "p1": 0.025734387132806433,
      "p5": 0.07633905495579558,
      "p10": 0.08310262659187652,
      "p25": 0.6327814590396001,
      "p50": 9.010354068669802,
      "p75": 32.50567532162756,
      "p90": 80.35701583605724,
      "p95": 110.12396140422139,
      "p99": 242.09702971485024
    },
    "latency_ms": {
      "p1": 286.022,
      "p5": 97.142,
      "p10": 69.812,
      "p25": 44.272,
      "p50": 25.446,
      "p75": 12.476,
      "p90": 5.186,
      "p95": 3.392,
      "p99": 1.188
    },
    "packet_loss": {
      "p1": 0.32564935236654624,
      "p5": 0.18679105439546276,
      "p10": 0.13607838780855583,
      "p25": 0.06693107972685622,
      "p50": 0.0039013751741685345,
      "p75": 0.0,
      "p90": 0.0,
      "p95": 0.0,
      "p99": 0.0
    }
  }
}