{
  "sample_counts": {
    "downloads": 38880,
    "uploads": 31078
  },
  "metrics": {
    "download_throughput_mbps": {
      "p1": 0.1029240295535119,
      "p5": 0.3354216276306206,
      "p10": 0.7010781313070331,
      "p25": 2.084703764024236,
      "p50": 8.517704982186459,
      "p75": 27.537747625187013,
      "p90": 43.70377084162465,
      "p95": 53.046320398399715,
      "p99": 91.07100084037681
    },
    "upload_throughput_mbps": {
      "p1": 0.0637597320973334,
      "p5": 0.29537290357083323,
      "p10": 0.7354469864863946,
      "p25": 2.8470598941106884,
      "p50": 10.944722996001238,
      "p75": 25.419279347076465,
      "p90": 44.07451248231276,
      "p95": 50.950598813622726,
      "p99": 86.41445561646881
    },
    "latency_ms": {
      "p1": 300.0,
      "p5": 187.919,
      "p10": 180.395,
      "p25": 158.183,
      "p50": 130.623,
      "p75": 116.375,
      "p90": 106.317,
      "p95": 67.0,
      "p99": 53.334
    },
    "packet_loss": {
      "p1": 0.4122951011614837,
      "p5": 0.333331020622443,
      "p10": 0.28503978254454454,
      "p25": 0.18721304061034585,
      "p50": 0.10062682200056298,
      "p75": 0.02489605810813052,
      "p90": 3.0415465018917852e-05,
      "p95": 0.0,
      "p99": 0.0
    }
  }
}