{
  "sample_counts": {
    "downloads": 42867,
    "uploads": 32287
  },
  "metrics": {
    "download_throughput_mbps": {
      "p1": 0.07000093310965945,
      "p5": 0.2488962727816461,
      "p10": 0.5322514655281104,
      "p25": 1.699531765115874,
      "p50": 6.00039600709804,
      "p75": 22.720464587608,
      "p90": 38.15552619672791,
      "p95": 52.92801251236542,
      "p99": 92.27124225323467
    },
    "upload_throughput_mbps": {
      "p1": 0.033602074059881616,
      "p5": 0.24524026305513347,
      "p10": 0.6250021999120036,
      "p25": 2.337801220376461,
      "p50": 8.092793023323951,
      "p75": 19.76259749695539,
      "p90": 31.547140906637356,
      "p95": 44.01353348361204,
      "p99": 84.6357564826211
    },
    "latency_ms": {
      "p1": 321.767,
      "p5": 195.258,
      "p10": 154.848,
      "p25": 131.814,
      "p50": 122.0,
      "p75": 113.234,
      "p90": 107.472,
      "p95": 102.805,
      "p99": 53.0
    },
    "packet_loss": {
      "p1": 0.4243763426717524,
      "p5": 0.3472648011746084,
      "p10": 0.2999681655748804,
      "p25": 0.2084928064416391,
      "p50": 0.10211430344233627,
      "p75": 0.02028931978487879,
      "p90": 8.568852977018116e-06,
      "p95": 0.0,
      "p99": 0.0
    }
  }
}