{
  "sample_counts": {
    "downloads": 14522,
    "uploads": 13176
  },
  "metrics": {
    "download_throughput_mbps": {
      "p1": 0.2100278329676488,
      "p5": 1.3507273957144046,
      "p10": 3.110269092525029,
      "p25": 11.112747710859662,
      "p50": 34.25512334446811,
      "p75": 79.72309243234331,
      "p90": 163.81766678279567,
      "p95": 196.3397295777183,
      "p99": 234.81725559401653
    },
    "upload_throughput_mbps": {
      "p1": 0.11171383025946567,
      "p5": 0.6797236354706342,
      "p10": 1.7331619915640977,
      "p25": 6.7665113345327805,
      "p50": 23.476350252798056,
      "p75": 44.83115413977663,
      "p90": 121.99821885379062,
      "p95": 179.87858095253142,
      "p99": 225.5285539331738
    },
    "latency_ms": {
      "p1": 241.942,
      "p5": 127.936,
      "p10": 119.268,
      "p25": 110.0,
      "p50": 100.967,
      "p75": 92.256,
      "p90": 88.923,
      "p95": 88.0,
      "p99": 50.878
    },
    "packet_loss": {
      "p1": 0.22944779611391672,
      "p5": 0.12310219574033394,
      "p10": 0.08161524729382137,
      "p25": 0.04403872943556343,
      "p50": 0.000507775878600091,
      "p75": 0.0,
      "p90": 0.0,
      "p95": 0.0,
      "p99": 0.0
    }
  }
}