{
  "sample_counts": {
    "downloads": 13755,
    "uploads": 9671
  },
  "metrics": {
    "download_throughput_mbps": {
      "p1": 0.20820136124767666,
      "p5": 0.7254162063758578,
      "p10": 1.5728871057476153,
      "p25": 6.050246607012654,
      "p50": 17.820886505956388,
      "p75": 41.955641994852414,
      "p90": 68.29532110408734,
      "p95": 90.11916922357644,
      "p99": 139.73083595425712
    },
    "upload_throughput_mbps": {
      "p1": 0.060321510879247996,
      "p5": 0.24626741499689617,
      "p10": 0.6657550723185516,
      "p25": 3.12551690926755,
      "p50": 11.409575554254667,
      "p75": 24.787874703294168,
      "p90": 46.31139668378763,
      "p95": 57.97424450649037,
      "p99": 92.86851762838701
    },
    "latency_ms": {
      "p1": 296.056,
      "p5": 227.021,
      "p10": 118.514,
      "p25": 69.318,
      "p50": 54.529,
      "p75": 42.599,
      "p90": 35.676,
      "p95": 32.043,
      "p99": 18.96
    },
    "packet_loss": {
      "p1": 0.39041009173255986,
      "p5": 0.28123329741715947,
      "p10": 0.20145366292551353,
      "p25": 0.11018979172425021,
      "p50": 0.011964290789988652,
      "p75": 0.0,
      "p90": 0.0,
      "p95": 0.0,
      "p99": 0.0
    }
  }
}