{
  "sample_counts": {
    "downloads": 8138,
    "uploads": 6094
  },
  "metrics": {
    "download_throughput_mbps": {
      "p1": 0.13447828062701264,
      "p5": 0.5862092074849462,
      "p10": 1.330084187183832,
      "p25": 4.785599920022941,
      "p50": 15.10610424408442,
      "p75": 36.57918058781598,
      "p90": 59.09492526793567,
      "p95": 81.8165703507621,
      "p99": 153.77286959940747
    },
    "upload_throughput_mbps": {
      "p1": 0.03369817154261968,
      "p5": 0.13590199216515028,
      "p10": 0.6073787417440389,
      "p25": 3.064334878817218,
      "p50": 11.502376385124686,
      "p75": 29.35947453073244,
      "p90": 51.153261695679994,
      "p95": 69.4484459031082,
      "p99": 131.31773789161937
    },
    "latency_ms": {
      "p1": 263.777,
      "p5": 210.429,
      "p10": 195.731,
      "p25": 87.0,
      "p50": 68.036,
      "p75": 56.567,
      "p90": 43.309,
      "p95": 35.156,
      "p99": 0.662
    },
    "packet_loss": {
      "p1": 0.33890886552749244,
      "p5": 0.24080877820846522,
      "p10": 0.18693067987288048,
      "p25": 0.11458690083200472,
      "p50": 0.01685775082822285,
      "p75": 0.00010139442532998225,
      "p90": 0.0,
      "p95": 0.0,
      "p99": 0.0
    }
  }
}