{
  "sample_counts": {
    "downloads": 763815,
    "uploads": 634559
  },
  "metrics": {
    "download_throughput_mbps": {
      "p1": 0.2899259835714915,
      "p5": 1.1463199099269994,
      "p10": 2.950999002215827,
      "p25": 16.545409432995925,
      "p50": 61.00297747469146,
      "p75": 124.85156729296251,
      "p90": 399.08917630001474,
      "p95": 485.1358417810121,
      "p99": 830.0662441042747
    },
    "upload_throughput_mbps": {
      "p1": 0.06216709431593966,
      "p5": 0.4410811009727701,
      "p10": 2.2910621974737415,
      "p25": 7.649755590830991,
      "p50": 24.04065827395935,
      "p75": 82.82458825005837,
      "p90": 315.51308989474705,
      "p95": 465.61949870657213,
      "p99": 791.1597618923096
    },
    "latency_ms": {
      "p1": 267.046,
      "p5": 99.621,
      "p10": 88.577,
      "p25": 65.993,
      "p50": 46.396,
      "p75": 8.444,
      "p90": 4.065,
      "p95": 2.911,
      "p99": 1.903
    },
    "packet_loss": {
      "p1": 0.22267741399368457,
      "p5": 0.11705181605944757,
      "p10": 0.07670817525751979,
      "p25": 0.020808372209375092,
      "p50": 1.8291645690272027e-05,
      "p75": 0.0,
      "p90": 0.0,
      "p95": 0.0,
      "p99": 0.0
    }
  }
}