{
  "sample_counts": {
    "downloads": 332100,
    "uploads": 242291
  },
  "metrics": {
    "download_throughput_mbps": {
      "p1": 0.3584313959751256,
      "p5": 2.1085682169591142,
      "p10": 5.56225295083095,
      "p25": 27.95336322869955,
      "p50": 89.33542349015494,
      "p75": 277.6998228233873,
      "p90": 462.9973643400071,
      "p95": 636.1704331987493,
      "p99": 863.8685954018734
    },
    "upload_throughput_mbps": {
      "p1": 0.0682360013703197,
      "p5": 0.08990051151649567,
      "p10": 1.4808401834063516,
      "p25": 13.566453279896647,
      "p50": 74.89003030053951,
      "p75": 190.35649310694794,
      "p90": 460.10026319368336,
      "p95": 622.0352651778294,
      "p99": 832.2447282050492
    },
    "latency_ms": {
      "p1": 204.88,
      "p5": 74.338,
      "p10": 46.417,
      "p25": 34.786,
      "p50": 9.572,
      "p75": 5.034,
      "p90": 3.21,
      "p95": 2.576,
      "p99": 1.865
    },
    "packet_loss": {
      "p1": 0.2660880595293814,
      "p5": 0.1491746088496628,
      "p10": 0.1049942591031994,
      "p25": 0.0513049910447701,
      "p50": 0.008942268790435966,
      "p75": 0.0,
      "p90": 0.0,
      "p95": 0.0,
      "p99": 0.0
    }
  }
}