{
  "sample_counts": {
    "downloads": 12076,
    "uploads": 11039
  },
  "metrics": {
    "download_throughput_mbps": {
      "p1": 0.18334156196574275,
      "p5": 0.9415218314854331,
      "p10": 3.600378220971628,
      "p25": 19.31425531531928,
      "p50": 48.412899862588525,
      "p75": 88.06570594295043,
      "p90": 136.92839454618255,
      "p95": 214.31300153917087,
      "p99": 312.8098646092383
    },
    "upload_throughput_mbps": {
      "p1": 0.07548042977567161,
      "p5": 0.5560451661250462,
      "p10": 1.0963806171629702,
      "p25": 4.97604175478742,
      "p50": 13.737775125116752,
      "p75": 34.44719384357171,
      "p90": 56.70127762303881,
      "p95": 79.77609397222925,
      "p99": 114.03737108260464
    },
    "latency_ms": {
      "p1": 339.623,
      "p5": 175.0,
      "p10": 144.483,
      "p25": 124.522,
      "p50": 48.29,
      "p75": 42.476,
      "p90": 37.213,
      "p95": 34.3,
      "p99": 25.0
    },
    "packet_loss": {
      "p1": 0.18730924703255342,
      "p5": 0.11471109038433679,
      "p10": 0.08276911599384197,
      "p25": 0.02164908179027458,
      "p50": 0.003901779576000648,
      "p75": 0.0,
      "p90": 0.0,
      "p95": 0.0,
      "p99": 0.0
    }
  }
}