{
  "sample_counts": {
    "downloads": 25779,
    "uploads": 22899
  },
  "metrics": {
    "download_throughput_mbps": {
      "p1": 0.055720535553076295,
      "p5": 0.2739141925752474,
      "p10": 0.5967557092636734,
      "p25": 3.0883468848021796,
      "p50": 9.619449315140814,
      "p75": 27.176162963721485,
      "p90": 51.85196371853079,
      "p95": 69.98219047474302,
      "p99": 96.32167923920512
    },
    "upload_throughput_mbps": {
      "p1": 0.033233996668893026,
      "p5": 0.18288783083170862,
      "p10": 0.41447196039277506,
      "p25": 1.7825500230944664,
      "p50": 8.54222256378145,
      "p75": 25.68748604856324,
      "p90": 55.89029764029296,
      "p95": 71.3691282466029,
      "p99": 87.85788042125118
    },
    "latency_ms": {
      "p1": 478.818,
      "p5": 344.164,
      "p10": 285.308,
      "p25": 253.446,
      "p50": 231.854,
      "p75": 197.634,
      "p90": 87.748,
      "p95": 68.343,
      "p99": 29.54
    },
    "packet_loss": {
      "p1": 0.34181365233434,
      "p5": 0.2225676111805765,
      "p10": 0.16096910321687471,
      "p25": 0.07674246562424984,
      "p50": 0.011732294023238925,
      "p75": 0.00014404617050169018,
      "p90": 0.0,
      "p95": 0.0,
      "p99": 0.0
    }
  }
}