{
  "sample_counts": {
    "downloads": 7201,
    "uploads": 7089
  },
  "metrics": {
    "download_throughput_mbps": {
      "p1": 0.08489800236105306,
      "p5": 0.44055812802503547,
      "p10": 1.3235951909298906,
      "p25": 5.8486010655045915,
      "p50": 18.145914747401317,
      "p75": 42.058087740369764,
      "p90": 79.71935407112909,
      "p95": 114.80747297746184,
      "p99": 355.6191957118714
    },
    "upload_throughput_mbps": {
      "p1": 0.05069958959799793,
      "p5": 0.16699164526112656,
      "p10": 0.3810177129333423,
      "p25": 1.528142600358712,
      "p50": 8.330605679213875,
      "p75": 31.10548180882738,
      "p90": 57.87573829766022,
      "p95": 79.34458037199425,
      "p99": 146.69008761558132
    },
    "latency_ms": {
      "p1": 385.037,
      "p5": 275.368,
      "p10": 250.648,
      "p25": 222.265,
      "p50": 131.744,
      "p75": 65.823,
      "p90": 48.704,
      "p95": 6.477,
      "p99": 0.671
    },
    "packet_loss": {
      "p1": 0.3095680925811118,
      "p5": 0.1863137489711219,
      "p10": 0.1236792529649794,
      "p25": 0.040377254731287816,
      "p50": 0.0017910862873361222,
      "p75": 0.0,
      "p90": 0.0,
      "p95": 0.0,
      "p99": 0.0
    }
  }
}