{
  "sample_counts": {
    "downloads": 17187,
    "uploads": 15854
  },
  "metrics": {
    "download_throughput_mbps": {
      "p1": 0.05096108277598325,
      "p5": 0.2665201155536243,
      "p10": 0.6221449442572868,
      "p25": 2.2895570973154706,
      "p50": 8.939922205107868,
      "p75": 24.902838805998506,
      "p90": 62.39301657322799,
      "p95": 99.86876266685653,
      "p99": 246.14290620896014
    },
    "upload_throughput_mbps": {
      "p1": 0.01908341313833627,
      "p5": 0.09067668736869577,
      "p10": 0.21821699368678044,
      "p25": 0.7415114498397377,
      "p50": 2.7067911759252943,
      "p75": 12.719829302014304,
      "p90": 44.13495821967965,
      "p95": 73.86210075853803,
      "p99": 119.10144577110876
    },
    "latency_ms": {
      "p1": 487.298,
      "p5": 350.95,
      "p10": 332.012,
      "p25": 207.0,
      "p50": 110.539,
      "p75": 80.713,
      "p90": 72.454,
      "p95": 68.913,
      "p99": 41.774
    },
    "packet_loss": {
      "p1": 0.381605833136171,
      "p5": 0.21468683537649055,
      "p10": 0.129518457635424,
      "p25": 0.042290730960048345,
      "p50": 0.005981512871321511,
      "p75": 0.0,
      "p90": 0.0,
      "p95": 0.0,
      "p99": 0.0
    }
  }
}