{
  "sample_counts": {
    "downloads": 25612,
    "uploads": 17855
  },
  "metrics": {
    "download_throughput_mbps": {
      "p1": 0.23436395506957214,
      "p5": 1.0429383769015323,
      "p10": 2.845303089162958,
      "p25": 12.83739282397739,
      "p50": 46.295684861876474,
      "p75": 120.54702996268172,
      "p90": 282.45953767418183,
      "p95": 467.73518546073586,
      "p99": 796.9826073289568
    },
    "upload_throughput_mbps": {
      "p1": 0.056896515692368366,
      "p5": 0.10271586173449362,
      "p10": 0.6352499888751613,
      "p25": 3.298319865114819,
      "p50": 14.36711900941518,
      "p75": 56.25686927768515,
      "p90": 201.2056037915943,
      "p95": 393.7096407311969,
      "p99": 837.9739907482527
    },
    "latency_ms": {
      "p1": 274.089,
      "p5": 93.17,
      "p10": 63.387,
      "p25": 50.004,
      "p50": 36.53,
      "p75": 15.059,
      "p90": 9.563,
      "p95": 8.645,
      "p99": 7.073
    },
    "packet_loss": {
      "p1": 0.2259681809960038,
      "p5": 0.116309087822862,
      "p10": 0.0772915065630083,
      "p25": 0.01796629975784063,
      "p50": 0.00034501675056323983,
      "p75": 0.0,
      "p90": 0.0,
      "p95": 0.0,
      "p99": 0.0
    }
  }
}