{
  "sample_counts": {
    "downloads": 23899,
    "uploads": 23264
  },
  "metrics": {
    "download_throughput_mbps": {
      "p1": 1.3735932507934145,
      "p5": 7.999518433179954,
      "p10": 10.886470519382815,
      "p25": 25.658026090461142,
      "p50": 41.41427430287084,
      "p75": 62.57844805614308,
      "p90": 198.51811741441264,
      "p95": 458.8001700642861,
      "p99": 791.4803406164832
    },
    "upload_throughput_mbps": {
      "p1": 0.12176580821545212,
      "p5": 1.0112085529240777,
      "p10": 6.749089885186747,
      "p25": 13.954615431153403,
      "p50": 18.318694598751033,
      "p75": 20.2722157194607,
      "p90": 81.15836986066581,
      "p95": 186.69087415615786,
      "p99": 412.84078185977796
    },
    "latency_ms": {
      "p1": 199.699,
      "p5": 41.833,
      "p10": 27.029,
      "p25": 18.18,
      "p50": 12.542,
      "p75": 7.396,
      "p90": 5.078,
      "p95": 4.88,
      "p99": 4.248
    },
    "packet_loss": {
      "p1": 0.12649953265185837,
      "p5": 0.0471344361498689,
      "p10": 0.01713679745493107,
      "p25": 0.000288725968638372,
      "p50": 0.0,
      "p75": 0.0,
      "p90": 0.0,
      "p95": 0.0,
      "p99": 0.0
    }
  }
}