{
  "sample_counts": {
    "downloads": 15483,
    "uploads": 11335
  },
  "metrics": {
    "download_throughput_mbps": {
      "p1": 0.17718382328649107,
      "p5": 0.7928207589422336,
      "p10": 1.87581211705886,
      "p25": 8.135901785873358,
      "p50": 29.875590466928504,
      "p75": 92.02576327033105,
      "p90": 254.166991006169,
      "p95": 365.95260045228287,
      "p99": 678.1390759253304
    },
    "upload_throughput_mbps": {
      "p1": 0.05775221696619868,
      "p5": 0.10889058373083066,
      "p10": 0.618604193030815,
      "p25": 3.4430543487923573,
      "p50": 10.292048763156824,
      "p75": 35.564498254582475,
      "p90": 101.73723430637665,
      "p95": 243.31653697920223,
      "p99": 777.086766261174
    },
    "latency_ms": {
      "p1": 326.016,
      "p5": 115.0,
      "p10": 63.593,
      "p25": 47.552,
      "p50": 33.871,
      "p75": 21.243,
      "p90": 14.364,
      "p95": 9.774,
      "p99": 9.463
    },
    "packet_loss": {
      "p1": 0.2516353803394279,
      "p5": 0.13427672451158237,
      "p10": 0.08836729482721163,
      "p25": 0.025019239593305244,
      "p50": 0.0004875332233016639,
      "p75": 0.0,
      "p90": 0.0,
      "p95": 0.0,
      "p99": 0.0
    }
  }
}