{
  "sample_counts": {
    "downloads": 8889,
    "uploads": 6743
  },
  "metrics": {
    "download_throughput_mbps": {
      "p1": 0.1017813646350247,
      "p5": 0.3273469255896135,
      "p10": 0.6771253080074089,
      "p25": 1.9200519403439928,
      "p50": 4.989285134355997,
      "p75": 12.632944819921507,
      "p90": 27.21382444993862,
      "p95": 38.72714473565506,
      "p99": 83.8085527947907
    },
    "upload_throughput_mbps": {
      "p1": 0.02728460956867266,
      "p5": 0.11421763535418254,
      "p10": 0.24816310857855967,
      "p25": 0.8258871777887509,
      "p50": 2.7401647304650565,
      "p75": 7.30378913225037,
      "p90": 14.60288967854531,
      "p95": 20.203240979947797,
      "p99": 39.52351898616465
    },
    "latency_ms": {
      "p1": 247.77,
      "p5": 137.662,
      "p10": 123.31,
      "p25": 106.579,
      "p50": 87.074,
      "p75": 54.878,
      "p90": 41.03,
      "p95": 37.09,
      "p99": 26.665
    },
    "packet_loss": {
      "p1": 0.3479225128994297,
      "p5": 0.23668842187466663,
      "p10": 0.18938008258368716,
      "p25": 0.11175639051908265,
      "p50": 0.011444415164409995,
      "p75": 0.00011374635954967477,
      "p90": 0.0,
      "p95": 0.0,
      "p99": 0.0
    }
  }
}