{
  "sample_counts": {
    "downloads": 9170,
    "uploads": 7848
  },
  "metrics": {
    "download_throughput_mbps": {
      "p1": 0.09714550403707446,
      "p5": 0.2915777960670741,
      "p10": 0.5549987220290973,
      "p25": 1.6533343569271712,
      "p50": 4.858220899946431,
      "p75": 11.958513518294302,
      "p90": 29.094759424307863,
      "p95": 44.443415640759795,
      "p99": 86.54294225819861
    },
    "upload_throughput_mbps": {
      "p1": 0.02964744759530458,
      "p5": 0.1309880553138099,
      "p10": 0.2937853378514586,
      "p25": 0.9583011139922565,
      "p50": 3.289110050904966,
      "p75": 8.216192844968042,
      "p90": 17.367525695721735,
      "p95": 25.47833560333724,
      "p99": 79.9973593035153
    },
    "latency_ms": {
      "p1": 285.073,
      "p5": 159.659,
      "p10": 137.66,
      "p25": 118.426,
      "p50": 90.619,
      "p75": 69.0,
      "p90": 52.86,
      "p95": 47.226,
      "p99": 36.474
    },
    "packet_loss": {
      "p1": 0.3598659974487059,
      "p5": 0.25922895508502425,
      "p10": 0.20730310850140177,
      "p25": 0.12926347907156954,
      "p50": 0.032576274664428494,
      "p75": 0.0002763636076505343,
      "p90": 0.0,
      "p95": 0.0,
      "p99": 0.0
    }
  }
}