{
  "sample_counts": {
    "downloads": 1337950,
    "uploads": 820986
  },
  "metrics": {
    "download_throughput_mbps": {
      "p1": 0.10386572249261702,
      "p5": 0.37640280808826176,
      "p10": 0.8196479068338312,
      "p25": 3.0951102702456925,
      "p50": 9.504078034039608,
      "p75": 25.68392363581761,
      "p90": 72.95517296029045,
      "p95": 89.10593668269071,
      "p99": 129.20826093117222
    },
    "upload_throughput_mbps": {
      "p1": 0.022145103949671528,
      "p5": 0.06875711053752415,
      "p10": 0.07547637723309016,
      "p25": 0.2918732285854131,
      "p50": 1.0002157797598585,
      "p75": 16.104003272475044,
      "p90": 54.25591962085627,
      "p95": 87.19531911953192,
      "p99": 94.03829551574987
    },
    "latency_ms": {
      "p1": 424.122,
      "p5": 121.796,
      "p10": 96.054,
      "p25": 74.264,
      "p50": 55.996,
      "p75": 43.0,
      "p90": 29.502,
      "p95": 21.151,
      "p99": 13.775
    },
    "packet_loss": {
      "p1": 0.40768886902101026,
      "p5": 0.26782858336925414,
      "p10": 0.19707231782849066,
      "p25": 0.1042034448208407,
      "p50": 0.03385837127243117,
      "p75": 0.00014796584706672808,
      "p90": 0.0,
      "p95": 0.0,
      "p99": 0.0
    }
  }
}