{
  "sample_counts": {
    "downloads": 1495140,
    "uploads": 906731
  },
  "metrics": {
    "download_throughput_mbps": {
      "p1": 0.12297647543169464,
      "p5": 0.4204731902433923,
      "p10": 0.9377948643515435,
      "p25": 3.8628543292999784,
      "p50": 12.62451991001622,
      "p75": 44.88163900753155,
      "p90": 93.93200945782503,
      "p95": 151.94755040898673,
      "p99": 211.4696513498476
    },
    "upload_throughput_mbps": {
      "p1": 0.028211799696222156,
      "p5": 0.07629252654698462,
      "p10": 0.08321169561989235,
      "p25": 0.5046554770954047,
      "p50": 3.5974589948534326,
      "p75": 32.59720238869596,
      "p90": 88.0606861026381,
      "p95": 114.05138721891427,
      "p99": 183.8901892017942
    },
    "latency_ms": {
      "p1": 411.686,
      "p5": 114.602,
      "p10": 89.758,
      "p25": 71.659,
      "p50": 52.426,
      "p75": 39.925,
      "p90": 27.717,
      "p95": 21.903,
      "p99": 14.235
    },
    "packet_loss": {
      "p1": 0.39771734022040384,
      "p5": 0.2611380905398306,
      "p10": 0.19140519045419352,
      "p25": 0.10135344672813965,
      "p50": 0.030514207204700123,
      "p75": 8.446218872306677e-05,
      "p90": 0.0,
      "p95": 0.0,
      "p99": 0.0
    }
  }
}