{
  "sample_counts": {
    "downloads": 85049,
    "uploads": 61740
  },
  "metrics": {
    "download_throughput_mbps": {
      "p1": 0.09079758029837547,
      "p5": 0.28541980279584817,
      "p10": 0.589990395179999,
      "p25": 2.2954714716407496,
      "p50": 7.811676849245478,
      "p75": 25.31320697062058,
      "p90": 62.696756373444806,
      "p95": 91.45250781391218,
      "p99": 188.5621076145746
    },
    "upload_throughput_mbps": {
      "p1": 0.02404655795690255,
      "p5": 0.07588009757406804,
      "p10": 0.08331185878215146,
      "p25": 0.46073649403130634,
      "p50": 2.985585946272618,
      "p75": 6.2131455025381035,
      "p90": 18.984610723083915,
      "p95": 57.25905389072946,
      "p99": 180.73766792915606
    },
    "latency_ms": {
      "p1": 542.04,
      "p5": 394.883,
      "p10": 184.636,
      "p25": 108.577,
      "p50": 80.054,
      "p75": 18.0,
      "p90": 3.981,
      "p95": 2.512,
      "p99": 1.121
    },
    "packet_loss": {
      "p1": 0.3820238517730637,
      "p5": 0.27661475419013176,
      "p10": 0.21752857656935906,
      "p25": 0.1263161828080435,
      "p50": 0.03654849704415474,
      "p75": 0.0030377206994685584,
      "p90": 0.0,
      "p95": 0.0,
      "p99": 0.0
    }
  }
}