{
  "sample_counts": {
    "downloads": 41650,
    "uploads": 31785
  },
  "metrics": {
    "download_throughput_mbps": {
      "p1": 0.10165090811016073,
      "p5": 0.38122260726603274,
      "p10": 1.0366313769342923,
      "p25": 5.8324940338723055,
      "p50": 15.025456345717512,
      "p75": 25.746094558001985,
      "p90": 52.80226973775657,
      "p95": 73.72371398925928,
      "p99": 120.90288898893087
    },
    "upload_throughput_mbps": {
      "p1": 0.046429718475535446,
      "p5": 0.21481633253314572,
      "p10": 0.6247648456128263,
      "p25": 3.7040458635872278,
      "p50": 10.521031992932903,
      "p75": 21.079452553394244,
      "p90": 35.22013872694568,
      "p95": 64.43920973814569,
      "p99": 98.6417624448276
    },
    "latency_ms": {
      "p1": 380.476,
      "p5": 251.054,
      "p10": 228.896,
      "p25": 127.501,
      "p50": 89.476,
      "p75": 73.11,
      "p90": 60.579,
      "p95": 58.322,
      "p99": 42.729
    },
    "packet_loss": {
      "p1": 0.4045595148956019,
      "p5": 0.29045820336067996,
      "p10": 0.23727324213304662,
      "p25": 0.16386473683225516,
      "p50": 0.09073194672871145,
      "p75": 0.006171360530882214,
      "p90": 0.0,
      "p95": 0.0,
      "p99": 0.0
    }
  }
}