{
  "sample_counts": {
    "downloads": 4335,
    "uploads": 4299
  },
  "metrics": {
    "download_throughput_mbps": {
      "p1": 0.08838902694967198,
      "p5": 0.29547354354235317,
      "p10": 0.6940516924568829,
      "p25": 3.949731926004394,
      "p50": 11.990997281787475,
      "p75": 23.063069384239707,
      "p90": 38.598631462600224,
      "p95": 59.5567257740962,
      "p99": 125.77952159746683
    },
    "upload_throughput_mbps": {
      "p1": 0.03385247609779355,
      "p5": 0.19591834343764847,
      "p10": 0.5132935704812019,
      "p25": 2.094172388173111,
      "p50": 6.993390950279635,
      "p75": 14.957118070597032,
      "p90": 24.344180119601834,
      "p95": 31.167345399714353,
      "p99": 53.66679929940315
    },
    "latency_ms": {
      "p1": 472.868,
      "p5": 243.695,
      "p10": 209.0,
      "p25": 106.006,
      "p50": 81.306,
      "p75": 64.986,
      "p90": 58.935,
      "p95": 57.89,
      "p99": 35.599
    },
    "packet_loss": {
      "p1": 0.3759362876104241,
      "p5": 0.2797644967519879,
      "p10": 0.2325196844096387,
      "p25": 0.15433639189601026,
      "p50": 0.08008851603076185,
      "p75": 0.0065698268792198896,
      "p90": 0.0,
      "p95": 0.0,
      "p99": 0.0
    }
  }
}