{
  "sample_counts": {
    "downloads": 13689,
    "uploads": 11109
  },
  "metrics": {
    "download_throughput_mbps": {
      "p1": 0.06031654452041189,
      "p5": 0.29907216546134596,
      "p10": 0.8793313511881503,
      "p25": 3.4812031922239317,
      "p50": 12.682484913466162,
      "p75": 28.642910876438204,
      "p90": 49.108356653903854,
      "p95": 58.23988100598825,
      "p99": 100.36456451694026
    },
    "upload_throughput_mbps": {
      "p1": 0.05856621137345729,
      "p5": 0.29403422314469474,
      "p10": 0.7378737823583217,
      "p25": 2.838347571669717,
      "p50": 8.541812670508639,
      "p75": 24.200883142371787,
      "p90": 48.800790773509085,
      "p95": 56.73537048452733,
      "p99": 85.73481374825379
    },
    "latency_ms": {
      "p1": 451.49,
      "p5": 350.133,
      "p10": 328.747,
      "p25": 186.535,
      "p50": 107.575,
      "p75": 95.686,
      "p90": 92.0,
      "p95": 90.693,
      "p99": 88.754
    },
    "packet_loss": {
      "p1": 0.4097212251803577,
      "p5": 0.2945060419386092,
      "p10": 0.2381089621026838,
      "p25": 0.15511363003522957,
      "p50": 0.05530003762227238,
      "p75": 0.0006571469182448644,
      "p90": 0.0,
      "p95": 0.0,
      "p99": 0.0
    }
  }
}