{
  "sample_counts": {
    "downloads": 5596,
    "uploads": 4170
  },
  "metrics": {
    "download_throughput_mbps": {
      "p1": 0.13006735270072378,
      "p5": 0.7365923357351158,
      "p10": 1.861131752792436,
      "p25": 6.945758700099528,
      "p50": 28.306100319536174,
      "p75": 84.50735621522269,
      "p90": 149.94458587808893,
      "p95": 225.10854646089768,
      "p99": 273.4593763711902
    },
    "upload_throughput_mbps": {
      "p1": 0.037766573074886955,
      "p5": 0.08303950176298942,
      "p10": 0.24617332832290015,
      "p25": 0.7523950404550719,
      "p50": 4.130451568119985,
      "p75": 22.791036321009667,
      "p90": 138.70542364793874,
      "p95": 200.81399126440283,
      "p99": 254.65107781366456
    },
    "latency_ms": {
      "p1": 355.744,
      "p5": 166.408,
      "p10": 152.963,
      "p25": 131.998,
      "p50": 100.837,
      "p75": 90.307,
      "p90": 84.017,
      "p95": 63.173,
      "p99": 47.183
    },
    "packet_loss": {
      "p1": 0.3046254380618572,
      "p5": 0.20105820149823225,
      "p10": 0.14915412863072067,
      "p25": 0.07031748565264705,
      "p50": 0.010236345968956777,
      "p75": 0.0,
      "p90": 0.0,
      "p95": 0.0,
      "p99": 0.0
    }
  }
}