{
  "sample_counts": {
    "downloads": 1473581,
    "uploads": 1084997
  },
  "metrics": {
    "download_throughput_mbps": {
      "p1": 0.1428278705220515,
      "p5": 0.6062963252240886,
      "p10": 1.5869501156143317,
      "p25": 7.548166747645241,
      "p50": 30.93453852385603,
      "p75": 79.82833320467536,
      "p90": 152.30735106323135,
      "p95": 230.30488853087294,
      "p99": 371.6834414416694
    },
    "upload_throughput_mbps": {
      "p1": 0.04129616060257965,
      "p5": 0.08304677646144004,
      "p10": 0.14839058156400528,
      "p25": 1.9491048806637545,
      "p50": 10.929495844775653,
      "p75": 50.268705702559174,
      "p90": 101.90385403034075,
      "p95": 175.70040800800456,
      "p99": 311.38488230440936
    },
    "latency_ms": {
      "p1": 265.855,
      "p5": 118.0,
      "p10": 100.841,
      "p25": 82.256,
      "p50": 58.189,
      "p75": 27.719,
      "p90": 9.335,
      "p95": 5.02,
      "p99": 2.804
    },
    "packet_loss": {
      "p1": 0.3571065286279236,
      "p5": 0.22101170413227528,
      "p10": 0.16439523555931976,
      "p25": 0.08751256656594392,
      "p50": 0.01753353288163613,
      "p75": 3.282557749517369e-05,
      "p90": 0.0,
      "p95": 0.0,
      "p99": 0.0
    }
  }
}