{
  "sample_counts": {
    "downloads": 1655293,
    "uploads": 1239345
  },
  "metrics": {
    "download_throughput_mbps": {
      "p1": 0.12014979547156766,
      "p5": 0.4553681752032317,
      "p10": 1.022887322342683,
      "p25": 6.083831704661448,
      "p50": 27.012766042394453,
      "p75": 75.38948920834964,
      "p90": 144.2514499532273,
      "p95": 215.94540527178907,
      "p99": 354.5928353584291
    },
    "upload_throughput_mbps": {
      "p1": 0.035429429938736295,
      "p5": 0.07544915723930493,
      "p10": 0.12103617244342853,
      "p25": 1.798480098060254,
      "p50": 9.857149985206055,
      "p75": 38.82145257787524,
      "p90": 77.11053252279416,
      "p95": 100.68842500303741,
      "p99": 237.97715148453952
    },
    "latency_ms": {
      "p1": 424.779,
      "p5": 126.756,
      "p10": 105.0,
      "p25": 82.919,
      "p50": 58.655,
      "p75": 27.017,
      "p90": 9.387,
      "p95": 5.107,
      "p99": 2.863
    },
    "packet_loss": {
      "p1": 0.37518945681828025,
      "p5": 0.23257813594907004,
      "p10": 0.16992726257256582,
      "p25": 0.08853872580851226,
      "p50": 0.017239860451854848,
      "p75": 2.1871038493926455e-05,
      "p90": 0.0,
      "p95": 0.0,
      "p99": 0.0
    }
  }
}