{
  "sample_counts": {
    "downloads": 88138,
    "uploads": 80087
  },
  "metrics": {
    "download_throughput_mbps": {
      "p1": 0.1383934276211693,
      "p5": 0.9500893829369357,
      "p10": 2.90036628475718,
      "p25": 10.385540347778834,
      "p50": 35.26689389244233,
      "p75": 100.7280331941444,
      "p90": 272.5151225600978,
      "p95": 418.58764849556286,
      "p99": 715.6956720772617
    },
    "upload_throughput_mbps": {
      "p1": 0.038599226147591925,
      "p5": 0.2771248998633311,
      "p10": 0.8960076287832167,
      "p25": 4.924562659731977,
      "p50": 17.78754,
      "p75": 51.124797090461705,
      "p90": 103.61493338229275,
      "p95": 191.38865011874395,
      "p99": 451.65249034678186
    },
    "latency_ms": {
      "p1": 301.592,
      "p5": 202.187,
      "p10": 190.204,
      "p25": 60.933,
      "p50": 28.0,
      "p75": 13.525,
      "p90": 9.113,
      "p95": 7.833,
      "p99": 5.249
    },
    "packet_loss": {
      "p1": 0.31628163088457045,
      "p5": 0.1694001219483173,
      "p10": 0.1068463427793529,
      "p25": 0.047048570427357904,
      "p50": 0.000704129385813628,
      "p75": 0.0,
      "p90": 0.0,
      "p95": 0.0,
      "p99": 0.0
    }
  }
}