{
  "sample_counts": {
    "downloads": 205775,
    "uploads": 154086
  },
  "metrics": {
    "download_throughput_mbps": {
      "p1": 0.13972441592681015,
      "p5": 0.5387815890492922,
      "p10": 1.4400399353770081,
      "p25": 6.6293258659356855,
      "p50": 29.475278501014554,
      "p75": 104.41725133184356,
      "p90": 259.33522504430005,
      "p95": 350.27706483282066,
      "p99": 620.8504341378018
    },
    "upload_throughput_mbps": {
      "p1": 0.04192277657995654,
      "p5": 0.08969152439293279,
      "p10": 0.31591100952972184,
      "p25": 2.8058046786875708,
      "p50": 13.497675680913444,
      "p75": 46.53104385846991,
      "p90": 91.41213778930508,
      "p95": 138.728718914129,
      "p99": 405.4392796239962
    },
    "latency_ms": {
      "p1": 293.112,
      "p5": 166.011,
      "p10": 83.666,
      "p25": 38.664,
      "p50": 23.163,
      "p75": 12.157,
      "p90": 8.271,
      "p95": 7.411,
      "p99": 1.389
    },
    "packet_loss": {
      "p1": 0.34704389787502354,
      "p5": 0.19827969253156955,
      "p10": 0.13114084549143315,
      "p25": 0.045831204461653646,
      "p50": 0.000592004652120165,
      "p75": 0.0,
      "p90": 0.0,
      "p95": 0.0,
      "p99": 0.0
    }
  }
}