{
  "sample_counts": {
    "downloads": 41411,
    "uploads": 30522
  },
  "metrics": {
    "download_throughput_mbps": {
      "p1": 0.09049804269322714,
      "p5": 0.3160442102544392,
      "p10": 0.6297570600521594,
      "p25": 2.10236490678473,
      "p50": 6.871945108935554,
      "p75": 17.173026171909385,
      "p90": 33.74218317977105,
      "p95": 51.96981894715511,
      "p99": 93.90013814596438
    },
    "upload_throughput_mbps": {
      "p1": 0.022563954872090255,
      "p5": 0.06955378779522704,
      "p10": 0.07657672342327658,
      "p25": 0.5930602637203386,
      "p50": 2.8890724912636943,
      "p75": 8.38811505775986,
      "p90": 19.505911123359425,
      "p95": 29.74436960866124,
      "p99": 59.512937188454636
    },
    "latency_ms": {
      "p1": 601.017,
      "p5": 361.734,
      "p10": 307.705,
      "p25": 57.734,
      "p50": 27.142,
      "p75": 12.0,
      "p90": 3.595,
      "p95": 2.591,
      "p99": 1.141
    },
    "packet_loss": {
      "p1": 0.3343836663203716,
      "p5": 0.2267037800057714,
      "p10": 0.17091206884156335,
      "p25": 0.08755591952504803,
      "p50": 0.009934389023576965,
      "p75": 1.0382657621441638e-05,
      "p90": 0.0,
      "p95": 0.0,
      "p99": 0.0
    }
  }
}