{
  "sample_counts": {
    "downloads": 48521,
    "uploads": 35309
  },
  "metrics": {
    "download_throughput_mbps": {
      "p1": 0.09455515799638163,
      "p5": 0.3377063968924394,
      "p10": 0.6798462816600488,
      "p25": 2.3911163550577625,
      "p50": 8.657345743235416,
      "p75": 27.288333595164755,
      "p90": 67.89704205920698,
      "p95": 110.88613473790888,
      "p99": 242.45945604487278
    },
    "upload_throughput_mbps": {
      "p1": 0.0288702446891229,
      "p5": 0.07644787629345108,
      "p10": 0.08944847625542195,
      "p25": 0.9055939381546588,
      "p50": 5.019914021089951,
      "p75": 11.842251891978586,
      "p90": 22.443817225966846,
      "p95": 35.525031529955534,
      "p99": 92.49910965347235
    },
    "latency_ms": {
      "p1": 540.152,
      "p5": 223.189,
      "p10": 163.349,
      "p25": 52.183,
      "p50": 30.581,
      "p75": 13.803,
      "p90": 4.0,
      "p95": 3.063,
      "p99": 1.861
    },
    "packet_loss": {
      "p1": 0.3462117735971281,
      "p5": 0.20193534367050583,
      "p10": 0.1426762051560417,
      "p25": 0.07332671438581201,
      "p50": 0.010034919691243292,
      "p75": 3.891543266541787e-05,
      "p90": 0.0,
      "p95": 0.0,
      "p99": 0.0
    }
  }
}