{
  "sample_counts": {
    "downloads": 5230,
    "uploads": 5541
  },
  "metrics": {
    "download_throughput_mbps": {
      "p1": 0.013554938313699293,
      "p5": 0.050736649731403884,
      "p10": 0.09884889327586084,
      "p25": 0.47897272167498794,
      "p50": 2.79860243879362,
      "p75": 11.127955128542279,
      "p90": 34.85527023506984,
      "p95": 48.32445577165284,
      "p99": 102.50975365579507
    },
    "upload_throughput_mbps": {
      "p1": 0.009182830375466576,
      "p5": 0.038851295444807796,
      "p10": 0.0765476945751386,
      "p25": 0.21839277338268082,
      "p50": 0.6444766170755079,
      "p75": 3.7060366414775383,
      "p90": 18.02869785672551,
      "p95": 30.51292562462144,
      "p99": 86.19067756822666
    },
    "latency_ms": {
      "p1": 1113.922,
      "p5": 781.027,
      "p10": 505.133,
      "p25": 173.808,
      "p50": 75.595,
      "p75": 47.666,
      "p90": 20.711,
      "p95": 11.651,
      "p99": 4.164
    },
    "packet_loss": {
      "p1": 0.3459238710412209,
      "p5": 0.26193979588772537,
      "p10": 0.2102045755455155,
      "p25": 0.1304599527033241,
      "p50": 0.05600501132311721,
      "p75": 0.005809352329945757,
      "p90": 0.0,
      "p95": 0.0,
      "p99": 0.0
    }
  }
}