{
  "sample_counts": {
    "downloads": 341951,
    "uploads": 243722
  },
  "metrics": {
    "download_throughput_mbps": {
      "p1": 0.08090655467191318,
      "p5": 0.2602596497168154,
      "p10": 0.565187248512871,
      "p25": 2.319700408634839,
      "p50": 9.01052684115401,
      "p75": 25.656718267276013,
      "p90": 67.49319029598513,
      "p95": 117.8515244950078,
      "p99": 308.52287117424714
    },
    "upload_throughput_mbps": {
      "p1": 0.02697237440178882,
      "p5": 0.07023573035492046,
      "p10": 0.07674987042589407,
      "p25": 0.6903671545755381,
      "p50": 4.396120096184624,
      "p75": 13.111863656958825,
      "p90": 26.024317517227807,
      "p95": 38.24853850816738,
      "p99": 83.46361831638038
    },
    "latency_ms": {
      "p1": 736.739,
      "p5": 293.13,
      "p10": 175.419,
      "p25": 117.201,
      "p50": 29.253,
      "p75": 19.099,
      "p90": 11.91,
      "p95": 4.888,
      "p99": 2.24
    },
    "packet_loss": {
      "p1": 0.37766509351959787,
      "p5": 0.2495247142228711,
      "p10": 0.1751656675291643,
      "p25": 0.07161911941667436,
      "p50": 0.006053557409938069,
      "p75": 7.094152707971104e-06,
      "p90": 0.0,
      "p95": 0.0,
      "p99": 0.0
    }
  }
}