{
  "sample_counts": {
    "downloads": 498547,
    "uploads": 359062
  },
  "metrics": {
    "download_throughput_mbps": {
      "p1": 0.44602015094259073,
      "p5": 3.4193395368024846,
      "p10": 9.770180602452129,
      "p25": 39.15758645180891,
      "p50": 103.5280184103077,
      "p75": 318.8376565098149,
      "p90": 692.1023433359945,
      "p95": 793.6775939058019,
      "p99": 965.145179482503
    },
    "upload_throughput_mbps": {
      "p1": 0.06502982123459101,
      "p5": 0.09653806211678259,
      "p10": 1.1617785131510698,
      "p25": 14.067147825789586,
      "p50": 50.139163660454244,
      "p75": 120.11183249285833,
      "p90": 396.1332830026424,
      "p95": 562.6075930633249,
      "p99": 917.5628298808871
    },
    "latency_ms": {
      "p1": 244.0,
      "p5": 97.275,
      "p10": 32.921,
      "p25": 14.522,
      "p50": 9.168,
      "p75": 5.22,
      "p90": 2.0,
      "p95": 1.0,
      "p99": 0.621
    },
    "packet_loss": {
      "p1": 0.2818032399124217,
      "p5": 0.1400055287722045,
      "p10": 0.0891081499786372,
      "p25": 0.027657667211806274,
      "p50": 0.0014399362816953955,
      "p75": 0.0,
      "p90": 0.0,
      "p95": 0.0,
      "p99": 0.0
    }
  }
}