{
  "sample_counts": {
    "downloads": 181577,
    "uploads": 130889
  },
  "metrics": {
    "download_throughput_mbps": {
      "p1": 0.30149101571976916,
      "p5": 1.8738572212373754,
      "p10": 5.471797515161713,
      "p25": 23.83716114490214,
      "p50": 82.52889767628871,
      "p75": 211.92608534524672,
      "p90": 459.1110707571912,
      "p95": 510.33178311502985,
      "p99": 824.2479147005552
    },
    "upload_throughput_mbps": {
      "p1": 0.06370750036699252,
      "p5": 0.08980197945546226,
      "p10": 1.1798680133640493,
      "p25": 11.029316369109438,
      "p50": 45.648156823516246,
      "p75": 143.73395072431248,
      "p90": 359.9018286922039,
      "p95": 439.555296934342,
      "p99": 816.3419324651501
    },
    "latency_ms": {
      "p1": 238.928,
      "p5": 66.512,
      "p10": 43.256,
      "p25": 27.689,
      "p50": 15.814,
      "p75": 10.294,
      "p90": 7.289,
      "p95": 4.565,
      "p99": 1.689
    },
    "packet_loss": {
      "p1": 0.28862749434438656,
      "p5": 0.14201428677351824,
      "p10": 0.08959558233858422,
      "p25": 0.023118318353046084,
      "p50": 0.0010119527197160636,
      "p75": 0.0,
      "p90": 0.0,
      "p95": 0.0,
      "p99": 0.0
    }
  }
}