{
  "sample_counts": {
    "downloads": 185983,
    "uploads": 128910
  },
  "metrics": {
    "download_throughput_mbps": {
      "p1": 0.18706191616381712,
      "p5": 1.4568411101913685,
      "p10": 5.037666229277006,
      "p25": 24.118885610766604,
      "p50": 84.66549666970866,
      "p75": 221.04089746160204,
      "p90": 467.9314860616223,
      "p95": 517.2624780992135,
      "p99": 884.8363379351006
    },
    "upload_throughput_mbps": {
      "p1": 0.06825233092005298,
      "p5": 0.10297836324816068,
      "p10": 0.4210551998926445,
      "p25": 7.704202250755048,
      "p50": 42.462626061419854,
      "p75": 140.73279403683875,
      "p90": 360.55539101211485,
      "p95": 457.5325804918829,
      "p99": 868.5214821570357
    },
    "latency_ms": {
      "p1": 243.914,
      "p5": 79.555,
      "p10": 44.498,
      "p25": 27.861,
      "p50": 15.984,
      "p75": 9.958,
      "p90": 6.723,
      "p95": 4.936,
      "p99": 1.832
    },
    "packet_loss": {
      "p1": 0.32865299815814586,
      "p5": 0.16027171018536618,
      "p10": 0.09713149280770031,
      "p25": 0.02893245045833635,
      "p50": 0.0008909664432379616,
      "p75": 0.0,
      "p90": 0.0,
      "p95": 0.0,
      "p99": 0.0
    }
  }
}