{
  "sample_counts": {
    "downloads": 33633,
    "uploads": 23466
  },
  "metrics": {
    "download_throughput_mbps": {
      "p1": 0.11222156289906482,
      "p5": 0.39948499531927584,
      "p10": 0.9704781133892464,
      "p25": 4.880383249439114,
      "p50": 21.30295387259214,
      "p75": 47.20180929902662,
      "p90": 91.56601651639085,
      "p95": 129.66925842490446,
      "p99": 206.42038863184456
    },
    "upload_throughput_mbps": {
      "p1": 0.03249834204377004,
      "p5": 0.08291310229851184,
      "p10": 0.12217764570810563,
      "p25": 1.8880591455231108,
      "p50": 14.193142287030208,
      "p75": 38.690656264161554,
      "p90": 63.93679074765089,
      "p95": 88.1717136202347,
      "p99": 155.6422045339228
    },
    "latency_ms": {
      "p1": 319.074,
      "p5": 230.509,
      "p10": 160.67,
      "p25": 117.737,
      "p50": 79.0,
      "p75": 57.9,
      "p90": 24.415,
      "p95": 20.337,
      "p99": 16.247
    },
    "packet_loss": {
      "p1": 0.39544088529729066,
      "p5": 0.28667107898836786,
      "p10": 0.22106627924631658,
      "p25": 0.125344897016079,
      "p50": 0.040979356195019925,
      "p75": 0.0011714883173327554,
      "p90": 0.0,
      "p95": 0.0,
      "p99": 0.0
    }
  }
}