{
  "sample_counts": {
    "downloads": 22598,
    "uploads": 18562
  },
  "metrics": {
    "download_throughput_mbps": {
      "p1": 0.1436422675894913,
      "p5": 0.6287107131294208,
      "p10": 1.6530313495263036,
      "p25": 6.642166958682273,
      "p50": 20.54565648774146,
      "p75": 44.887242593388414,
      "p90": 90.85244458746097,
      "p95": 122.76599352289197,
      "p99": 190.73055649332883
    },
    "upload_throughput_mbps": {
      "p1": 0.05772477113761443,
      "p5": 0.3425300773415211,
      "p10": 0.8754677826818383,
      "p25": 4.797979201010399,
      "p50": 17.595929249449867,
      "p75": 37.43104230229639,
      "p90": 65.94063609243506,
      "p95": 83.08014819777704,
      "p99": 134.0940102001613
    },
    "latency_ms": {
      "p1": 285.27,
      "p5": 234.012,
      "p10": 208.497,
      "p25": 156.0,
      "p50": 91.0,
      "p75": 68.847,
      "p90": 39.611,
      "p95": 25.384,
      "p99": 17.929
    },
    "packet_loss": {
      "p1": 0.3269942104424497,
      "p5": 0.2168366202165093,
      "p10": 0.17193384640576387,
      "p25": 0.09856005889533392,
      "p50": 0.0231203440448747,
      "p75": 0.0002363853500000504,
      "p90": 0.0,
      "p95": 0.0,
      "p99": 0.0
    }
  }
}