{
  "sample_counts": {
    "downloads": 339449,
    "uploads": 262007
  },
  "metrics": {
    "download_throughput_mbps": {
      "p1": 0.3152948787521671,
      "p5": 2.123312439623726,
      "p10": 5.740355112962665,
      "p25": 10.758398764835851,
      "p50": 46.507354356946244,
      "p75": 194.44023999492362,
      "p90": 354.1112382308436,
      "p95": 621.3731039534963,
      "p99": 892.8024868829224
    },
    "upload_throughput_mbps": {
      "p1": 0.06611043305521652,
      "p5": 0.08966330066321157,
      "p10": 1.010105644143695,
      "p25": 10.499684918841853,
      "p50": 13.255894627947313,
      "p75": 82.65792598713617,
      "p90": 194.37742489030043,
      "p95": 340.6063644606364,
      "p99": 510.9197534977555
    },
    "latency_ms": {
      "p1": 273.459,
      "p5": 50.303,
      "p10": 35.357,
      "p25": 21.0,
      "p50": 9.888,
      "p75": 6.444,
      "p90": 3.109,
      "p95": 1.815,
      "p99": 1.0
    },
    "packet_loss": {
      "p1": 0.20596932700688778,
      "p5": 0.11766587395074148,
      "p10": 0.08825365013229257,
      "p25": 0.04271872271650018,
      "p50": 0.0021142277240395694,
      "p75": 0.0,
      "p90": 0.0,
      "p95": 0.0,
      "p99": 0.0
    }
  }
}