{
  "sample_counts": {
    "downloads": 355335,
    "uploads": 263942
  },
  "metrics": {
    "download_throughput_mbps": {
      "p1": 0.32483232555174424,
      "p5": 2.3029857626431025,
      "p10": 6.683838397479227,
      "p25": 28.25259288159601,
      "p50": 73.44965561651273,
      "p75": 245.8866327032217,
      "p90": 483.56524108779945,
      "p95": 645.4614505217074,
      "p99": 906.8493509895897
    },
    "upload_throughput_mbps": {
      "p1": 0.06926760835187756,
      "p5": 0.10276640319588644,
      "p10": 1.2105697696125872,
      "p25": 11.7825755187217,
      "p50": 22.035401357483032,
      "p75": 88.47280602756307,
      "p90": 204.29888747344884,
      "p95": 351.26604976153817,
      "p99": 509.69713127204864
    },
    "latency_ms": {
      "p1": 243.246,
      "p5": 48.591,
      "p10": 36.387,
      "p25": 22.115,
      "p50": 11.582,
      "p75": 7.563,
      "p90": 5.0,
      "p95": 4.145,
      "p99": 1.402
    },
    "packet_loss": {
      "p1": 0.20012468317650173,
      "p5": 0.09922494257357545,
      "p10": 0.06033598261862079,
      "p25": 0.012642775560720302,
      "p50": 0.0003907603770956842,
      "p75": 0.0,
      "p90": 0.0,
      "p95": 0.0,
      "p99": 0.0
    }
  }
}