{
  "sample_counts": {
    "downloads": 306324,
    "uploads": 231774
  },
  "metrics": {
    "download_throughput_mbps": {
      "p1": 0.1428998661724329,
      "p5": 0.6148925822747964,
      "p10": 1.6395953834140513,
      "p25": 7.99045442960029,
      "p50": 33.2892160647567,
      "p75": 97.6657659535232,
      "p90": 257.14136628258535,
      "p95": 418.4167250210086,
      "p99": 866.0298224962104
    },
    "upload_throughput_mbps": {
      "p1": 0.043239416621838084,
      "p5": 0.08310247091453517,
      "p10": 0.10250554123734534,
      "p25": 2.8656637021959854,
      "p50": 18.844634895824793,
      "p75": 73.56349350634027,
      "p90": 192.8182878180546,
      "p95": 322.0426041531354,
      "p99": 803.4770326586103
    },
    "latency_ms": {
      "p1": 292.454,
      "p5": 190.077,
      "p10": 155.412,
      "p25": 121.816,
      "p50": 23.976,
      "p75": 7.704,
      "p90": 2.982,
      "p95": 1.964,
      "p99": 0.903
    },
    "packet_loss": {
      "p1": 0.35045254443485824,
      "p5": 0.19801621378467288,
      "p10": 0.13194057609111945,
      "p25": 0.04942801472949118,
      "p50": 0.0020621463207517545,
      "p75": 0.0,
      "p90": 0.0,
      "p95": 0.0,
      "p99": 0.0
    }
  }
}