{
  "sample_counts": {
    "downloads": 257680,
    "uploads": 200753
  },
  "metrics": {
    "download_throughput_mbps": {
      "p1": 0.1377807175583777,
      "p5": 0.5670864035862212,
      "p10": 1.446199763453909,
      "p25": 6.722338015815245,
      "p50": 27.16128167169874,
      "p75": 89.95775852525935,
      "p90": 210.29615443229667,
      "p95": 327.36968600829545,
      "p99": 729.3404464558539
    },
    "upload_throughput_mbps": {
      "p1": 0.03635493499183492,
      "p5": 0.07550737781386331,
      "p10": 0.0892982654903078,
      "p25": 2.671684702859043,
      "p50": 17.266140481358164,
      "p75": 55.81577078801743,
      "p90": 164.80902562256406,
      "p95": 260.2215248025107,
      "p99": 629.5832991263238
    },
    "latency_ms": {
      "p1": 302.778,
      "p5": 163.896,
      "p10": 150.926,
      "p25": 117.489,
      "p50": 25.657,
      "p75": 8.314,
      "p90": 3.221,
      "p95": 2.224,
      "p99": 1.01
    },
    "packet_loss": {
      "p1": 0.33678298725681927,
      "p5": 0.1966997459460669,
      "p10": 0.1348379402584769,
      "p25": 0.054977433396785264,
      "p50": 0.0027689325764917623,
      "p75": 0.0,
      "p90": 0.0,
      "p95": 0.0,
      "p99": 0.0
    }
  }
}