{
  "sample_counts": {
    "downloads": 7606,
    "uploads": 5702
  },
  "metrics": {
    "download_throughput_mbps": {
      "p1": 0.1192362730949939,
      "p5": 0.5109405714861759,
      "p10": 1.2116060297781566,
      "p25": 4.286519276290159,
      "p50": 13.389393079146267,
      "p75": 36.55662075281286,
      "p90": 58.93077872027293,
      "p95": 67.16609908407119,
      "p99": 93.06357970113511
    },
    "upload_throughput_mbps": {
      "p1": 0.04377154171832579,
      "p5": 0.09441352261393207,
      "p10": 0.2638837280647196,
      "p25": 1.3661618237303579,
      "p50": 5.555319915729652,
      "p75": 13.857372699839111,
      "p90": 32.4618873629835,
      "p95": 41.78227336108229,
      "p99": 66.23948952845159
    },
    "latency_ms": {
      "p1": 500.668,
      "p5": 325.689,
      "p10": 308.938,
      "p25": 295.909,
      "p50": 277.821,
      "p75": 257.288,
      "p90": 238.795,
      "p95": 202.165,
      "p99": 150.628
    },
    "packet_loss": {
      "p1": 0.34830397584297934,
      "p5": 0.2603093429595648,
      "p10": 0.20768694991451908,
      "p25": 0.1176559755654027,
      "p50": 0.011506870055641773,
      "p75": 0.0,
      "p90": 0.0,
      "p95": 0.0,
      "p99": 0.0
    }
  }
}