{
  "sample_counts": {
    "downloads": 3991423,
    "uploads": 2834611
  },
  "metrics": {
    "download_throughput_mbps": {
      "p1": 0.11973797712736525,
      "p5": 0.47374374441413997,
      "p10": 1.1995558002333355,
      "p25": 5.445446131669697,
      "p50": 23.12305387164666,
      "p75": 70.74013685815652,
      "p90": 175.05011680303556,
      "p95": 271.6455103069945,
      "p99": 417.3139001135705
    },
    "upload_throughput_mbps": {
      "p1": 0.021967829392950926,
      "p5": 0.06996167939470223,
      "p10": 0.07628845670194484,
      "p25": 0.7973301512089053,
      "p50": 8.883294003671569,
      "p75": 43.749276702025234,
      "p90": 99.15919704976649,
      "p95": 178.15728125864368,
      "p99": 308.6346847114414
    },
    "latency_ms": {
      "p1": 341.393,
      "p5": 207.287,
      "p10": 114.421,
      "p25": 72.262,
      "p50": 39.697,
      "p75": 20.147,
      "p90": 6.022,
      "p95": 4.06,
      "p99": 2.216
    },
    "packet_loss": {
      "p1": 0.39319612276936816,
      "p5": 0.22631801005246358,
      "p10": 0.15832541928854185,
      "p25": 0.07261749836602194,
      "p50": 0.0061876363600362845,
      "p75": 0.0,
      "p90": 0.0,
      "p95": 0.0,
      "p99": 0.0
    }
  }
}