{
  "sample_counts": {
    "downloads": 93056,
    "uploads": 80065
  },
  "metrics": {
    "download_throughput_mbps": {
      "p1": 0.0510247245077434,
      "p5": 0.2186879243413116,
      "p10": 0.510451388085861,
      "p25": 2.023602538295932,
      "p50": 5.334004234968602,
      "p75": 12.293785014541001,
      "p90": 23.11447262214245,
      "p95": 35.97664180437082,
      "p99": 71.18530727913718
    },
    "upload_throughput_mbps": {
      "p1": 0.023794941125119932,
      "p5": 0.12407689689363781,
      "p10": 0.33585124102307296,
      "p25": 1.3035663661336965,
      "p50": 4.457982693279611,
      "p75": 10.93350082634843,
      "p90": 20.050964323273764,
      "p95": 29.087459487459487,
      "p99": 64.80882428375888
    },
    "latency_ms": {
      "p1": 605.709,
      "p5": 289.394,
      "p10": 236.289,
      "p25": 205.764,
      "p50": 178.111,
      "p75": 162.55,
      "p90": 127.582,
      "p95": 88.0,
      "p99": 43.051
    },
    "packet_loss": {
      "p1": 0.38800676261959094,
      "p5": 0.30961203668582654,
      "p10": 0.26288953245535834,
      "p25": 0.1815383840402033,
      "p50": 0.08638206936007672,
      "p75": 0.006126494317713312,
      "p90": 0.0,
      "p95": 0.0,
      "p99": 0.0
    }
  }
}