{
  "sample_counts": {
    "downloads": 31922,
    "uploads": 25574
  },
  "metrics": {
    "download_throughput_mbps": {
      "p1": 0.0640768652350683,
      "p5": 0.179189773562081,
      "p10": 0.36729242387254035,
      "p25": 1.6384328157992243,
      "p50": 6.060115139853963,
      "p75": 13.479160300754767,
      "p90": 24.299112790689325,
      "p95": 38.728921444955795,
      "p99": 79.4127595686365
    },
    "upload_throughput_mbps": {
      "p1": 0.017787912839227087,
      "p5": 0.0817673408386052,
      "p10": 0.14462973887447533,
      "p25": 0.7805798431293177,
      "p50": 4.115589966790883,
      "p75": 12.368951266052738,
      "p90": 20.998800372097637,
      "p95": 29.95240861241866,
      "p99": 65.48869541567133
    },
    "latency_ms": {
      "p1": 559.685,
      "p5": 368.967,
      "p10": 316.0,
      "p25": 219.96,
      "p50": 177.128,
      "p75": 146.209,
      "p90": 107.519,
      "p95": 62.026,
      "p99": 40.534
    },
    "packet_loss": {
      "p1": 0.3886590385968125,
      "p5": 0.3175171585663941,
      "p10": 0.2747196433620494,
      "p25": 0.1943485753405255,
      "p50": 0.09278526351697083,
      "p75": 0.006843094481546096,
      "p90": 0.0,
      "p95": 0.0,
      "p99": 0.0
    }
  }
}