{
  "sample_counts": {
    "downloads": 142131,
    "uploads": 113254
  },
  "metrics": {
    "download_throughput_mbps": {
      "p1": 0.20253588029790498,
      "p5": 0.9220922237946348,
      "p10": 2.4690366309691485,
      "p25": 10.915012307988953,
      "p50": 43.42403395070043,
      "p75": 149.40772927875432,
      "p90": 356.2103133055614,
      "p95": 546.9166133331092,
      "p99": 799.761186985257
    },
    "upload_throughput_mbps": {
      "p1": 0.054607096258596735,
      "p5": 0.08950414449555871,
      "p10": 0.5867047341270809,
      "p25": 4.47889942532069,
      "p50": 16.593036152760984,
      "p75": 46.279684498145414,
      "p90": 101.0268862709459,
      "p95": 192.9113507748126,
      "p99": 507.6479043027448
    },
    "latency_ms": {
      "p1": 284.436,
      "p5": 98.271,
      "p10": 52.757,
      "p25": 32.733,
      "p50": 19.973,
      "p75": 9.751,
      "p90": 4.501,
      "p95": 1.951,
      "p99": 0.826
    },
    "packet_loss": {
      "p1": 0.29972178178631653,
      "p5": 0.14685459726215938,
      "p10": 0.08815576245077708,
      "p25": 0.021161623418443017,
      "p50": 0.0009797109946678218,
      "p75": 0.0,
      "p90": 0.0,
      "p95": 0.0,
      "p99": 0.0
    }
  }
}