{
  "sample_counts": {
    "downloads": 302945,
    "uploads": 205290
  },
  "metrics": {
    "download_throughput_mbps": {
      "p1": 0.17970705637175013,
      "p5": 0.7824572178560266,
      "p10": 2.016013327007987,
      "p25": 9.806445125543712,
      "p50": 40.073099003682145,
      "p75": 150.99295162525712,
      "p90": 376.6366828380946,
      "p95": 558.394053585606,
      "p99": 859.9341294218211
    },
    "upload_throughput_mbps": {
      "p1": 0.048646671945855875,
      "p5": 0.08956512208916753,
      "p10": 0.28161371481598513,
      "p25": 2.9950062509362403,
      "p50": 15.664387708887935,
      "p75": 49.342453953484835,
      "p90": 102.95044516566358,
      "p95": 199.4890441928222,
      "p99": 481.4665225166419
    },
    "latency_ms": {
      "p1": 304.555,
      "p5": 107.0,
      "p10": 55.326,
      "p25": 32.604,
      "p50": 19.997,
      "p75": 10.382,
      "p90": 5.0,
      "p95": 1.559,
      "p99": 0.731
    },
    "packet_loss": {
      "p1": 0.32918643424244737,
      "p5": 0.18499023571566056,
      "p10": 0.11194996133236776,
      "p25": 0.02738760117778356,
      "p50": 0.0006952580533805223,
      "p75": 0.0,
      "p90": 0.0,
      "p95": 0.0,
      "p99": 0.0
    }
  }
}