{
  "sample_counts": {
    "downloads": 6950,
    "uploads": 6312
  },
  "metrics": {
    "download_throughput_mbps": {
      "p1": 0.12325032198637315,
      "p5": 0.46053128564553625,
      "p10": 1.3062268711069775,
      "p25": 9.818393534477789,
      "p50": 50.28398078348381,
      "p75": 98.50726341719704,
      "p90": 170.78514882386006,
      "p95": 199.49298959705678,
      "p99": 320.04947234213034
    },
    "upload_throughput_mbps": {
      "p1": 0.07717209514414469,
      "p5": 0.3117003947894868,
      "p10": 0.679114732780443,
      "p25": 5.542608442286485,
      "p50": 36.73955464858748,
      "p75": 80.84130081375608,
      "p90": 122.20688121402931,
      "p95": 161.15871340105573,
      "p99": 218.28371099406576
    },
    "latency_ms": {
      "p1": 241.143,
      "p5": 125.895,
      "p10": 110.601,
      "p25": 98.64,
      "p50": 87.434,
      "p75": 80.0,
      "p90": 46.768,
      "p95": 44.431,
      "p99": 8.735
    },
    "packet_loss": {
      "p1": 0.3270020162332627,
      "p5": 0.2168648191134117,
      "p10": 0.15943280727535014,
      "p25": 0.09268535418671242,
      "p50": 0.040311249052501476,
      "p75": 0.0010137230016660434,
      "p90": 0.0,
      "p95": 0.0,
      "p99": 0.0
    }
  }
}