{
  "sample_counts": {
    "downloads": 8334,
    "uploads": 6979
  },
  "metrics": {
    "download_throughput_mbps": {
      "p1": 0.08152785904165868,
      "p5": 0.28649139760807546,
      "p10": 0.5777973696355225,
      "p25": 3.079695970032989,
      "p50": 16.764343339093337,
      "p75": 67.63101761464056,
      "p90": 103.68360809033906,
      "p95": 167.18775374945727,
      "p99": 252.2985101131781
    },
    "upload_throughput_mbps": {
      "p1": 0.025026337434156415,
      "p5": 0.18809340153986667,
      "p10": 0.4098007981114422,
      "p25": 1.5359288965236841,
      "p50": 11.191756985467826,
      "p75": 47.7875585941367,
      "p90": 93.32589772323104,
      "p95": 112.25028257671568,
      "p99": 197.71415428860564
    },
    "latency_ms": {
      "p1": 290.38,
      "p5": 127.603,
      "p10": 103.387,
      "p25": 76.0,
      "p50": 59.98,
      "p75": 47.445,
      "p90": 43.379,
      "p95": 13.201,
      "p99": 8.924
    },
    "packet_loss": {
      "p1": 0.3757702890602273,
      "p5": 0.2744259752603498,
      "p10": 0.2055009917016057,
      "p25": 0.11913607893497967,
      "p50": 0.06432290258046024,
      "p75": 0.003689373944548427,
      "p90": 0.0,
      "p95": 0.0,
      "p99": 0.0
    }
  }
}