{
  "sample_counts": {
    "downloads": 444600,
    "uploads": 299452
  },
  "metrics": {
    "download_throughput_mbps": {
      "p1": 0.2840931342208618,
      "p5": 1.5609895561287797,
      "p10": 3.996659342960158,
      "p25": 17.505844282311344,
      "p50": 69.91520702434845,
      "p75": 234.01940529765366,
      "p90": 466.78264096286915,
      "p95": 597.4789279137931,
      "p99": 893.861733519493
    },
    "upload_throughput_mbps": {
      "p1": 0.06360189339347191,
      "p5": 0.09582569088988742,
      "p10": 0.6255617072841739,
      "p25": 6.867235640399429,
      "p50": 33.45749028663404,
      "p75": 98.94883123866913,
      "p90": 233.34109328339403,
      "p95": 351.4067169205209,
      "p99": 509.8638240423312
    },
    "latency_ms": {
      "p1": 180.953,
      "p5": 71.723,
      "p10": 62.152,
      "p25": 37.397,
      "p50": 23.67,
      "p75": 10.759,
      "p90": 6.801,
      "p95": 4.384,
      "p99": 1.151
    },
    "packet_loss": {
      "p1": 0.22152886294104074,
      "p5": 0.11226665857437206,
      "p10": 0.06903962148300646,
      "p25": 0.012504463063307755,
      "p50": 0.00015730451444128147,
      "p75": 0.0,
      "p90": 0.0,
      "p95": 0.0,
      "p99": 0.0
    }
  }
}