{
  "sample_counts": {
    "downloads": 5501,
    "uploads": 4901
  },
  "metrics": {
    "download_throughput_mbps": {
      "p1": 0.2814985917531618,
      "p5": 1.8197603271583238,
      "p10": 3.664018778193771,
      "p25": 11.3556315929205,
      "p50": 41.52024876201241,
      "p75": 91.78746601362425,
      "p90": 190.4280720082858,
      "p95": 259.8902009345776,
      "p99": 352.6358155710283
    },
    "upload_throughput_mbps": {
      "p1": 0.08060790921560523,
      "p5": 0.7651659346437281,
      "p10": 2.1197086055128085,
      "p25": 5.72451314026566,
      "p50": 16.6123682750622,
      "p75": 28.055840098825804,
      "p90": 42.65766217808817,
      "p95": 60.539903271583505,
      "p99": 170.59939813340358
    },
    "latency_ms": {
      "p1": 207.482,
      "p5": 180.633,
      "p10": 174.842,
      "p25": 166.614,
      "p50": 50.571,
      "p75": 35.463,
      "p90": 24.653,
      "p95": 20.869,
      "p99": 13.224
    },
    "packet_loss": {
      "p1": 0.3052443068670093,
      "p5": 0.2096909997858619,
      "p10": 0.14296505284545405,
      "p25": 0.061677012064219855,
      "p50": 0.010003131516156257,
      "p75": 2.1604482054830645e-05,
      "p90": 0.0,
      "p95": 0.0,
      "p99": 0.0
    }
  }
}