{
  "sample_counts": {
    "downloads": 7354,
    "uploads": 6406
  },
  "metrics": {
    "download_throughput_mbps": {
      "p1": 0.2246218651673665,
      "p5": 1.6568888227599927,
      "p10": 4.755379158749494,
      "p25": 17.367752236831635,
      "p50": 63.08572057113316,
      "p75": 170.67537910998266,
      "p90": 604.9385292152145,
      "p95": 756.877631290167,
      "p99": 909.7084235580987
    },
    "upload_throughput_mbps": {
      "p1": 0.06890996413155814,
      "p5": 0.7670908958185402,
      "p10": 2.830338890209574,
      "p25": 12.308001689121165,
      "p50": 42.376125918697156,
      "p75": 92.45763167452525,
      "p90": 215.3457164225178,
      "p95": 278.83846785704463,
      "p99": 484.88945501701386
    },
    "latency_ms": {
      "p1": 294.502,
      "p5": 140.568,
      "p10": 84.13,
      "p25": 7.0,
      "p50": 4.67,
      "p75": 2.385,
      "p90": 1.479,
      "p95": 1.0,
      "p99": 0.833
    },
    "packet_loss": {
      "p1": 0.3728741091412985,
      "p5": 0.1154941194163446,
      "p10": 0.07672063033541325,
      "p25": 0.013092997150548541,
      "p50": 0.0002953065737231068,
      "p75": 0.0,
      "p90": 0.0,
      "p95": 0.0,
      "p99": 0.0
    }
  }
}