{
  "sample_counts": {
    "downloads": 10954,
    "uploads": 8394
  },
  "metrics": {
    "download_throughput_mbps": {
      "p1": 0.20627547653461814,
      "p5": 0.9671831986328925,
      "p10": 2.5486180035067574,
      "p25": 12.859047753304113,
      "p50": 46.27979547145653,
      "p75": 86.15674752808991,
      "p90": 191.63447769766546,
      "p95": 222.9742604210948,
      "p99": 275.59019059070107
    },
    "upload_throughput_mbps": {
      "p1": 0.05643055445149543,
      "p5": 0.08966045463362737,
      "p10": 0.43923887846235793,
      "p25": 4.770936145547249,
      "p50": 29.345638447635633,
      "p75": 81.26453635055118,
      "p90": 169.43783092048628,
      "p95": 214.01778285240232,
      "p99": 271.9419477340808
    },
    "latency_ms": {
      "p1": 419.352,
      "p5": 276.086,
      "p10": 248.252,
      "p25": 228.426,
      "p50": 110.673,
      "p75": 94.286,
      "p90": 81.267,
      "p95": 77.503,
      "p99": 44.78
    },
    "packet_loss": {
      "p1": 0.3170723824026937,
      "p5": 0.20884201135826527,
      "p10": 0.1493529905777185,
      "p25": 0.04263633812258862,
      "p50": 0.00010938797931996311,
      "p75": 0.0,
      "p90": 0.0,
      "p95": 0.0,
      "p99": 0.0
    }
  }
}