{
  "sample_counts": {
    "downloads": 32994,
    "uploads": 31696
  },
  "metrics": {
    "download_throughput_mbps": {
      "p1": 0.735192274021814,
      "p5": 5.307511095315817,
      "p10": 12.6922550724516,
      "p25": 29.640760469448708,
      "p50": 51.646656694595336,
      "p75": 170.25896301357545,
      "p90": 334.135020920682,
      "p95": 421.6836543610353,
      "p99": 660.0989076167112
    },
    "upload_throughput_mbps": {
      "p1": 0.07525178410091464,
      "p5": 0.8248623298184563,
      "p10": 3.1383449490817945,
      "p25": 12.39755231685725,
      "p50": 18.074690761751054,
      "p75": 83.63694236180412,
      "p90": 246.89997828249318,
      "p95": 356.98066858276206,
      "p99": 479.98726895149946
    },
    "latency_ms": {
      "p1": 181.999,
      "p5": 69.588,
      "p10": 60.324,
      "p25": 48.21,
      "p50": 37.737,
      "p75": 31.0,
      "p90": 20.573,
      "p95": 7.618,
      "p99": 7.0
    },
    "packet_loss": {
      "p1": 0.22740304786994883,
      "p5": 0.10616650788425412,
      "p10": 0.050755639666494,
      "p25": 0.012152909008851609,
      "p50": 0.00021488145646278946,
      "p75": 0.0,
      "p90": 0.0,
      "p95": 0.0,
      "p99": 0.0
    }
  }
}