{
  "sample_counts": {
    "downloads": 99148,
    "uploads": 70851
  },
  "metrics": {
    "download_throughput_mbps": {
      "p1": 0.28043677195632283,
      "p5": 1.5248562732499154,
      "p10": 4.087533976620546,
      "p25": 18.582321738392626,
      "p50": 57.67861695564426,
      "p75": 178.659285999823,
      "p90": 341.66898613970415,
      "p95": 434.1618479439406,
      "p99": 684.7936428036078
    },
    "upload_throughput_mbps": {
      "p1": 0.05027998765698497,
      "p5": 0.08971180263403421,
      "p10": 0.3811198849605177,
      "p25": 4.372279228319393,
      "p50": 26.723197276802722,
      "p75": 89.07879786904896,
      "p90": 288.633141864463,
      "p95": 394.87660278637804,
      "p99": 601.3354185044403
    },
    "latency_ms": {
      "p1": 194.807,
      "p5": 80.033,
      "p10": 65.447,
      "p25": 53.421,
      "p50": 39.55,
      "p75": 30.0,
      "p90": 13.884,
      "p95": 7.631,
      "p99": 7.0
    },
    "packet_loss": {
      "p1": 0.3100804473079407,
      "p5": 0.17097234111264514,
      "p10": 0.11495234663435662,
      "p25": 0.040510335572827606,
      "p50": 0.003484050161982851,
      "p75": 0.0,
      "p90": 0.0,
      "p95": 0.0,
      "p99": 0.0
    }
  }
}