{
  "sample_counts": {
    "downloads": 358658,
    "uploads": 228798
  },
  "metrics": {
    "download_throughput_mbps": {
      "p1": 0.2870879872558021,
      "p5": 1.6805905701872017,
      "p10": 3.9843682907443108,
      "p25": 12.295418073178299,
      "p50": 37.490019775077734,
      "p75": 122.35326798849833,
      "p90": 367.8923722264157,
      "p95": 843.545408873458,
      "p99": 920.4798809388822
    },
    "upload_throughput_mbps": {
      "p1": 0.04869109774869473,
      "p5": 0.07567654803142804,
      "p10": 0.18679883715198028,
      "p25": 2.6933117645841285,
      "p50": 12.125632727889785,
      "p75": 52.80065852259592,
      "p90": 314.8340526534312,
      "p95": 905.5592664203668,
      "p99": 909.049443875278
    },
    "latency_ms": {
      "p1": 133.037,
      "p5": 46.322,
      "p10": 35.063,
      "p25": 18.849,
      "p50": 6.524,
      "p75": 2.3,
      "p90": 0.528,
      "p95": 0.449,
      "p99": 0.355
    },
    "packet_loss": {
      "p1": 0.25798875390207476,
      "p5": 0.12649051111235515,
      "p10": 0.09367946567174598,
      "p25": 0.0351130446729308,
      "p50": 0.0010479341763275658,
      "p75": 0.0,
      "p90": 0.0,
      "p95": 0.0,
      "p99": 0.0
    }
  }
}