{
  "sample_counts": {
    "downloads": 115546,
    "uploads": 97742
  },
  "metrics": {
    "download_throughput_mbps": {
      "p1": 0.13269277118881773,
      "p5": 0.5121254635183649,
      "p10": 1.882765831615427,
      "p25": 9.586711944153928,
      "p50": 34.048102811738424,
      "p75": 81.4868093276269,
      "p90": 154.2067870399693,
      "p95": 259.8801975234667,
      "p99": 469.91527518769357
    },
    "upload_throughput_mbps": {
      "p1": 0.04994181661167986,
      "p5": 0.23939342307036973,
      "p10": 0.7192354893600256,
      "p25": 5.478328367008055,
      "p50": 24.39695841824949,
      "p75": 71.8258155147807,
      "p90": 119.12137198153043,
      "p95": 220.74779411713237,
      "p99": 383.23017981149366
    },
    "latency_ms": {
      "p1": 400.154,
      "p5": 169.899,
      "p10": 129.679,
      "p25": 99.0,
      "p50": 51.597,
      "p75": 31.337,
      "p90": 18.665,
      "p95": 14.735,
      "p99": 6.0
    },
    "packet_loss": {
      "p1": 0.391328,
      "p5": 0.23268214536460105,
      "p10": 0.16727408266379526,
      "p25": 0.08712723035980095,
      "p50": 0.02838934855610576,
      "p75": 0.0011663007683863885,
      "p90": 0.0,
      "p95": 0.0,
      "p99": 0.0
    }
  }
}