{
  "sample_counts": {
    "downloads": 175134,
    "uploads": 130205
  },
  "metrics": {
    "download_throughput_mbps": {
      "p1": 0.3679328752536905,
      "p5": 2.397504012625237,
      "p10": 6.432989134972485,
      "p25": 30.638711730221424,
      "p50": 93.69549661073385,
      "p75": 249.40943483026925,
      "p90": 484.530482992398,
      "p95": 713.0923313286775,
      "p99": 929.7931749888181
    },
    "upload_throughput_mbps": {
      "p1": 0.07014615448845929,
      "p5": 0.29752320987632097,
      "p10": 2.4519479272805813,
      "p25": 12.187468320520884,
      "p50": 55.784551528153514,
      "p75": 184.7674795798413,
      "p90": 392.0341783047561,
      "p95": 504.63524401122265,
      "p99": 915.9478773198822
    },
    "latency_ms": {
      "p1": 256.162,
      "p5": 108.381,
      "p10": 45.057,
      "p25": 26.665,
      "p50": 14.079,
      "p75": 4.662,
      "p90": 1.396,
      "p95": 0.821,
      "p99": 0.476
    },
    "packet_loss": {
      "p1": 0.2329586009564015,
      "p5": 0.12607688288104668,
      "p10": 0.08881999317829663,
      "p25": 0.0407998561588224,
      "p50": 0.0029120216171941602,
      "p75": 3.889131225454291e-06,
      "p90": 0.0,
      "p95": 0.0,
      "p99": 0.0
    }
  }
}