{
  "sample_counts": {
    "downloads": 658506,
    "uploads": 431975
  },
  "metrics": {
    "download_throughput_mbps": {
      "p1": 0.22057662318040294,
      "p5": 1.1210913183628033,
      "p10": 2.8705927476707207,
      "p25": 13.625998179868093,
      "p50": 54.07408324195317,
      "p75": 200.66905493354017,
      "p90": 473.0525903159756,
      "p95": 694.4420136940663,
      "p99": 990.4376819193316
    },
    "upload_throughput_mbps": {
      "p1": 0.04076749040636992,
      "p5": 0.07551165222288621,
      "p10": 0.08853966669226634,
      "p25": 2.157369702260159,
      "p50": 19.08037789007276,
      "p75": 110.86083652821262,
      "p90": 363.2014978916898,
      "p95": 540.4773974480793,
      "p99": 922.5607145871408
    },
    "latency_ms": {
      "p1": 353.566,
      "p5": 211.027,
      "p10": 116.413,
      "p25": 37.761,
      "p50": 6.387,
      "p75": 2.964,
      "p90": 0.84,
      "p95": 0.543,
      "p99": 0.188
    },
    "packet_loss": {
      "p1": 0.3151994505555371,
      "p5": 0.14534832405946585,
      "p10": 0.07908179233891165,
      "p25": 0.009361954037499962,
      "p50": 0.0002035252981763806,
      "p75": 0.0,
      "p90": 0.0,
      "p95": 0.0,
      "p99": 0.0
    }
  }
}