{
  "sample_counts": {
    "downloads": 384508,
    "uploads": 247585
  },
  "metrics": {
    "download_throughput_mbps": {
      "p1": 0.24822716713534662,
      "p5": 1.3830980092341656,
      "p10": 3.5807273025968387,
      "p25": 17.416785890748642,
      "p50": 72.27297238597953,
      "p75": 267.04781465174204,
      "p90": 576.1991320504738,
      "p95": 830.4198987044546,
      "p99": 1570.0688099903086
    },
    "upload_throughput_mbps": {
      "p1": 0.04380791710212608,
      "p5": 0.08300383242288958,
      "p10": 0.10161781243631438,
      "p25": 2.967455021305855,
      "p50": 28.318378354921045,
      "p75": 147.97414950449883,
      "p90": 447.012545794249,
      "p95": 700.0911018616508,
      "p99": 1352.5091588798505
    },
    "latency_ms": {
      "p1": 367.212,
      "p5": 205.134,
      "p10": 112.927,
      "p25": 36.295,
      "p50": 6.072,
      "p75": 2.827,
      "p90": 0.662,
      "p95": 0.491,
      "p99": 0.211
    },
    "packet_loss": {
      "p1": 0.29719755609760784,
      "p5": 0.14801682539507066,
      "p10": 0.07911282506795048,
      "p25": 0.008390685019206146,
      "p50": 0.00014023222689202425,
      "p75": 0.0,
      "p90": 0.0,
      "p95": 0.0,
      "p99": 0.0
    }
  }
}