{
  "sample_counts": {
    "downloads": 6003,
    "uploads": 5615
  },
  "metrics": {
    "download_throughput_mbps": {
      "p1": 0.6796087662518839,
      "p5": 4.996780071430798,
      "p10": 10.073161347733855,
      "p25": 26.264821312917476,
      "p50": 91.59959971810683,
      "p75": 300.06037388399244,
      "p90": 514.7187271022715,
      "p95": 693.8380844287336,
      "p99": 898.1861090687947
    },
    "upload_throughput_mbps": {
      "p1": 0.10846082853466094,
      "p5": 1.3778846688427966,
      "p10": 3.6221161152750905,
      "p25": 9.641617331794937,
      "p50": 34.997381412045506,
      "p75": 78.97519068435167,
      "p90": 136.1972234207812,
      "p95": 285.83876565762785,
      "p99": 416.5242958110202
    },
    "latency_ms": {
      "p1": 201.616,
      "p5": 76.196,
      "p10": 49.368,
      "p25": 39.531,
      "p50": 27.291,
      "p75": 20.223,
      "p90": 14.584,
      "p95": 14.0,
      "p99": 8.988
    },
    "packet_loss": {
      "p1": 0.22209931806355113,
      "p5": 0.15698340953035886,
      "p10": 0.13539441230729937,
      "p25": 0.053226387914555515,
      "p50": 0.002528627290433919,
      "p75": 0.0,
      "p90": 0.0,
      "p95": 0.0,
      "p99": 0.0
    }
  }
}