{
  "sample_counts": {
    "downloads": 16933,
    "uploads": 16619
  },
  "metrics": {
    "download_throughput_mbps": {
      "p1": 0.3374665749964776,
      "p5": 3.1970231147136516,
      "p10": 7.469040764067271,
      "p25": 19.997572038447437,
      "p50": 65.18942812686248,
      "p75": 211.15046705430444,
      "p90": 466.1829022448872,
      "p95": 641.6794353608977,
      "p99": 813.5995708293982
    },
    "upload_throughput_mbps": {
      "p1": 0.05704526622725101,
      "p5": 0.7168356074262536,
      "p10": 1.933269127559127,
      "p25": 5.847892700537529,
      "p50": 28.74952794543996,
      "p75": 68.596083099156,
      "p90": 143.54110085203692,
      "p95": 182.8768795770724,
      "p99": 541.4605199355562
    },
    "latency_ms": {
      "p1": 259.944,
      "p5": 139.509,
      "p10": 45.342,
      "p25": 31.0,
      "p50": 20.041,
      "p75": 14.077,
      "p90": 10.0,
      "p95": 8.368,
      "p99": 5.0
    },
    "packet_loss": {
      "p1": 0.251412504983033,
      "p5": 0.1451856281497906,
      "p10": 0.10327800250966997,
      "p25": 0.05675298082291171,
      "p50": 0.01017622042476803,
      "p75": 0.00022956486441792586,
      "p90": 0.0,
      "p95": 0.0,
      "p99": 0.0
    }
  }
}