{
  "sample_counts": {
    "downloads": 59371,
    "uploads": 47160
  },
  "metrics": {
    "download_throughput_mbps": {
      "p1": 0.26281985624540294,
      "p5": 1.5214576867564964,
      "p10": 3.969917882808765,
      "p25": 14.413773746869705,
      "p50": 47.01149596766211,
      "p75": 136.34148574084497,
      "p90": 388.57904202933537,
      "p95": 489.68539216408794,
      "p99": 761.7039238177215
    },
    "upload_throughput_mbps": {
      "p1": 0.0696532566741388,
      "p5": 0.33044890697580004,
      "p10": 1.1051091337397538,
      "p25": 4.860366466576295,
      "p50": 22.161635976622563,
      "p75": 66.56735914480642,
      "p90": 106.27343939135916,
      "p95": 179.8881922884006,
      "p99": 351.6206257679705
    },
    "latency_ms": {
      "p1": 186.141,
      "p5": 48.989,
      "p10": 41.291,
      "p25": 31.426,
      "p50": 24.0,
      "p75": 15.835,
      "p90": 11.381,
      "p95": 9.619,
      "p99": 5.0
    },
    "packet_loss": {
      "p1": 0.26003355961159585,
      "p5": 0.15607780132193094,
      "p10": 0.11130874203359857,
      "p25": 0.054391176728324026,
      "p50": 0.005738375990126035,
      "p75": 2.0099024147288584e-06,
      "p90": 0.0,
      "p95": 0.0,
      "p99": 0.0
    }
  }
}