{
  "sample_counts": {
    "downloads": 7730,
    "uploads": 5631
  },
  "metrics": {
    "download_throughput_mbps": {
      "p1": 0.0732509492161405,
      "p5": 0.2582455443656236,
      "p10": 0.6117043251722458,
      "p25": 2.443279433004748,
      "p50": 8.093397498162735,
      "p75": 15.73205041867765,
      "p90": 30.423387945116904,
      "p95": 47.976882123508034,
      "p99": 75.86432212910222
    },
    "upload_throughput_mbps": {
      "p1": 0.02752403588860283,
      "p5": 0.18511441596343403,
      "p10": 0.38077334699362436,
      "p25": 1.5209008919284466,
      "p50": 2.929596809424062,
      "p75": 5.015873263466537,
      "p90": 11.406038205791535,
      "p95": 17.13072330086166,
      "p99": 31.40113896094499
    },
    "latency_ms": {
      "p1": 722.604,
      "p5": 273.114,
      "p10": 210.481,
      "p25": 181.659,
      "p50": 172.675,
      "p75": 164.496,
      "p90": 160.931,
      "p95": 114.683,
      "p99": 47.781
    },
    "packet_loss": {
      "p1": 0.3345672628937702,
      "p5": 0.24768254032165996,
      "p10": 0.20699232058980482,
      "p25": 0.1386805523269329,
      "p50": 0.03470474548462897,
      "p75": 0.0001247561142014634,
      "p90": 0.0,
      "p95": 0.0,
      "p99": 0.0
    }
  }
}