{
  "sample_counts": {
    "downloads": 15671,
    "uploads": 14396
  },
  "metrics": {
    "download_throughput_mbps": {
      "p1": 0.36966615686155496,
      "p5": 2.532686039337256,
      "p10": 5.636364725205418,
      "p25": 18.57310316873018,
      "p50": 40.66016694485476,
      "p75": 67.49248442565013,
      "p90": 100.38522172886476,
      "p95": 133.81659289084104,
      "p99": 182.85860779562057
    },
    "upload_throughput_mbps": {
      "p1": 0.15360629247559526,
      "p5": 0.8871353979429236,
      "p10": 2.3600898273083297,
      "p25": 5.938903768555584,
      "p50": 12.694004577995363,
      "p75": 20.537638161151854,
      "p90": 27.391399782580066,
      "p95": 45.38796455005434,
      "p99": 92.16607666545403
    },
    "latency_ms": {
      "p1": 170.391,
      "p5": 143.333,
      "p10": 132.062,
      "p25": 113.987,
      "p50": 95.717,
      "p75": 87.938,
      "p90": 82.313,
      "p95": 79.426,
      "p99": 66.0
    },
    "packet_loss": {
      "p1": 0.30684265518050197,
      "p5": 0.20702720510316325,
      "p10": 0.16059070956909588,
      "p25": 0.08053806841122878,
      "p50": 0.009590242801739802,
      "p75": 0.0,
      "p90": 0.0,
      "p95": 0.0,
      "p99": 0.0
    }
  }
}