{
  "sample_counts": {
    "downloads": 6057,
    "uploads": 4916
  },
  "metrics": {
    "download_throughput_mbps": {
      "p1": 0.06654062911152524,
      "p5": 0.16964034617004167,
      "p10": 0.2943417408407887,
      "p25": 0.823038368887844,
      "p50": 2.1567233116282316,
      "p75": 5.08415279568189,
      "p90": 21.069285718953054,
      "p95": 41.46773802269255,
      "p99": 99.09406338780504
    },
    "upload_throughput_mbps": {
      "p1": 0.019303176836187798,
      "p5": 0.07325484590320773,
      "p10": 0.1593474209767589,
      "p25": 0.4267495387859088,
      "p50": 1.7289578040438642,
      "p75": 4.2833012891376425,
      "p90": 11.699766110992783,
      "p95": 20.976310084712544,
      "p99": 45.19657731584038
    },
    "latency_ms": {
      "p1": 518.732,
      "p5": 250.762,
      "p10": 188.216,
      "p25": 145.513,
      "p50": 118.98,
      "p75": 107.959,
      "p90": 95.863,
      "p95": 84.492,
      "p99": 55.389
    },
    "packet_loss": {
      "p1": 0.40906648598822964,
      "p5": 0.33059838323348734,
      "p10": 0.2861803726130958,
      "p25": 0.20084882539303006,
      "p50": 0.1051213494750129,
      "p75": 0.004173042984146646,
      "p90": 0.0,
      "p95": 0.0,
      "p99": 0.0
    }
  }
}