{
  "sample_counts": {
    "downloads": 302825,
    "uploads": 196074
  },
  "metrics": {
    "download_throughput_mbps": {
      "p1": 0.15514101281920906,
      "p5": 0.6757119203865569,
      "p10": 1.8767107668467478,
      "p25": 7.677090284474579,
      "p50": 28.71818585127086,
      "p75": 87.32840170858547,
      "p90": 254.28101462315007,
      "p95": 363.30155804749563,
      "p99": 575.7508692633651
    },
    "upload_throughput_mbps": {
      "p1": 0.05046580015938295,
      "p5": 0.08316150852234062,
      "p10": 0.10297844946157401,
      "p25": 2.777549989185014,
      "p50": 14.77332336005984,
      "p75": 67.147578334359,
      "p90": 181.65856831201745,
      "p95": 287.46281653718347,
      "p99": 498.3682013807487
    },
    "latency_ms": {
      "p1": 306.457,
      "p5": 237.531,
      "p10": 218.742,
      "p25": 87.308,
      "p50": 46.239,
      "p75": 31.69,
      "p90": 27.751,
      "p95": 26.29,
      "p99": 23.716
    },
    "packet_loss": {
      "p1": 0.40114364513186074,
      "p5": 0.2761424434472292,
      "p10": 0.20454388838189425,
      "p25": 0.08626952913584701,
      "p50": 0.006262265320076132,
      "p75": 0.0,
      "p90": 0.0,
      "p95": 0.0,
      "p99": 0.0
    }
  }
}