{
  "sample_counts": {
    "downloads": 1215517,
    "uploads": 744887
  },
  "metrics": {
    "download_throughput_mbps": {
      "p1": 0.15567695174531815,
      "p5": 0.6841188725574887,
      "p10": 1.7699555566801246,
      "p25": 6.153451092049374,
      "p50": 19.28002215273706,
      "p75": 70.08500314292394,
      "p90": 214.19250112345753,
      "p95": 327.372750687543,
      "p99": 556.1793585223263
    },
    "upload_throughput_mbps": {
      "p1": 0.03563788681442987,
      "p5": 0.07528541573564707,
      "p10": 0.08280205673263166,
      "p25": 1.4311857725493882,
      "p50": 9.158263407282016,
      "p75": 44.75928248143504,
      "p90": 153.3033592721427,
      "p95": 263.94301092708537,
      "p99": 485.2678038940712
    },
    "latency_ms": {
      "p1": 377.772,
      "p5": 226.5,
      "p10": 212.662,
      "p25": 72.365,
      "p50": 39.0,
      "p75": 29.118,
      "p90": 26.44,
      "p95": 25.475,
      "p99": 24.125
    },
    "packet_loss": {
      "p1": 0.3955179552355313,
      "p5": 0.2826458806004226,
      "p10": 0.2097940458040936,
      "p25": 0.07729537583099648,
      "p50": 0.004146842157832729,
      "p75": 0.0,
      "p90": 0.0,
      "p95": 0.0,
      "p99": 0.0
    }
  }
}