{
  "sample_counts": {
    "downloads": 6539,
    "uploads": 1647
  },
  "metrics": {
    "download_throughput_mbps": {
      "p1": 0.05342970339384836,
      "p5": 0.14017693173775364,
      "p10": 0.2448154639824261,
      "p25": 0.6716003082686424,
      "p50": 1.7207946931896487,
      "p75": 3.0466683905111758,
      "p90": 4.91976987922862,
      "p95": 6.548384075351459,
      "p99": 28.28264363686218
    },
    "upload_throughput_mbps": {
      "p1": 0.02500561982466147,
      "p5": 0.08012803238207326,
      "p10": 0.1279037350120935,
      "p25": 0.26892719298482454,
      "p50": 0.5539138762640479,
      "p75": 2.978007567929275,
      "p90": 6.545026053931789,
      "p95": 7.882843396059146,
      "p99": 27.988361466522417
    },
    "latency_ms": {
      "p1": 516.441,
      "p5": 333.789,
      "p10": 311.0,
      "p25": 271.992,
      "p50": 251.893,
      "p75": 232.146,
      "p90": 217.759,
      "p95": 213.779,
      "p99": 209.807
    },
    "packet_loss": {
      "p1": 0.4647259608713751,
      "p5": 0.42428139363196876,
      "p10": 0.40989660101556985,
      "p25": 0.3533797135613727,
      "p50": 0.2556147773367645,
      "p75": 0.08839398370330005,
      "p90": 0.007757870684891051,
      "p95": 0.0,
      "p99": 0.0
    }
  }
}