{
  "sample_counts": {
    "downloads": 804608,
    "uploads": 521842
  },
  "metrics": {
    "download_throughput_mbps": {
      "p1": 0.14607927336608828,
      "p5": 0.6325519219555941,
      "p10": 1.4449364091171328,
      "p25": 4.907334687083982,
      "p50": 12.281869683426757,
      "p75": 25.99987193191524,
      "p90": 44.283510160288735,
      "p95": 59.207811483931756,
      "p99": 150.21406997508763
    },
    "upload_throughput_mbps": {
      "p1": 0.03570311074222315,
      "p5": 0.07780475192820398,
      "p10": 0.08986938593812525,
      "p25": 0.6751157161119387,
      "p50": 4.080808642398129,
      "p75": 9.676386190539517,
      "p90": 22.717854985009062,
      "p95": 30.383962081137565,
      "p99": 58.19688774309726
    },
    "latency_ms": {
      "p1": 344.265,
      "p5": 101.498,
      "p10": 75.2,
      "p25": 53.491,
      "p50": 34.349,
      "p75": 17.983,
      "p90": 8.376,
      "p95": 2.74,
      "p99": 0.157
    },
    "packet_loss": {
      "p1": 0.32020472507307507,
      "p5": 0.2016859447839369,
      "p10": 0.15281752767026122,
      "p25": 0.07956036499845229,
      "p50": 0.01025583252734839,
      "p75": 0.00015824912726018422,
      "p90": 0.0,
      "p95": 0.0,
      "p99": 0.0
    }
  }
}