{
  "sample_counts": {
    "downloads": 308043,
    "uploads": 218558
  },
  "metrics": {
    "download_throughput_mbps": {
      "p1": 0.153824853077602,
      "p5": 0.6744262684681746,
      "p10": 1.7258243793997776,
      "p25": 6.776921509560066,
      "p50": 19.741244588824458,
      "p75": 44.29806413047163,
      "p90": 84.3262628144343,
      "p95": 113.74941356374286,
      "p99": 276.9347956725547
    },
    "upload_throughput_mbps": {
      "p1": 0.04860223866202251,
      "p5": 0.08849829719433544,
      "p10": 0.3987462760948336,
      "p25": 2.198256225512514,
      "p50": 6.157910467969569,
      "p75": 13.255632888899378,
      "p90": 23.733519929350557,
      "p95": 41.93051842608369,
      "p99": 115.09293573236813
    },
    "latency_ms": {
      "p1": 276.846,
      "p5": 125.987,
      "p10": 112.39,
      "p25": 100.265,
      "p50": 83.503,
      "p75": 66.395,
      "p90": 49.281,
      "p95": 31.246,
      "p99": 11.581
    },
    "packet_loss": {
      "p1": 0.34794523349386997,
      "p5": 0.2260188026603024,
      "p10": 0.1731475573395826,
      "p25": 0.10067083420086431,
      "p50": 0.03655835697710331,
      "p75": 0.0006363804288902647,
      "p90": 0.0,
      "p95": 0.0,
      "p99": 0.0
    }
  }
}