{
  "sample_counts": {
    "downloads": 1794122,
    "uploads": 1133988
  },
  "metrics": {
    "download_throughput_mbps": {
      "p1": 0.16788270161174298,
      "p5": 0.7365653416103376,
      "p10": 1.9563471416464648,
      "p25": 8.349569624143305,
      "p50": 25.125786468136326,
      "p75": 58.49184749350009,
      "p90": 108.4235700754269,
      "p95": 188.2776492968033,
      "p99": 335.3321743647489
    },
    "upload_throughput_mbps": {
      "p1": 0.04915173949578067,
      "p5": 0.08961879014633302,
      "p10": 0.3217203621551924,
      "p25": 2.611673966036979,
      "p50": 7.60331287271168,
      "p75": 14.804619797113396,
      "p90": 30.262301481905773,
      "p95": 46.51387863630591,
      "p99": 211.75801040277634
    },
    "latency_ms": {
      "p1": 293.096,
      "p5": 136.771,
      "p10": 113.197,
      "p25": 98.0,
      "p50": 80.734,
      "p75": 63.807,
      "p90": 46.413,
      "p95": 28.389,
      "p99": 11.484
    },
    "packet_loss": {
      "p1": 0.3375281294394227,
      "p5": 0.21329317727413716,
      "p10": 0.16095412773664017,
      "p25": 0.08910436303781036,
      "p50": 0.02528299655800863,
      "p75": 2.862663501938542e-05,
      "p90": 0.0,
      "p95": 0.0,
      "p99": 0.0
    }
  }
}