{
  "sample_counts": {
    "downloads": 114923,
    "uploads": 89897
  },
  "metrics": {
    "download_throughput_mbps": {
      "p1": 0.3509499877626422,
      "p5": 1.963335678997955,
      "p10": 5.016064388354136,
      "p25": 18.23882229796754,
      "p50": 63.600701973242344,
      "p75": 183.50874107036248,
      "p90": 464.0293389820086,
      "p95": 560.5508179961861,
      "p99": 729.3186802337062
    },
    "upload_throughput_mbps": {
      "p1": 0.06271642997306316,
      "p5": 0.10324937636983901,
      "p10": 0.8594360378721224,
      "p25": 5.710918640409075,
      "p50": 24.189845797788745,
      "p75": 76.10192897185496,
      "p90": 206.1774341994478,
      "p95": 289.4385684706182,
      "p99": 486.1124341301581
    },
    "latency_ms": {
      "p1": 287.376,
      "p5": 181.033,
      "p10": 86.681,
      "p25": 24.352,
      "p50": 12.803,
      "p75": 7.818,
      "p90": 5.259,
      "p95": 4.449,
      "p99": 3.303
    },
    "packet_loss": {
      "p1": 0.28354763558334234,
      "p5": 0.1564136195174936,
      "p10": 0.10382924133921546,
      "p25": 0.04376544309238318,
      "p50": 0.0031947255840791707,
      "p75": 9.781221637236008e-07,
      "p90": 0.0,
      "p95": 0.0,
      "p99": 0.0
    }
  }
}