{
  "sample_counts": {
    "downloads": 110369,
    "uploads": 87943
  },
  "metrics": {
    "download_throughput_mbps": {
      "p1": 0.2807395600014387,
      "p5": 1.7318203762820024,
      "p10": 4.476466033801521,
      "p25": 15.992363930008292,
      "p50": 64.47701417642203,
      "p75": 218.6544560845221,
      "p90": 357.12517343258736,
      "p95": 467.1783257530093,
      "p99": 710.8140262984346
    },
    "upload_throughput_mbps": {
      "p1": 0.05742588494723471,
      "p5": 0.08922886806673086,
      "p10": 0.7707153955475224,
      "p25": 6.239921251134205,
      "p50": 31.34735646344488,
      "p75": 118.36764933662553,
      "p90": 223.75127614923431,
      "p95": 285.08136646503084,
      "p99": 497.0232975627239
    },
    "latency_ms": {
      "p1": 286.497,
      "p5": 89.617,
      "p10": 39.848,
      "p25": 21.0,
      "p50": 10.076,
      "p75": 6.937,
      "p90": 4.828,
      "p95": 4.093,
      "p99": 3.244
    },
    "packet_loss": {
      "p1": 0.2451571072534072,
      "p5": 0.13067298857745663,
      "p10": 0.09034682851926376,
      "p25": 0.03742750856901509,
      "p50": 0.0018872837997800428,
      "p75": 0.0,
      "p90": 0.0,
      "p95": 0.0,
      "p99": 0.0
    }
  }
}