{
  "sample_counts": {
    "downloads": 104858,
    "uploads": 74360
  },
  "metrics": {
    "download_throughput_mbps": {
      "p1": 0.08019387248340996,
      "p5": 0.26314120669635327,
      "p10": 0.4857943235854714,
      "p25": 1.9427825009628483,
      "p50": 7.579737600268057,
      "p75": 16.831208987803983,
      "p90": 30.02132853790476,
      "p95": 41.51142231009247,
      "p99": 88.11911010555957
    },
    "upload_throughput_mbps": {
      "p1": 0.018820773768031582,
      "p5": 0.06849716445179568,
      "p10": 0.07590812405955794,
      "p25": 0.4266797223154697,
      "p50": 3.176197095676555,
      "p75": 9.934819978039407,
      "p90": 19.695442704557294,
      "p95": 26.7494692314215,
      "p99": 53.510482998726424
    },
    "latency_ms": {
      "p1": 517.269,
      "p5": 336.217,
      "p10": 294.363,
      "p25": 213.341,
      "p50": 171.72,
      "p75": 46.025,
      "p90": 23.094,
      "p95": 15.309,
      "p99": 12.56
    },
    "packet_loss": {
      "p1": 0.43252023344059887,
      "p5": 0.3198323218716047,
      "p10": 0.2513847590785219,
      "p25": 0.13997593359730867,
      "p50": 0.03442197502019457,
      "p75": 0.00048525074581306593,
      "p90": 0.0,
      "p95": 0.0,
      "p99": 0.0
    }
  }
}