{
  "sample_counts": {
    "downloads": 55092,
    "uploads": 41584
  },
  "metrics": {
    "download_throughput_mbps": {
      "p1": 0.07457234709959093,
      "p5": 0.25726496486472583,
      "p10": 0.5790482724284159,
      "p25": 2.4085584028479747,
      "p50": 8.836127392646851,
      "p75": 20.94059684659147,
      "p90": 34.60347927678687,
      "p95": 45.1594581381426,
      "p99": 93.5454492150795
    },
    "upload_throughput_mbps": {
      "p1": 0.027320873264771155,
      "p5": 0.07641334315576132,
      "p10": 0.08956666468346919,
      "p25": 0.7829469913763631,
      "p50": 4.442622503325899,
      "p75": 14.32838987139413,
      "p90": 24.892860167646315,
      "p95": 35.62594344070652,
      "p99": 81.61786531315627
    },
    "latency_ms": {
      "p1": 445.478,
      "p5": 357.496,
      "p10": 331.449,
      "p25": 219.0,
      "p50": 96.599,
      "p75": 31.067,
      "p90": 16.434,
      "p95": 15.313,
      "p99": 13.925
    },
    "packet_loss": {
      "p1": 0.4186448847061211,
      "p5": 0.30876616142955393,
      "p10": 0.2493198249088391,
      "p25": 0.15568451133607994,
      "p50": 0.06621876109750018,
      "p75": 0.0029567125835569534,
      "p90": 0.0,
      "p95": 0.0,
      "p99": 0.0
    }
  }
}