{
  "sample_counts": {
    "downloads": 166036,
    "uploads": 129422
  },
  "metrics": {
    "download_throughput_mbps": {
      "p1": 0.15695335046352676,
      "p5": 0.6213298516183964,
      "p10": 1.666854162778103,
      "p25": 9.166998249738025,
      "p50": 34.541725205934824,
      "p75": 83.55693728571721,
      "p90": 179.19641512693153,
      "p95": 302.99740157503106,
      "p99": 626.302244531864
    },
    "upload_throughput_mbps": {
      "p1": 0.05006825207198611,
      "p5": 0.10273273679550855,
      "p10": 0.5724809743295477,
      "p25": 5.261928722046058,
      "p50": 24.62862590832082,
      "p75": 64.14479732488508,
      "p90": 102.6719806628989,
      "p95": 231.65270609278855,
      "p99": 562.6451167564019
    },
    "latency_ms": {
      "p1": 238.943,
      "p5": 101.445,
      "p10": 77.832,
      "p25": 50.981,
      "p50": 27.821,
      "p75": 21.564,
      "p90": 16.707,
      "p95": 15.201,
      "p99": 9.675
    },
    "packet_loss": {
      "p1": 0.3563442202295452,
      "p5": 0.19084076572328904,
      "p10": 0.1318999786450847,
      "p25": 0.060222854643479824,
      "p50": 0.008607627085195945,
      "p75": 1.4219066630826608e-05,
      "p90": 0.0,
      "p95": 0.0,
      "p99": 0.0
    }
  }
}