{
  "sample_counts": {
    "downloads": 74360,
    "uploads": 70190
  },
  "metrics": {
    "download_throughput_mbps": {
      "p1": 0.23613475605497494,
      "p5": 1.213743994243866,
      "p10": 3.7593819578768453,
      "p25": 14.166872290654709,
      "p50": 38.091632089349865,
      "p75": 78.62544377987193,
      "p90": 148.8031827227735,
      "p95": 286.077038676103,
      "p99": 535.7448794876823
    },
    "upload_throughput_mbps": {
      "p1": 0.07528162513019312,
      "p5": 0.6506195294134353,
      "p10": 2.0745765594056773,
      "p25": 9.488880848996624,
      "p50": 29.01320524849953,
      "p75": 55.047397277368304,
      "p90": 92.63830735305118,
      "p95": 199.85645637321343,
      "p99": 405.40942973796126
    },
    "latency_ms": {
      "p1": 176.773,
      "p5": 97.029,
      "p10": 87.914,
      "p25": 58.0,
      "p50": 30.802,
      "p75": 21.726,
      "p90": 16.661,
      "p95": 15.756,
      "p99": 11.677
    },
    "packet_loss": {
      "p1": 0.2797802195094001,
      "p5": 0.1565528302098404,
      "p10": 0.1123736189900183,
      "p25": 0.052048035999891565,
      "p50": 0.008223866735977664,
      "p75": 9.349185160080892e-05,
      "p90": 0.0,
      "p95": 0.0,
      "p99": 0.0
    }
  }
}