{
  "sample_counts": {
    "downloads": 91700,
    "uploads": 70039
  },
  "metrics": {
    "download_throughput_mbps": {
      "p1": 0.10302694962050048,
      "p5": 0.3628716501406789,
      "p10": 0.7322795902124607,
      "p25": 2.743584996203995,
      "p50": 9.196348451836293,
      "p75": 28.37575452904384,
      "p90": 54.72649496502983,
      "p95": 74.6340727659116,
      "p99": 196.749876476964
    },
    "upload_throughput_mbps": {
      "p1": 0.025759579397587596,
      "p5": 0.0696120856448471,
      "p10": 0.07638736185029779,
      "p25": 0.6092540953729523,
      "p50": 5.378577579707206,
      "p75": 15.914489776694996,
      "p90": 37.98539304236018,
      "p95": 52.21909697764583,
      "p99": 95.06201084695869
    },
    "latency_ms": {
      "p1": 343.928,
      "p5": 165.0,
      "p10": 88.336,
      "p25": 40.255,
      "p50": 25.844,
      "p75": 12.931,
      "p90": 10.873,
      "p95": 10.011,
      "p99": 9.0
    },
    "packet_loss": {
      "p1": 0.4151451575157146,
      "p5": 0.29195596348349784,
      "p10": 0.22372428556232266,
      "p25": 0.1350050056121465,
      "p50": 0.04662800864295627,
      "p75": 0.001996570731538913,
      "p90": 0.0,
      "p95": 0.0,
      "p99": 0.0
    }
  }
}