{
  "sample_counts": {
    "downloads": 25430008,
    "uploads": 18921651
  },
  "metrics": {
    "download_throughput_mbps": {
      "p1": 0.4112324527467669,
      "p5": 3.1101699428712077,
      "p10": 9.111139991689715,
      "p25": 38.876867695409054,
      "p50": 121.07616084433697,
      "p75": 321.9336768565991,
      "p90": 533.912771843037,
      "p95": 697.0379142468731,
      "p99": 914.8336056910122
    },
    "upload_throughput_mbps": {
      "p1": 0.06617899254769362,
      "p5": 0.15651008805172315,
      "p10": 1.3032936901189296,
      "p25": 9.588473330938044,
      "p50": 28.991762029656694,
      "p75": 93.16014883538611,
      "p90": 301.55122324877675,
      "p95": 461.8389360750648,
      "p99": 887.4471273205669
    },
    "latency_ms": {
      "p1": 208.168,
      "p5": 71.492,
      "p10": 45.723,
      "p25": 27.833,
      "p50": 14.967,
      "p75": 7.409,
      "p90": 2.743,
      "p95": 0.809,
      "p99": 0.194
    },
    "packet_loss": {
      "p1": 0.2411283711186684,
      "p5": 0.11113809525769631,
      "p10": 0.06657879451641285,
      "p25": 0.015387385716894974,
      "p50": 0.0003141855587395214,
      "p75": 0.0,
      "p90": 0.0,
      "p95": 0.0,
      "p99": 0.0
    }
  }
}