{
  "sample_counts": {
    "downloads": 5356,
    "uploads": 5028
  },
  "metrics": {
    "download_throughput_mbps": {
      "p1": 0.6336127698460906,
      "p5": 3.2512803142978353,
      "p10": 9.630008128254639,
      "p25": 36.69716259177897,
      "p50": 192.68200653308634,
      "p75": 708.9256287263729,
      "p90": 752.7264956171016,
      "p95": 761.0913911226452,
      "p99": 773.4930281495922
    },
    "upload_throughput_mbps": {
      "p1": 0.20302721247276417,
      "p5": 1.3887509868498353,
      "p10": 3.6321060549033475,
      "p25": 10.65757314214292,
      "p50": 27.06579499679733,
      "p75": 52.37094127428781,
      "p90": 103.6337008175746,
      "p95": 104.90073891795564,
      "p99": 167.6204619996706
    },
    "latency_ms": {
      "p1": 206.478,
      "p5": 41.732,
      "p10": 30.086,
      "p25": 17.863,
      "p50": 13.607,
      "p75": 11.842,
      "p90": 10.729,
      "p95": 9.094,
      "p99": 9.0
    },
    "packet_loss": {
      "p1": 0.1727187429344953,
      "p5": 0.08797632582359897,
      "p10": 0.06649872804555447,
      "p25": 0.019387410102745223,
      "p50": 0.00794535651575835,
      "p75": 0.0,
      "p90": 0.0,
      "p95": 0.0,
      "p99": 0.0
    }
  }
}