{
  "sample_counts": {
    "downloads": 5606,
    "uploads": 5791
  },
  "metrics": {
    "download_throughput_mbps": {
      "p1": 0.08234489627520448,
      "p5": 0.24036365774771506,
      "p10": 0.9497471389822761,
      "p25": 5.484474351135582,
      "p50": 18.18007413309515,
      "p75": 68.40785059995507,
      "p90": 84.1697912023622,
      "p95": 95.17008637906041,
      "p99": 101.68171353542368
    },
    "upload_throughput_mbps": {
      "p1": 0.08546940945558794,
      "p5": 0.4040647098469057,
      "p10": 0.802386975074278,
      "p25": 2.402152667697006,
      "p50": 14.464700115719332,
      "p75": 68.49372017037685,
      "p90": 85.21639942063976,
      "p95": 91.00806456347445,
      "p99": 182.91569653304825
    },
    "latency_ms": {
      "p1": 366.504,
      "p5": 269.455,
      "p10": 252.153,
      "p25": 235.366,
      "p50": 215.471,
      "p75": 115.469,
      "p90": 103.952,
      "p95": 98.356,
      "p99": 89.962
    },
    "packet_loss": {
      "p1": 0.24784832655168432,
      "p5": 0.15282311172192636,
      "p10": 0.09232574244414019,
      "p25": 0.026677063881307587,
      "p50": 0.0012869129850261926,
      "p75": 0.0,
      "p90": 0.0,
      "p95": 0.0,
      "p99": 0.0
    }
  }
}