{
  "sample_counts": {
    "downloads": 129569,
    "uploads": 111851
  },
  "metrics": {
    "download_throughput_mbps": {
      "p1": 0.13991530220925535,
      "p5": 0.5980696984130016,
      "p10": 1.4009263000516534,
      "p25": 5.7116992965073345,
      "p50": 25.06458518064401,
      "p75": 73.88294997063261,
      "p90": 148.32048828758835,
      "p95": 193.50294063025459,
      "p99": 254.54858187440175
    },
    "upload_throughput_mbps": {
      "p1": 0.04313743999244831,
      "p5": 0.12390077458982217,
      "p10": 0.4004393364515662,
      "p25": 2.951336842622089,
      "p50": 20.914369314076716,
      "p75": 60.07905682483011,
      "p90": 141.95923752530817,
      "p95": 195.06264936241038,
      "p99": 251.12776379017623
    },
    "latency_ms": {
      "p1": 288.124,
      "p5": 156.861,
      "p10": 134.532,
      "p25": 110.323,
      "p50": 97.505,
      "p75": 89.0,
      "p90": 76.606,
      "p95": 67.175,
      "p99": 26.281
    },
    "packet_loss": {
      "p1": 0.3312505345178842,
      "p5": 0.2228317450148154,
      "p10": 0.1703143005662986,
      "p25": 0.084003078019532,
      "p50": 0.008590514944546095,
      "p75": 0.0,
      "p90": 0.0,
      "p95": 0.0,
      "p99": 0.0
    }
  }
}