{
  "sample_counts": {
    "downloads": 106233,
    "uploads": 95256
  },
  "metrics": {
    "download_throughput_mbps": {
      "p1": 0.12344524730644502,
      "p5": 0.5145292625218514,
      "p10": 1.1545736722651454,
      "p25": 4.337657014927033,
      "p50": 19.407045135999155,
      "p75": 58.02114355089299,
      "p90": 111.8821271359147,
      "p95": 167.27994394499217,
      "p99": 248.69634191414707
    },
    "upload_throughput_mbps": {
      "p1": 0.04266785272919207,
      "p5": 0.1466586408186365,
      "p10": 0.32738024525138926,
      "p25": 1.106226882059128,
      "p50": 14.921812221299504,
      "p75": 44.660831026703576,
      "p90": 90.49935171294867,
      "p95": 162.2301290658296,
      "p99": 234.78663285346857
    },
    "latency_ms": {
      "p1": 336.076,
      "p5": 165.043,
      "p10": 144.29,
      "p25": 118.14,
      "p50": 99.14,
      "p75": 89.093,
      "p90": 78.142,
      "p95": 68.493,
      "p99": 26.946
    },
    "packet_loss": {
      "p1": 0.32885044221339876,
      "p5": 0.23219840915383874,
      "p10": 0.1826472487868043,
      "p25": 0.0976893638032763,
      "p50": 0.011443397370655332,
      "p75": 0.0,
      "p90": 0.0,
      "p95": 0.0,
      "p99": 0.0
    }
  }
}