{
  "sample_counts": {
    "downloads": 112362,
    "uploads": 89925
  },
  "metrics": {
    "download_throughput_mbps": {
      "p1": 0.21118552745606814,
      "p5": 1.1017225623448257,
      "p10": 3.289116572627733,
      "p25": 12.544621130076031,
      "p50": 33.67361660730197,
      "p75": 73.40835768637048,
      "p90": 148.10255885404482,
      "p95": 202.86635079203484,
      "p99": 358.68297903379874
    },
    "upload_throughput_mbps": {
      "p1": 0.0332227109588148,
      "p5": 0.4826584482658448,
      "p10": 1.6244681665893728,
      "p25": 7.656959147541738,
      "p50": 24.634843474606463,
      "p75": 55.592753780143624,
      "p90": 97.13997915616568,
      "p95": 136.55484762576188,
      "p99": 271.48209277577126
    },
    "latency_ms": {
      "p1": 442.049,
      "p5": 281.318,
      "p10": 234.639,
      "p25": 191.935,
      "p50": 57.001,
      "p75": 34.0,
      "p90": 24.228,
      "p95": 22.569,
      "p99": 20.2
    },
    "packet_loss": {
      "p1": 0.2866884259935267,
      "p5": 0.18567796832221756,
      "p10": 0.14230838510621766,
      "p25": 0.07714169396064093,
      "p50": 0.014535972080042099,
      "p75": 7.34346425356093e-05,
      "p90": 0.0,
      "p95": 0.0,
      "p99": 0.0
    }
  }
}