{
  "sample_counts": {
    "downloads": 18880,
    "uploads": 13951
  },
  "metrics": {
    "download_throughput_mbps": {
      "p1": 0.047838627271620464,
      "p5": 0.14861068046735007,
      "p10": 0.2678563806265121,
      "p25": 0.7504137246276479,
      "p50": 1.8559194583447889,
      "p75": 4.822592249842009,
      "p90": 15.392446907791587,
      "p95": 27.913489135715064,
      "p99": 57.37826263162795
    },
    "upload_throughput_mbps": {
      "p1": 0.015555653548333487,
      "p5": 0.06786834358918925,
      "p10": 0.12762680277248545,
      "p25": 0.354765899832207,
      "p50": 0.7006249766266222,
      "p75": 2.7245867378111277,
      "p90": 6.942114678261937,
      "p95": 12.963048875692694,
      "p99": 23.164972568570573
    },
    "latency_ms": {
      "p1": 930.076,
      "p5": 353.123,
      "p10": 263.499,
      "p25": 204.683,
      "p50": 185.884,
      "p75": 166.156,
      "p90": 153.998,
      "p95": 148.53,
      "p99": 117.84
    },
    "packet_loss": {
      "p1": 0.3536825407371726,
      "p5": 0.26084764661515203,
      "p10": 0.20667884371029224,
      "p25": 0.12146082651651365,
      "p50": 0.025955349656466217,
      "p75": 0.0009832130825176038,
      "p90": 0.0,
      "p95": 0.0,
      "p99": 0.0
    }
  }
}