{
  "sample_counts": {
    "downloads": 14366,
    "uploads": 10693
  },
  "metrics": {
    "download_throughput_mbps": {
      "p1": 0.04262925581034322,
      "p5": 0.1295537556501098,
      "p10": 0.2460998162325633,
      "p25": 0.6744574243214385,
      "p50": 1.7994995071420874,
      "p75": 4.483226732084431,
      "p90": 12.004388676437175,
      "p95": 19.748067281449508,
      "p99": 37.26957340890364
    },
    "upload_throughput_mbps": {
      "p1": 0.014383661983943377,
      "p5": 0.05272064967443081,
      "p10": 0.10183539159416867,
      "p25": 0.26579795961832087,
      "p50": 0.6023553635626788,
      "p75": 1.817855413381526,
      "p90": 7.313695211569166,
      "p95": 14.43590608298245,
      "p99": 27.077556211964556
    },
    "latency_ms": {
      "p1": 1027.0,
      "p5": 430.664,
      "p10": 331.224,
      "p25": 230.485,
      "p50": 187.986,
      "p75": 136.94,
      "p90": 114.758,
      "p95": 83.725,
      "p99": 70.281
    },
    "packet_loss": {
      "p1": 0.35604745522579107,
      "p5": 0.25270017729646843,
      "p10": 0.19896265528029622,
      "p25": 0.11360611488770976,
      "p50": 0.01943692251663798,
      "p75": 0.0006031038120679856,
      "p90": 0.0,
      "p95": 0.0,
      "p99": 0.0
    }
  }
}