{
  "sample_counts": {
    "downloads": 2044186,
    "uploads": 1589879
  },
  "metrics": {
    "download_throughput_mbps": {
      "p1": 0.12771017733818688,
      "p5": 0.5242489205579879,
      "p10": 1.3082012177256015,
      "p25": 5.704175766548461,
      "p50": 20.457168919411988,
      "p75": 43.20336101387388,
      "p90": 91.58058516637789,
      "p95": 156.86721282560256,
      "p99": 400.1635405277175
    },
    "upload_throughput_mbps": {
      "p1": 0.023958629784611125,
      "p5": 0.07526601079702941,
      "p10": 0.08941328978154545,
      "p25": 1.1062899974401639,
      "p50": 6.539537400860256,
      "p75": 22.805557594236905,
      "p90": 53.798781195722576,
      "p95": 91.967005454058,
      "p99": 218.8180940958742
    },
    "latency_ms": {
      "p1": 313.6,
      "p5": 70.947,
      "p10": 42.528,
      "p25": 22.77,
      "p50": 11.824,
      "p75": 5.199,
      "p90": 2.526,
      "p95": 1.699,
      "p99": 0.589
    },
    "packet_loss": {
      "p1": 0.33496339235429057,
      "p5": 0.19407125159962071,
      "p10": 0.15419322466301655,
      "p25": 0.0799585229563915,
      "p50": 0.005173190054355767,
      "p75": 0.0,
      "p90": 0.0,
      "p95": 0.0,
      "p99": 0.0
    }
  }
}