{
  "sample_counts": {
    "downloads": 1811306,
    "uploads": 1297099
  },
  "metrics": {
    "download_throughput_mbps": {
      "p1": 0.15435207121566535,
      "p5": 0.7022875403833277,
      "p10": 1.7362009573081836,
      "p25": 6.774412310087414,
      "p50": 21.909256297976224,
      "p75": 52.07712899004555,
      "p90": 105.3696138929769,
      "p95": 200.28338247834873,
      "p99": 483.38549667656446
    },
    "upload_throughput_mbps": {
      "p1": 0.03515470785489001,
      "p5": 0.08290155025906984,
      "p10": 0.10250481163788884,
      "p25": 1.7837420498547591,
      "p50": 9.544694920637207,
      "p75": 28.85239627986413,
      "p90": 73.46483589845948,
      "p95": 104.29500773449304,
      "p99": 249.22457640762627
    },
    "latency_ms": {
      "p1": 270.845,
      "p5": 58.975,
      "p10": 38.743,
      "p25": 22.443,
      "p50": 11.767,
      "p75": 4.347,
      "p90": 2.173,
      "p95": 1.53,
      "p99": 0.609
    },
    "packet_loss": {
      "p1": 0.32731673790016946,
      "p5": 0.19504266256954375,
      "p10": 0.14390699935907353,
      "p25": 0.0751764332258488,
      "p50": 0.005845829151344648,
      "p75": 0.0,
      "p90": 0.0,
      "p95": 0.0,
      "p99": 0.0
    }
  }
}