{
  "sample_counts": {
    "downloads": 10124,
    "uploads": 8468
  },
  "metrics": {
    "download_throughput_mbps": {
      "p1": 0.06487558367257615,
      "p5": 0.21387236116457284,
      "p10": 0.5036051931613473,
      "p25": 1.853842888782445,
      "p50": 5.941304471769813,
      "p75": 15.040152864148514,
      "p90": 26.806930824252586,
      "p95": 34.80118044292537,
      "p99": 71.85490900641462
    },
    "upload_throughput_mbps": {
      "p1": 0.015576811813322246,
      "p5": 0.06751837262178868,
      "p10": 0.0766969698545343,
      "p25": 0.4371153342921301,
      "p50": 1.2649588682306514,
      "p75": 2.2748831657601807,
      "p90": 4.794734064371079,
      "p95": 12.932430772972308,
      "p99": 39.99089686554257
    },
    "latency_ms": {
      "p1": 570.91,
      "p5": 427.208,
      "p10": 384.264,
      "p25": 331.139,
      "p50": 290.894,
      "p75": 250.426,
      "p90": 47.273,
      "p95": 35.915,
      "p99": 23.317
    },
    "packet_loss": {
      "p1": 0.34854997351023886,
      "p5": 0.2683508192413806,
      "p10": 0.22531142216364222,
      "p25": 0.14870972220129455,
      "p50": 0.06200017092706718,
      "p75": 0.0067981164334854184,
      "p90": 7.778619215930282e-05,
      "p95": 0.0,
      "p99": 0.0
    }
  }
}