{
  "sample_counts": {
    "downloads": 4479,
    "uploads": 4100
  },
  "metrics": {
    "download_throughput_mbps": {
      "p1": 0.06567290616397109,
      "p5": 0.33362302174373926,
      "p10": 0.757661105357819,
      "p25": 3.1684590981751586,
      "p50": 12.626389501211975,
      "p75": 34.07264317520004,
      "p90": 46.848051147144346,
      "p95": 74.653087528849,
      "p99": 297.937385123844
    },
    "upload_throughput_mbps": {
      "p1": 0.0132141064481898,
      "p5": 0.12014065257342647,
      "p10": 0.3076396945490122,
      "p25": 0.8590880239398815,
      "p50": 3.409284911959952,
      "p75": 18.899169295874838,
      "p90": 44.671110692479694,
      "p95": 50.32246216995742,
      "p99": 80.92037362833626
    },
    "latency_ms": {
      "p1": 441.0,
      "p5": 382.722,
      "p10": 352.533,
      "p25": 282.931,
      "p50": 47.039,
      "p75": 35.773,
      "p90": 27.251,
      "p95": 24.796,
      "p99": 21.016
    },
    "packet_loss": {
      "p1": 0.3304935145910653,
      "p5": 0.23401577686350683,
      "p10": 0.1923341874978834,
      "p25": 0.141243141593301,
      "p50": 0.05507275519791425,
      "p75": 0.004476270478282065,
      "p90": 6.699798609590043e-05,
      "p95": 0.0,
      "p99": 0.0
    }
  }
}