{
  "metrics": {
    "download_throughput_mbps": {
      "p1": 2.4387355292164417,
      "p5": 10.852326920072125,
      "p10": 21.68211261512246,
      "p25": 41.69509931869329,
      "p50": 107.32260988581488,
      "p75": 284.80534391998845,
      "p90": 382.4817194942598,
      "p95": 528.0461316744277,
      "p99": 779.1933542147518
    },
    "upload_throughput_mbps": {
      "p1": 0.06930458421989344,
      "p5": 0.09537470096665575,
      "p10": 1.0068051916884986,
      "p25": 5.747160206521707,
      "p50": 29.090703565979346,
      "p75": 151.4953251476835,
      "p90": 261.8303922989208,
      "p95": 341.39652649118705,
      "p99": 893.9335614996578
    },
    "latency_ms": {
      "p1": 118.963,
      "p5": 87.982,
      "p10": 67.92,
      "p25": 30.722,
      "p50": 24.414,
      "p75": 20.0,
      "p90": 3.0,
      "p95": 3.0,
      "p99": 0.255
    },
    "packet_loss": {
      "p1": 0.18767376940926528,
      "p5": 0.11220611199406579,
      "p10": 0.09574315067357606,
      "p25": 0.011792654337715728,
      "p50": 3.375919938183155e-05,
      "p75": 0.0,
      "p90": 0.0,
      "p95": 0.0,
      "p99": 0.0
    }
  }
}