{
  "metrics": {
    "download_throughput_mbps": {
      "p1": 0.21093419546434689,
      "p5": 1.0360432349789142,
      "p10": 2.6851762893033597,
      "p25": 11.14275385521991,
      "p50": 46.0623661128589,
      "p75": 132.78144129708673,
      "p90": 305.12497627115425,
      "p95": 460.53461294968577,
      "p99": 690.0254281002691
    },
    "upload_throughput_mbps": {
      "p1": 0.04882985555970975,
      "p5": 0.08833360499755502,
      "p10": 0.28992176760238947,
      "p25": 3.204224038770087,
      "p50": 18.7528841625981,
      "p75": 59.523102175092305,
      "p90": 112.12100205879891,
      "p95": 206.28887296669055,
      "p99": 295.9291832571118
    },
    "latency_ms": {
      "p1": 305.558,
      "p5": 187.786,
      "p10": 119.752,
      "p25": 33.008,
      "p50": 19.994,
      "p75": 17.594,
      "p90": 16.0,
      "p95": 15.417,
      "p99": 14.0
    },
    "packet_loss": {
      "p1": 0.33280708655053315,
      "p5": 0.2047039511184404,
      "p10": 0.14262776802015895,
      "p25": 0.06711915066832579,
      "p50": 0.006173602552208771,
      "p75": 0.0,
      "p90": 0.0,
      "p95": 0.0,
      "p99": 0.0
    }
  }
}