{
  "metrics": {
    "download_throughput_mbps": {
      "p1": 0.33221190591318184,
      "p5": 2.019789803932227,
      "p10": 4.855549752803122,
      "p25": 15.261596028864995,
      "p50": 49.95741269825378,
      "p75": 138.99237325134766,
      "p90": 363.1102566674616,
      "p95": 519.5555997306564,
      "p99": 750.7030836426482
    },
    "upload_throughput_mbps": {
      "p1": 0.07497006359267887,
      "p5": 0.540678662162531,
      "p10": 1.659105615554665,
      "p25": 7.060039708153571,
      "p50": 22.845908031457512,
      "p75": 71.54147796682842,
      "p90": 122.16591520775575,
      "p95": 221.21407685154634,
      "p99": 305.73693551425754
    },
    "latency_ms": {
      "p1": 343.779,
      "p5": 200.0,
      "p10": 145.902,
      "p25": 41.252,
      "p50": 20.939,
      "p75": 18.196,
      "p90": 16.476,
      "p95": 15.0,
      "p99": 1.481
    },
    "packet_loss": {
      "p1": 0.2887504612756348,
      "p5": 0.16608425601927113,
      "p10": 0.11744804111941974,
      "p25": 0.05778452792523859,
      "p50": 0.006592820075351366,
      "p75": 0.0,
      "p90": 0.0,
      "p95": 0.0,
      "p99": 0.0
    }
  }
}