{
  "metrics": {
    "download_throughput_mbps": {
      "p1": 0.34949493726812203,
      "p5": 2.0090015748851373,
      "p10": 4.855549752803122,
      "p25": 15.253818484935529,
      "p50": 50.00949117213149,
      "p75": 138.98418744111265,
      "p90": 363.08866824046663,
      "p95": 519.0213934174361,
      "p99": 751.1776693451493
    },
    "upload_throughput_mbps": {
      "p1": 0.07499046269551474,
      "p5": 0.5464904834525499,
      "p10": 1.6458633309444193,
      "p25": 7.053668483695539,
      "p50": 22.88002004633816,
      "p75": 71.55941296474683,
      "p90": 122.24839656162659,
      "p95": 221.21403403021233,
      "p99": 305.6272721591043
    },
    "latency_ms": {
      "p1": 338.387,
      "p5": 200.0,
      "p10": 145.864,
      "p25": 41.239,
      "p50": 20.938,
      "p75": 18.193,
      "p90": 16.478,
      "p95": 15.0,
      "p99": 1.483
    },
    "packet_loss": {
      "p1": 0.2913825220205726,
      "p5": 0.16681263257795845,
      "p10": 0.11759452283540514,
      "p25": 0.057954993672463775,
      "p50": 0.006579420166065968,
      "p75": 0.0,
      "p90": 0.0,
      "p95": 0.0,
      "p99": 0.0
    }
  }
}