{
  "metrics": {
    "download_throughput_mbps": {
      "p1": 0.0581395560672749,
      "p5": 0.131876005945939,
      "p10": 0.23165080651906755,
      "p25": 0.6077657517255075,
      "p50": 1.5679960256201266,
      "p75": 3.392596329991772,
      "p90": 7.509615745457938,
      "p95": 13.345939950834191,
      "p99": 35.47188088437403
    },
    "upload_throughput_mbps": {
      "p1": 0.017213587950488433,
      "p5": 0.06664307394438485,
      "p10": 0.11859802048633444,
      "p25": 0.32179947300313516,
      "p50": 0.7098564349861523,
      "p75": 1.887203191754574,
      "p90": 4.593886209618156,
      "p95": 8.386901885741898,
      "p99": 21.577133248255596
    },
    "latency_ms": {
      "p1": 742.341,
      "p5": 413.723,
      "p10": 367.951,
      "p25": 280.846,
      "p50": 242.0,
      "p75": 198.0,
      "p90": 172.0,
      "p95": 141.535,
      "p99": 89.079
    },
    "packet_loss": {
      "p1": 0.3756439848335547,
      "p5": 0.29937449418910966,
      "p10": 0.2530484760167531,
      "p25": 0.1738268314579027,
      "p50": 0.048964808448807455,
      "p75": 0.0,
      "p90": 0.0,
      "p95": 0.0,
      "p99": 0.0
    }
  }
}