{
  "metrics": {
    "download_throughput_mbps": {
      "p1": 0.057562317538063915,
      "p5": 0.13131606320375744,
      "p10": 0.23235431013265567,
      "p25": 0.6077657517255075,
      "p50": 1.5679960256201266,
      "p75": 3.392596329991772,
      "p90": 7.499202775128196,
      "p95": 13.306370141937071,
      "p99": 35.47188088437403
    },
    "upload_throughput_mbps": {
      "p1": 0.017392485716108907,
      "p5": 0.06703357988992603,
      "p10": 0.11842288014711067,
      "p25": 0.32309888500636375,
      "p50": 0.7096868772018243,
      "p75": 1.8815026398857446,
      "p90": 4.607441391936447,
      "p95": 8.386901885741898,
      "p99": 21.227667295099433
    },
    "latency_ms": {
      "p1": 752.356,
      "p5": 413.853,
      "p10": 368.341,
      "p25": 280.854,
      "p50": 241.915,
      "p75": 198.0,
      "p90": 172.023,
      "p95": 141.535,
      "p99": 89.079
    },
    "packet_loss": {
      "p1": 0.37604696728112136,
      "p5": 0.2993764740890956,
      "p10": 0.25305779215359586,
      "p25": 0.17371590349853744,
      "p50": 0.049413914557550155,
      "p75": 0.0,
      "p90": 0.0,
      "p95": 0.0,
      "p99": 0.0
    }
  }
}