{
  "metrics": {
    "download_throughput_mbps": {
      "p1": 0.5425844431212904,
      "p5": 3.096192629941815,
      "p10": 5.91397474108826,
      "p25": 11.803245999373578,
      "p50": 45.02850684008576,
      "p75": 58.60083933329687,
      "p90": 95.66291772153038,
      "p95": 113.43726278164854,
      "p99": 141.49069417376748
    },
    "upload_throughput_mbps": {
      "p1": 0.11066572669956551,
      "p5": 0.3153654436214012,
      "p10": 0.5064765708597959,
      "p25": 1.2282231463301374,
      "p50": 11.105408528308113,
      "p75": 20.982620594102016,
      "p90": 26.145171558004964,
      "p95": 33.6109725092285,
      "p99": 93.43003884028506
    },
    "latency_ms": {
      "p1": 157.799,
      "p5": 138.518,
      "p10": 128.981,
      "p25": 112.202,
      "p50": 98.703,
      "p75": 92.767,
      "p90": 90.117,
      "p95": 87.604,
      "p99": 72.652
    },
    "packet_loss": {
      "p1": 0.36362587669537144,
      "p5": 0.2430685979249507,
      "p10": 0.2064237899519401,
      "p25": 0.12212980763006558,
      "p50": 0.015542482129469988,
      "p75": 0.004063698616128905,
      "p90": 0.0,
      "p95": 0.0,
      "p99": 0.0
    }
  }
}