{
  "metrics": {
    "download_throughput_mbps": {
      "p1": 0.6254804346895433,
      "p5": 3.2142075348825214,
      "p10": 7.781343353580372,
      "p25": 20.108758575666602,
      "p50": 43.50570512571038,
      "p75": 49.72315975964289,
      "p90": 71.06593935587996,
      "p95": 81.52830892973581,
      "p99": 101.62765421383824
    },
    "upload_throughput_mbps": {
      "p1": 0.04401874271569317,
      "p5": 0.10927497388715691,
      "p10": 0.19692242101058258,
      "p25": 7.0532667413773416,
      "p50": 11.057875496480039,
      "p75": 16.277702257875827,
      "p90": 21.336980056250756,
      "p95": 24.165533907868863,
      "p99": 33.464698740808906
    },
    "latency_ms": {
      "p1": 228.41,
      "p5": 140.01,
      "p10": 128.454,
      "p25": 112.56,
      "p50": 98.173,
      "p75": 92.851,
      "p90": 88.993,
      "p95": 86.248,
      "p99": 41.41
    },
    "packet_loss": {
      "p1": 0.33977295426698895,
      "p5": 0.24169489305791717,
      "p10": 0.18302639393579834,
      "p25": 0.09311262135927391,
      "p50": 0.02042615516808518,
      "p75": 0.004248947522690192,
      "p90": 3.837354119539366e-06,
      "p95": 0.0,
      "p99": 0.0
    }
  }
}