{
  "metrics": {
    "download_throughput_mbps": {
      "p1": 0.37801434095700776,
      "p5": 2.514115727117359,
      "p10": 6.057203643422643,
      "p25": 19.21568565621494,
      "p50": 51.96105694184161,
      "p75": 108.80461957291199,
      "p90": 235.71435316803564,
      "p95": 321.23131425240194,
      "p99": 506.11758021815734
    },
    "upload_throughput_mbps": {
      "p1": 0.06309877677574802,
      "p5": 0.08947710623571409,
      "p10": 0.4726382427421235,
      "p25": 3.322651073130497,
      "p50": 14.596386505356286,
      "p75": 36.75226325712027,
      "p90": 68.18445558467054,
      "p95": 95.24155942025739,
      "p99": 262.5649411662118
    },
    "latency_ms": {
      "p1": 197.0,
      "p5": 92.157,
      "p10": 74.164,
      "p25": 49.832,
      "p50": 40.442,
      "p75": 27.277,
      "p90": 11.156,
      "p95": 10.722,
      "p99": 4.0
    },
    "packet_loss": {
      "p1": 0.238837677915553,
      "p5": 0.14485558758546008,
      "p10": 0.10463476471157977,
      "p25": 0.046811777558400124,
      "p50": 0.002997666645175897,
      "p75": 1.073627766014404e-05,
      "p90": 0.0,
      "p95": 0.0,
      "p99": 0.0
    }
  }
}