{
  "metrics": {
    "download_throughput_mbps": {
      "p1": 1.7474923144839667,
      "p5": 10.469218811950988,
      "p10": 22.164029094652815,
      "p25": 34.726412109561714,
      "p50": 50.54263887380777,
      "p75": 63.61886461074219,
      "p90": 66.1947724088663,
      "p95": 94.54008540240227,
      "p99": 240.9167486706948
    },
    "upload_throughput_mbps": {
      "p1": 0.32765335102290677,
      "p5": 3.8707197437458705,
      "p10": 10.39746283214282,
      "p25": 18.28020228735704,
      "p50": 19.750930290647457,
      "p75": 20.382118660872525,
      "p90": 20.77385810976686,
      "p95": 29.71848103999784,
      "p99": 67.46208301071566
    },
    "latency_ms": {
      "p1": 82.209,
      "p5": 51.457,
      "p10": 44.467,
      "p25": 29.571,
      "p50": 29.096,
      "p75": 28.833,
      "p90": 28.065,
      "p95": 10.831,
      "p99": 4.903
    },
    "packet_loss": {
      "p1": 0.15576033475777631,
      "p5": 0.08421794216708946,
      "p10": 0.06614179124523578,
      "p25": 0.04404517193158287,
      "p50": 0.0035569364328188885,
      "p75": 0.0,
      "p90": 0.0,
      "p95": 0.0,
      "p99": 0.0
    }
  }
}