{
  "metrics": {
    "download_throughput_mbps": {
      "p1": 0.3665100885393932,
      "p5": 2.6907418900676423,
      "p10": 7.519273857335149,
      "p25": 20.894467631716395,
      "p50": 42.143678585602586,
      "p75": 94.79148735186641,
      "p90": 184.96609886105549,
      "p95": 196.18823132236724,
      "p99": 237.18998159895327
    },
    "upload_throughput_mbps": {
      "p1": 0.13724569067322312,
      "p5": 1.1787931714982278,
      "p10": 3.1237920305566593,
      "p25": 11.771751399774244,
      "p50": 18.64133905887021,
      "p75": 20.938771126740143,
      "p90": 44.70845723582732,
      "p95": 65.38435467609695,
      "p99": 136.45632653086798
    },
    "latency_ms": {
      "p1": 282.248,
      "p5": 127.331,
      "p10": 111.705,
      "p25": 103.385,
      "p50": 100.633,
      "p75": 92.534,
      "p90": 89.0,
      "p95": 53.672,
      "p99": 28.906
    },
    "packet_loss": {
      "p1": 0.2602072316434747,
      "p5": 0.17688838329043163,
      "p10": 0.14287311406326403,
      "p25": 0.0880934019837676,
      "p50": 0.01507805827639728,
      "p75": 0.0,
      "p90": 0.0,
      "p95": 0.0,
      "p99": 0.0
    }
  }
}