{
  "metrics": {
    "download_throughput_mbps": {
      "p1": 0.06647463542454526,
      "p5": 0.23967623000634755,
      "p10": 0.524434149979767,
      "p25": 1.897617401206117,
      "p50": 6.810971254839086,
      "p75": 18.673196108381713,
      "p90": 39.64984260650855,
      "p95": 51.34864174090028,
      "p99": 70.58593015745785
    },
    "upload_throughput_mbps": {
      "p1": 0.0421591052039708,
      "p5": 0.2275081877581891,
      "p10": 0.46376739713214243,
      "p25": 1.2297220142989445,
      "p50": 3.527889321909899,
      "p75": 7.8820524230341364,
      "p90": 12.612283235159035,
      "p95": 18.717919719163767,
      "p99": 35.44419152619304
    },
    "latency_ms": {
      "p1": 442.0,
      "p5": 318.623,
      "p10": 308.087,
      "p25": 295.979,
      "p50": 267.415,
      "p75": 60.247,
      "p90": 55.664,
      "p95": 55.02,
      "p99": 54.967
    },
    "packet_loss": {
      "p1": 0.3588952019117251,
      "p5": 0.25778482308063194,
      "p10": 0.21020490537631265,
      "p25": 0.12062226458771576,
      "p50": 0.0040857608442285785,
      "p75": 0.0,
      "p90": 0.0,
      "p95": 0.0,
      "p99": 0.0
    }
  }
}