{
  "metrics": {
    "download_throughput_mbps": {
      "p1": 0.18742429978070338,
      "p5": 0.8549180259999646,
      "p10": 2.079897570563427,
      "p25": 9.184091151657745,
      "p50": 34.196889662295305,
      "p75": 101.74801543692386,
      "p90": 263.12732638396767,
      "p95": 328.0496471480626,
      "p99": 605.8148336478788
    },
    "upload_throughput_mbps": {
      "p1": 0.04138379540638671,
      "p5": 0.08875719469366251,
      "p10": 0.22823200093673435,
      "p25": 2.7699411100578475,
      "p50": 10.899209355338506,
      "p75": 38.419084378852794,
      "p90": 95.36333714510616,
      "p95": 191.27372265802597,
      "p99": 397.1514923273138
    },
    "latency_ms": {
      "p1": 228.529,
      "p5": 102.49,
      "p10": 56.299,
      "p25": 40.101,
      "p50": 19.129,
      "p75": 8.215,
      "p90": 4.016,
      "p95": 3.0,
      "p99": 1.356
    },
    "packet_loss": {
      "p1": 0.3077532791845292,
      "p5": 0.1810586015563073,
      "p10": 0.12800991775341092,
      "p25": 0.06027014798878954,
      "p50": 0.004704040783934501,
      "p75": 0.0,
      "p90": 0.0,
      "p95": 0.0,
      "p99": 0.0
    }
  }
}