{
  "metrics": {
    "download_throughput_mbps": {
      "p1": 0.16210753707807113,
      "p5": 0.6959128669890484,
      "p10": 1.6340645230077004,
      "p25": 6.831859153039041,
      "p50": 25.85994139392228,
      "p75": 89.23972740607297,
      "p90": 221.56131349913,
      "p95": 298.47433282032137,
      "p99": 562.5620659737411
    },
    "upload_throughput_mbps": {
      "p1": 0.030650252963978695,
      "p5": 0.07556669823878763,
      "p10": 0.11778461864603806,
      "p25": 1.921914918893708,
      "p50": 9.24277692636045,
      "p75": 28.096859726671543,
      "p90": 72.98162869240423,
      "p95": 112.25196577015501,
      "p99": 323.84274136613107
    },
    "latency_ms": {
      "p1": 284.883,
      "p5": 110.25,
      "p10": 62.0,
      "p25": 43.119,
      "p50": 20.947,
      "p75": 8.732,
      "p90": 4.338,
      "p95": 3.25,
      "p99": 1.493
    },
    "packet_loss": {
      "p1": 0.31638470958030124,
      "p5": 0.19000361848675282,
      "p10": 0.13669542176733987,
      "p25": 0.06657451229838146,
      "p50": 0.0062637601165927625,
      "p75": 0.0,
      "p90": 0.0,
      "p95": 0.0,
      "p99": 0.0
    }
  }
}