{
  "metrics": {
    "download_throughput_mbps": {
      "p1": 0.16109585511270488,
      "p5": 0.6892994100616946,
      "p10": 1.6358935561441612,
      "p25": 6.832893958799985,
      "p50": 25.844824622567014,
      "p75": 89.1696903376759,
      "p90": 221.01482521832892,
      "p95": 298.71993965787675,
      "p99": 562.8418634139728
    },
    "upload_throughput_mbps": {
      "p1": 0.030528330336948326,
      "p5": 0.07556613351650214,
      "p10": 0.11928271899867919,
      "p25": 1.9212708787291213,
      "p50": 9.232065684529154,
      "p75": 28.107013229809173,
      "p90": 72.92462463114107,
      "p95": 112.34859015394147,
      "p99": 324.9344799417689
    },
    "latency_ms": {
      "p1": 281.814,
      "p5": 110.785,
      "p10": 61.995,
      "p25": 43.105,
      "p50": 20.954,
      "p75": 8.74,
      "p90": 4.336,
      "p95": 3.25,
      "p99": 1.499
    },
    "packet_loss": {
      "p1": 0.3162291169451074,
      "p5": 0.19001833390579992,
      "p10": 0.1366215025335977,
      "p25": 0.06662726974029069,
      "p50": 0.006262105169061034,
      "p75": 0.0,
      "p90": 0.0,
      "p95": 0.0,
      "p99": 0.0
    }
  }
}