{
  "metrics": {
    "download_throughput_mbps": {
      "p1": 0.29237846180551624,
      "p5": 1.7332465740294303,
      "p10": 4.2415856184761775,
      "p25": 15.582797506815425,
      "p50": 47.85065792855256,
      "p75": 113.59362528766549,
      "p90": 242.34200585425324,
      "p95": 306.85172857300853,
      "p99": 573.701995603283
    },
    "upload_throughput_mbps": {
      "p1": 0.06349566342762465,
      "p5": 0.0897010471748678,
      "p10": 0.5772803073111287,
      "p25": 4.867833332416746,
      "p50": 13.676738022646276,
      "p75": 31.026228441666113,
      "p90": 61.624120002019964,
      "p95": 95.76104304284625,
      "p99": 301.83752432495135
    },
    "latency_ms": {
      "p1": 205.842,
      "p5": 50.488,
      "p10": 41.056,
      "p25": 32.0,
      "p50": 24.375,
      "p75": 17.503,
      "p90": 11.276,
      "p95": 7.889,
      "p99": 4.909
    },
    "packet_loss": {
      "p1": 0.22791740354492288,
      "p5": 0.12656428200490027,
      "p10": 0.09066312491095649,
      "p25": 0.03513191855630341,
      "p50": 0.0013835397256833698,
      "p75": 0.0,
      "p90": 0.0,
      "p95": 0.0,
      "p99": 0.0
    }
  }
}