{
  "metrics": {
    "download_throughput_mbps": {
      "p1": 0.27124137494460976,
      "p5": 1.5274559398959013,
      "p10": 3.5287939660608396,
      "p25": 12.866569360087784,
      "p50": 39.50545925939888,
      "p75": 91.37901473894934,
      "p90": 188.0329199013331,
      "p95": 272.78645188997587,
      "p99": 480.675426196887
    },
    "upload_throughput_mbps": {
      "p1": 0.055315713734161664,
      "p5": 0.07621906070472893,
      "p10": 0.2479851293234902,
      "p25": 3.3081452459268172,
      "p50": 11.133781145031634,
      "p75": 24.599315181849008,
      "p90": 50.30510531620474,
      "p95": 73.39095401970347,
      "p99": 210.7746396662835
    },
    "latency_ms": {
      "p1": 212.109,
      "p5": 53.501,
      "p10": 42.003,
      "p25": 32.763,
      "p50": 24.856,
      "p75": 18.012,
      "p90": 12.382,
      "p95": 9.0,
      "p99": 5.0
    },
    "packet_loss": {
      "p1": 0.2323470267164608,
      "p5": 0.13387250814794432,
      "p10": 0.09919508149405182,
      "p25": 0.042100111827598874,
      "p50": 0.002229026449077916,
      "p75": 0.0,
      "p90": 0.0,
      "p95": 0.0,
      "p99": 0.0
    }
  }
}