{
  "metrics": {
    "download_throughput_mbps": {
      "p1": 0.24656794302304894,
      "p5": 1.6008836193006113,
      "p10": 4.446963327058544,
      "p25": 18.19095241333411,
      "p50": 49.66936359676368,
      "p75": 101.76533209102026,
      "p90": 233.33023772916857,
      "p95": 351.3317431201496,
      "p99": 825.0719625852267
    },
    "upload_throughput_mbps": {
      "p1": 0.055220625320725754,
      "p5": 0.08256018980604435,
      "p10": 0.2235879901664708,
      "p25": 3.7218984644458164,
      "p50": 12.246159845574901,
      "p75": 18.74239677260797,
      "p90": 40.257127820431556,
      "p95": 63.81022176493759,
      "p99": 239.5454313652358
    },
    "latency_ms": {
      "p1": 296.351,
      "p5": 60.939,
      "p10": 38.069,
      "p25": 23.616,
      "p50": 14.066,
      "p75": 6.216,
      "p90": 2.807,
      "p95": 1.232,
      "p99": 0.349
    },
    "packet_loss": {
      "p1": 0.23879883485646944,
      "p5": 0.10480447093729038,
      "p10": 0.06469919085549963,
      "p25": 0.012552827647450459,
      "p50": 0.00030571082478058443,
      "p75": 0.0,
      "p90": 0.0,
      "p95": 0.0,
      "p99": 0.0
    }
  }
}