{
  "metrics": {
    "download_throughput_mbps": {
      "p1": 0.3745459424632795,
      "p5": 2.6752401465443696,
      "p10": 7.7051745521751815,
      "p25": 26.591146962211248,
      "p50": 77.1625757530717,
      "p75": 237.99165575787129,
      "p90": 474.87534177539214,
      "p95": 537.5217963412767,
      "p99": 838.5061461903302
    },
    "upload_throughput_mbps": {
      "p1": 0.06360237674944584,
      "p5": 0.09604444352447085,
      "p10": 0.700558770943911,
      "p25": 5.874117745528515,
      "p50": 18.468021823301655,
      "p75": 41.744117781763975,
      "p90": 56.928567435878385,
      "p95": 89.90900990080198,
      "p99": 292.02728755906867
    },
    "latency_ms": {
      "p1": 253.678,
      "p5": 43.116,
      "p10": 29.996,
      "p25": 18.873,
      "p50": 10.05,
      "p75": 5.011,
      "p90": 2.284,
      "p95": 1.088,
      "p99": 0.482
    },
    "packet_loss": {
      "p1": 0.2189674636447566,
      "p5": 0.09447570842463274,
      "p10": 0.05640496281853117,
      "p25": 0.008409955729282341,
      "p50": 8.461594906071789e-05,
      "p75": 0.0,
      "p90": 0.0,
      "p95": 0.0,
      "p99": 0.0
    }
  }
}