{
  "metrics": {
    "download_throughput_mbps": {
      "p1": 0.17410938917970378,
      "p5": 1.304838447187497,
      "p10": 4.574929446662089,
      "p25": 14.544783211077018,
      "p50": 57.487074131690214,
      "p75": 123.7636082933961,
      "p90": 138.58919476615299,
      "p95": 163.13377865199712,
      "p99": 195.24115392923144
    },
    "upload_throughput_mbps": {
      "p1": 0.06326549121480947,
      "p5": 0.16134944363967574,
      "p10": 1.0676656513229168,
      "p25": 4.571011665856184,
      "p50": 12.003717692546827,
      "p75": 14.284867160223216,
      "p90": 50.5865380028854,
      "p95": 64.55169834550335,
      "p99": 81.93465238141236
    },
    "latency_ms": {
      "p1": 398.082,
      "p5": 164.0,
      "p10": 140.522,
      "p25": 109.843,
      "p50": 102.828,
      "p75": 98.114,
      "p90": 95.35,
      "p95": 93.598,
      "p99": 86.344
    },
    "packet_loss": {
      "p1": 0.3278321939169486,
      "p5": 0.16983778910242284,
      "p10": 0.11920478360492465,
      "p25": 0.06871608883162228,
      "p50": 0.009354562697915276,
      "p75": 7.923256968998589e-06,
      "p90": 0.0,
      "p95": 0.0,
      "p99": 0.0
    }
  }
}