{
  "metrics": {
    "download_throughput_mbps": {
      "p1": 1.0641212845816876,
      "p5": 4.517693402910241,
      "p10": 13.937747592345254,
      "p25": 34.30767124654769,
      "p50": 49.76125224552608,
      "p75": 90.083673210209,
      "p90": 114.34268858521676,
      "p95": 223.52797392797393,
      "p99": 941.6632961993945
    },
    "upload_throughput_mbps": {
      "p1": 0.06205527656731779,
      "p5": 0.46523866967016936,
      "p10": 2.5575721166345224,
      "p25": 18.655289553607105,
      "p50": 39.30249036015424,
      "p75": 50.49814804408217,
      "p90": 90.13164042378872,
      "p95": 103.27631918024451,
      "p99": 263.07132252867746
    },
    "latency_ms": {
      "p1": 46.0,
      "p5": 36.611,
      "p10": 28.853,
      "p25": 14.903,
      "p50": 10.878,
      "p75": 6.782,
      "p90": 4.711,
      "p95": 4.313,
      "p99": 3.745
    },
    "packet_loss": {
      "p1": 0.2095178169708334,
      "p5": 0.10119765710850612,
      "p10": 0.08359154318121045,
      "p25": 0.05411001110744884,
      "p50": 0.0018068477635758149,
      "p75": 0.0,
      "p90": 0.0,
      "p95": 0.0,
      "p99": 0.0
    }
  }
}