{
  "metrics": {
    "download_throughput_mbps": {
      "p1": 0.1697244955452752,
      "p5": 0.8510165713093879,
      "p10": 2.1776742736960477,
      "p25": 9.543142576700813,
      "p50": 26.780295361618283,
      "p75": 50.6689209999384,
      "p90": 81.4529339845355,
      "p95": 97.44987804667093,
      "p99": 119.52481556155305
    },
    "upload_throughput_mbps": {
      "p1": 0.0970033974668193,
      "p5": 0.5756767405256327,
      "p10": 1.7130730132421195,
      "p25": 7.432913427633385,
      "p50": 24.771049591118913,
      "p75": 44.00270113868415,
      "p90": 74.40913025045396,
      "p95": 88.58750721597507,
      "p99": 100.27536913901994
    },
    "latency_ms": {
      "p1": 252.679,
      "p5": 193.558,
      "p10": 157.999,
      "p25": 140.0,
      "p50": 131.816,
      "p75": 126.875,
      "p90": 120.817,
      "p95": 115.827,
      "p99": 58.227
    },
    "packet_loss": {
      "p1": 0.32824070798661836,
      "p5": 0.2328709935332604,
      "p10": 0.18471307978707366,
      "p25": 0.11477071391283986,
      "p50": 0.0366117762432068,
      "p75": 0.00027946169150486205,
      "p90": 0.0,
      "p95": 0.0,
      "p99": 0.0
    }
  }
}