{
  "metrics": {
    "download_throughput_mbps": {
      "p1": 0.16614650391156963,
      "p5": 0.8510165713093879,
      "p10": 2.1884390266484637,
      "p25": 9.543142576700813,
      "p50": 26.780295361618283,
      "p75": 50.67943795964375,
      "p90": 81.39385150446667,
      "p95": 97.4748260827261,
      "p99": 119.5903709091492
    },
    "upload_throughput_mbps": {
      "p1": 0.0963124798145791,
      "p5": 0.573283838962778,
      "p10": 1.717312663048967,
      "p25": 7.4091783302203496,
      "p50": 24.727297089980873,
      "p75": 44.02867312831718,
      "p90": 74.37747516584436,
      "p95": 88.59322119488812,
      "p99": 100.25562637834032
    },
    "latency_ms": {
      "p1": 252.066,
      "p5": 193.558,
      "p10": 157.969,
      "p25": 140.0,
      "p50": 131.807,
      "p75": 126.872,
      "p90": 120.816,
      "p95": 115.803,
      "p99": 58.225
    },
    "packet_loss": {
      "p1": 0.32824070798661836,
      "p5": 0.23269719425089946,
      "p10": 0.18458403961288922,
      "p25": 0.11474604760898012,
      "p50": 0.036630651861493155,
      "p75": 0.0002791993317774021,
      "p90": 0.0,
      "p95": 0.0,
      "p99": 0.0
    }
  }
}