{
  "metrics": {
    "download_throughput_mbps": {
      "p1": 0.1721017482990815,
      "p5": 1.1949887433241475,
      "p10": 3.1160719412939373,
      "p25": 12.03083685525834,
      "p50": 31.006673925873177,
      "p75": 62.216495754649905,
      "p90": 95.44976861928376,
      "p95": 108.48716008746273,
      "p99": 156.35240139792114
    },
    "upload_throughput_mbps": {
      "p1": 0.09180459266941536,
      "p5": 0.7028841378915868,
      "p10": 2.241421681368851,
      "p25": 10.307341683705674,
      "p50": 30.505907311602474,
      "p75": 54.99614862079745,
      "p90": 89.19889464312284,
      "p95": 102.65682359281928,
      "p99": 158.16657881887164
    },
    "latency_ms": {
      "p1": 274.242,
      "p5": 168.76,
      "p10": 155.943,
      "p25": 139.319,
      "p50": 132.741,
      "p75": 126.519,
      "p90": 119.014,
      "p95": 114.273,
      "p99": 64.571
    },
    "packet_loss": {
      "p1": 0.32066489613345306,
      "p5": 0.2183181152347289,
      "p10": 0.16873157460684596,
      "p25": 0.09704851035323851,
      "p50": 0.016703482870191817,
      "p75": 1.6243296088104007e-05,
      "p90": 0.0,
      "p95": 0.0,
      "p99": 0.0
    }
  }
}