{
  "metrics": {
    "download_throughput_mbps": {
      "p1": 0.1814538688234182,
      "p5": 1.1949887433241475,
      "p10": 3.1160719412939373,
      "p25": 12.035603739078814,
      "p50": 31.003902275415665,
      "p75": 62.180652997315136,
      "p90": 95.38801248959001,
      "p95": 108.31528016732652,
      "p99": 156.3953977066933
    },
    "upload_throughput_mbps": {
      "p1": 0.09184954761707863,
      "p5": 0.7010800931688229,
      "p10": 2.241421681368851,
      "p25": 10.290477686181651,
      "p50": 30.51303213662041,
      "p75": 54.99614862079745,
      "p90": 89.19823529870584,
      "p95": 102.65519136392543,
      "p99": 158.61543072053615
    },
    "latency_ms": {
      "p1": 268.107,
      "p5": 168.769,
      "p10": 155.945,
      "p25": 139.312,
      "p50": 132.743,
      "p75": 126.519,
      "p90": 119.029,
      "p95": 114.329,
      "p99": 64.751
    },
    "packet_loss": {
      "p1": 0.31958984225470255,
      "p5": 0.21828372966198678,
      "p10": 0.1687150634104802,
      "p25": 0.09706033785382982,
      "p50": 0.01661666729020898,
      "p75": 1.6294888221811758e-05,
      "p90": 0.0,
      "p95": 0.0,
      "p99": 0.0
    }
  }
}