{
  "metrics": {
    "download_throughput_mbps": {
      "p1": 0.4810086206508659,
      "p5": 3.163219482828892,
      "p10": 6.040053234973699,
      "p25": 16.055203401614918,
      "p50": 42.9974849656424,
      "p75": 90.5766644127104,
      "p90": 115.47494176223633,
      "p95": 231.0703444692619,
      "p99": 372.97359786364746
    },
    "upload_throughput_mbps": {
      "p1": 0.09499214745073632,
      "p5": 0.39967636941764995,
      "p10": 0.6508312992930428,
      "p25": 2.9991218781528444,
      "p50": 7.935011203309876,
      "p75": 27.6926090912357,
      "p90": 56.99109011965536,
      "p95": 60.30194926005878,
      "p99": 62.96891899013493
    },
    "latency_ms": {
      "p1": 167.986,
      "p5": 46.126,
      "p10": 40.15,
      "p25": 31.048,
      "p50": 24.929,
      "p75": 13.495,
      "p90": 8.138,
      "p95": 6.048,
      "p99": 3.478
    },
    "packet_loss": {
      "p1": 0.21594393402948064,
      "p5": 0.15264922816329748,
      "p10": 0.11834448120713038,
      "p25": 0.07186680265987569,
      "p50": 0.027213587180642235,
      "p75": 0.000934955402349873,
      "p90": 0.0,
      "p95": 0.0,
      "p99": 0.0
    }
  }
}