{
  "metrics": {
    "download_throughput_mbps": {
      "p1": 0.1182294694813796,
      "p5": 0.3538167525805172,
      "p10": 1.5295021057743077,
      "p25": 7.380188531564112,
      "p50": 22.74732003491759,
      "p75": 51.36251119203665,
      "p90": 93.48381386633767,
      "p95": 159.2685396055174,
      "p99": 354.17653943320124
    },
    "upload_throughput_mbps": {
      "p1": 0.06242300714493695,
      "p5": 0.2729397355350314,
      "p10": 0.5096537465791687,
      "p25": 1.401894651686382,
      "p50": 6.880190223486396,
      "p75": 17.72690210040769,
      "p90": 34.64632861241359,
      "p95": 45.92294481217087,
      "p99": 89.41247891750422
    },
    "latency_ms": {
      "p1": 471.97,
      "p5": 91.957,
      "p10": 48.095,
      "p25": 34.087,
      "p50": 25.0,
      "p75": 17.649,
      "p90": 11.651,
      "p95": 9.718,
      "p99": 6.043
    },
    "packet_loss": {
      "p1": 0.2167361539992908,
      "p5": 0.13749575153740104,
      "p10": 0.1001591723843648,
      "p25": 0.05361632642165547,
      "p50": 0.007936295992981561,
      "p75": 1.8210680241485207e-05,
      "p90": 0.0,
      "p95": 0.0,
      "p99": 0.0
    }
  }
}