{
  "metrics": {
    "download_throughput_mbps": {
      "p1": 0.4717243241916635,
      "p5": 3.1702548203671164,
      "p10": 6.040388254693429,
      "p25": 16.07743518843309,
      "p50": 43.02485563134857,
      "p75": 90.55993072263254,
      "p90": 115.61296631653025,
      "p95": 231.575665054471,
      "p99": 370.3689673333729
    },
    "upload_throughput_mbps": {
      "p1": 0.09650114649956663,
      "p5": 0.3982418015784349,
      "p10": 0.6506134117203307,
      "p25": 2.9985058588691604,
      "p50": 7.938139750911546,
      "p75": 27.66480772263207,
      "p90": 56.977064473371605,
      "p95": 60.307168063478166,
      "p99": 63.066267419242195
    },
    "latency_ms": {
      "p1": 170.492,
      "p5": 46.031,
      "p10": 40.142,
      "p25": 31.048,
      "p50": 24.936,
      "p75": 13.5,
      "p90": 8.132,
      "p95": 6.06,
      "p99": 3.432
    },
    "packet_loss": {
      "p1": 0.21610705228914714,
      "p5": 0.15251597829984348,
      "p10": 0.1183395162618057,
      "p25": 0.07184190950550812,
      "p50": 0.027245336913008587,
      "p75": 0.0009323413400478668,
      "p90": 0.0,
      "p95": 0.0,
      "p99": 0.0
    }
  }
}