{
  "metrics": {
    "download_throughput_mbps": {
      "p1": 1.0707663678122459,
      "p5": 3.0888382754979267,
      "p10": 7.405665560847653,
      "p25": 35.52435171684474,
      "p50": 75.93006360018103,
      "p75": 84.75034273224647,
      "p90": 188.14242798010307,
      "p95": 200.0802734604476,
      "p99": 213.30424814833444
    },
    "upload_throughput_mbps": {
      "p1": 0.4813702543545642,
      "p5": 1.875147826575616,
      "p10": 3.9253566962603115,
      "p25": 11.665897028479291,
      "p50": 36.67252908338109,
      "p75": 76.77535072559071,
      "p90": 174.06650096159078,
      "p95": 187.4696498562399,
      "p99": 221.86935310536643
    },
    "latency_ms": {
      "p1": 155.118,
      "p5": 122.633,
      "p10": 114.035,
      "p25": 108.528,
      "p50": 103.315,
      "p75": 99.978,
      "p90": 96.98,
      "p95": 94.0,
      "p99": 86.619
    },
    "packet_loss": {
      "p1": 0.26289983324177996,
      "p5": 0.15428465883836223,
      "p10": 0.08718648171461071,
      "p25": 0.048232771192113034,
      "p50": 0.004333845893481742,
      "p75": 0.0002743507484774248,
      "p90": 0.0,
      "p95": 0.0,
      "p99": 0.0
    }
  }
}