{
  "metrics": {
    "download_throughput_mbps": {
      "p1": 0.10450329733848296,
      "p5": 0.4254199309029215,
      "p10": 0.922365397599255,
      "p25": 2.7953729106366056,
      "p50": 6.1590489199875655,
      "p75": 11.89012007570386,
      "p90": 26.162697822555167,
      "p95": 42.185812274439,
      "p99": 91.50265253732763
    },
    "upload_throughput_mbps": {
      "p1": 0.04007665973169094,
      "p5": 0.3133964619760675,
      "p10": 0.9432512943251294,
      "p25": 3.5782564013128373,
      "p50": 8.87195148536277,
      "p75": 22.35700885065663,
      "p90": 41.9891287141485,
      "p95": 58.42400288315362,
      "p99": 89.48608331133352
    },
    "latency_ms": {
      "p1": 322.919,
      "p5": 186.04,
      "p10": 147.793,
      "p25": 117.776,
      "p50": 82.491,
      "p75": 68.0,
      "p90": 51.266,
      "p95": 43.271,
      "p99": 33.285
    },
    "packet_loss": {
      "p1": 0.3822850954556097,
      "p5": 0.2960113648157584,
      "p10": 0.25286853915790164,
      "p25": 0.187446622448673,
      "p50": 0.12190917416098196,
      "p75": 0.022827535429066396,
      "p90": 0.0,
      "p95": 0.0,
      "p99": 0.0
    }
  }
}