{
  "metrics": {
    "download_throughput_mbps": {
      "p1": 0.1390905809725772,
      "p5": 0.5696705446099305,
      "p10": 1.339049685887607,
      "p25": 4.7040096163545275,
      "p50": 10.326551270371494,
      "p75": 21.567734183144108,
      "p90": 46.931773120468065,
      "p95": 74.45945834054166,
      "p99": 146.66377584832492
    },
    "upload_throughput_mbps": {
      "p1": 0.05270530485029284,
      "p5": 0.24127898372471612,
      "p10": 0.7383681848954453,
      "p25": 3.812572580560485,
      "p50": 11.671644388018668,
      "p75": 28.101554829836303,
      "p90": 49.92099587282918,
      "p95": 72.60362470876572,
      "p99": 93.7681593446758
    },
    "latency_ms": {
      "p1": 269.483,
      "p5": 169.0,
      "p10": 147.756,
      "p25": 90.0,
      "p50": 68.409,
      "p75": 48.0,
      "p90": 39.541,
      "p95": 36.152,
      "p99": 31.849
    },
    "packet_loss": {
      "p1": 0.38879359634076616,
      "p5": 0.29109925138730286,
      "p10": 0.24216700983163586,
      "p25": 0.17105895649752503,
      "p50": 0.10682273578496122,
      "p75": 0.01630839602407479,
      "p90": 6.277373270819066e-05,
      "p95": 0.0,
      "p99": 0.0
    }
  }
}