{
  "metrics": {
    "download_throughput_mbps": {
      "p1": 0.14065295881914683,
      "p5": 0.5716710659359381,
      "p10": 1.3374956474563393,
      "p25": 4.695504740658115,
      "p50": 10.324206640290749,
      "p75": 21.567734183144108,
      "p90": 46.904016953466325,
      "p95": 74.26194048753435,
      "p99": 148.09432044716021
    },
    "upload_throughput_mbps": {
      "p1": 0.052682408991248465,
      "p5": 0.24215313852541945,
      "p10": 0.7381486938667268,
      "p25": 3.8142470634809293,
      "p50": 11.677056138185318,
      "p75": 28.11886917207098,
      "p90": 49.92879142786743,
      "p95": 72.60362470876572,
      "p99": 92.9695545489581
    },
    "latency_ms": {
      "p1": 269.561,
      "p5": 169.658,
      "p10": 147.773,
      "p25": 90.0,
      "p50": 68.41,
      "p75": 48.0,
      "p90": 39.546,
      "p95": 36.126,
      "p99": 31.905
    },
    "packet_loss": {
      "p1": 0.38857918930994323,
      "p5": 0.2908761883443437,
      "p10": 0.2420135039310117,
      "p25": 0.17105096835796282,
      "p50": 0.10685152577366738,
      "p75": 0.016303505105921098,
      "p90": 6.33226877607488e-05,
      "p95": 0.0,
      "p99": 0.0
    }
  }
}