{
  "metrics": {
    "download_throughput_mbps": {
      "p1": 0.2722992132754396,
      "p5": 2.02141877158965,
      "p10": 5.593159599446706,
      "p25": 21.78448509123329,
      "p50": 65.7820271058987,
      "p75": 165.02094130762947,
      "p90": 363.9451460111274,
      "p95": 488.3841769112367,
      "p99": 844.2286025403956
    },
    "upload_throughput_mbps": {
      "p1": 0.061989781429463944,
      "p5": 0.08301238588011867,
      "p10": 0.6038814918901341,
      "p25": 6.951799547043262,
      "p50": 16.60008131855253,
      "p75": 27.965955531956062,
      "p90": 58.94438127809361,
      "p95": 129.46806928309422,
      "p99": 433.3745185299788
    },
    "latency_ms": {
      "p1": 197.996,
      "p5": 45.738,
      "p10": 29.188,
      "p25": 18.915,
      "p50": 13.584,
      "p75": 9.338,
      "p90": 5.748,
      "p95": 3.263,
      "p99": 0.406
    },
    "packet_loss": {
      "p1": 0.22327689533112285,
      "p5": 0.11408438467412627,
      "p10": 0.07413808842547404,
      "p25": 0.028768659798800125,
      "p50": 0.0017179092034459238,
      "p75": 0.0,
      "p90": 0.0,
      "p95": 0.0,
      "p99": 0.0
    }
  }
}