{
  "metrics": {
    "download_throughput_mbps": {
      "p1": 0.29920528267202373,
      "p5": 2.0894424019575535,
      "p10": 5.888448313662689,
      "p25": 25.01151919814714,
      "p50": 79.72597167360671,
      "p75": 203.54749614180787,
      "p90": 442.5613617642171,
      "p95": 565.3737674630677,
      "p99": 875.1471987409788
    },
    "upload_throughput_mbps": {
      "p1": 0.06214390678413982,
      "p5": 0.0958096191000069,
      "p10": 0.6297291778375067,
      "p25": 7.390770457119539,
      "p50": 19.095710013860987,
      "p75": 28.520327895801948,
      "p90": 76.67558201010318,
      "p95": 195.95809995420083,
      "p99": 466.493932835547
    },
    "latency_ms": {
      "p1": 187.295,
      "p5": 41.0,
      "p10": 30.007,
      "p25": 18.991,
      "p50": 13.116,
      "p75": 9.022,
      "p90": 5.846,
      "p95": 3.742,
      "p99": 0.381
    },
    "packet_loss": {
      "p1": 0.2271153895141707,
      "p5": 0.11032331917329875,
      "p10": 0.0739739791704059,
      "p25": 0.029418973889957716,
      "p50": 0.0017766793354388574,
      "p75": 0.0,
      "p90": 0.0,
      "p95": 0.0,
      "p99": 0.0
    }
  }
}