{
  "metrics": {
    "download_throughput_mbps": {
      "p1": 0.29940854179582127,
      "p5": 2.0908389029943266,
      "p10": 5.906456800555909,
      "p25": 25.012743615305336,
      "p50": 79.68482245373421,
      "p75": 203.78492490555044,
      "p90": 442.4049057031679,
      "p95": 566.3856142165707,
      "p99": 877.3276528272664
    },
    "upload_throughput_mbps": {
      "p1": 0.06101050142895869,
      "p5": 0.09582916206877656,
      "p10": 0.6293129885485592,
      "p25": 7.376269122776457,
      "p50": 19.1101976142934,
      "p75": 28.520697943550253,
      "p90": 76.33719633389907,
      "p95": 196.09476780296285,
      "p99": 466.37254943921323
    },
    "latency_ms": {
      "p1": 186.2,
      "p5": 40.956,
      "p10": 29.983,
      "p25": 18.989,
      "p50": 13.116,
      "p75": 9.022,
      "p90": 5.838,
      "p95": 3.739,
      "p99": 0.38
    },
    "packet_loss": {
      "p1": 0.22948488552746327,
      "p5": 0.11064611198807676,
      "p10": 0.07378231104659344,
      "p25": 0.02943391673570218,
      "p50": 0.0017685652098602019,
      "p75": 0.0,
      "p90": 0.0,
      "p95": 0.0,
      "p99": 0.0
    }
  }
}