{
  "metrics": {
    "download_throughput_mbps": {
      "p1": 0.18544923349923234,
      "p5": 0.7825762548827173,
      "p10": 1.918872589036503,
      "p25": 9.56379060849023,
      "p50": 41.93861592601329,
      "p75": 95.64543702139451,
      "p90": 261.3364913990841,
      "p95": 356.4556374242775,
      "p99": 574.1009896571758
    },
    "upload_throughput_mbps": {
      "p1": 0.05244094848786913,
      "p5": 0.13378255124500862,
      "p10": 0.652174026086753,
      "p25": 3.7010184073249333,
      "p50": 15.578029402629962,
      "p75": 52.4445836430803,
      "p90": 105.5769661678691,
      "p95": 199.6377895968629,
      "p99": 476.2242631820153
    },
    "latency_ms": {
      "p1": 240.0,
      "p5": 95.35,
      "p10": 66.0,
      "p25": 44.801,
      "p50": 29.394,
      "p75": 11.903,
      "p90": 4.0,
      "p95": 2.383,
      "p99": 0.143
    },
    "packet_loss": {
      "p1": 0.3031661721496085,
      "p5": 0.18485833433250454,
      "p10": 0.13358045812252226,
      "p25": 0.0704430492520577,
      "p50": 0.008955729303049123,
      "p75": 0.0,
      "p90": 0.0,
      "p95": 0.0,
      "p99": 0.0
    }
  }
}