{
  "metrics": {
    "download_throughput_mbps": {
      "p1": 0.4657273212880145,
      "p5": 3.6513891981308997,
      "p10": 9.791052979105299,
      "p25": 34.83321121938981,
      "p50": 48.47972553229166,
      "p75": 62.38206501717888,
      "p90": 142.74594452328648,
      "p95": 279.37403120247507,
      "p99": 596.8724748136393
    },
    "upload_throughput_mbps": {
      "p1": 0.07536497447071189,
      "p5": 0.6729498094247142,
      "p10": 3.1245648098443137,
      "p25": 17.009721575874828,
      "p50": 19.159197652495074,
      "p75": 20.52903865924666,
      "p90": 60.72024877557708,
      "p95": 99.9822668884289,
      "p99": 394.5150347084034
    },
    "latency_ms": {
      "p1": 177.526,
      "p5": 70.156,
      "p10": 46.887,
      "p25": 19.778,
      "p50": 16.544,
      "p75": 2.497,
      "p90": 2.0,
      "p95": 1.936,
      "p99": 0.877
    },
    "packet_loss": {
      "p1": 0.22511433201750908,
      "p5": 0.10205081449021144,
      "p10": 0.06802752253702186,
      "p25": 0.03092005443979668,
      "p50": 0.0010041285942543952,
      "p75": 0.0,
      "p90": 0.0,
      "p95": 0.0,
      "p99": 0.0
    }
  }
}