{
  "metrics": {
    "download_throughput_mbps": {
      "p1": 0.4489481530684336,
      "p5": 1.482954056482656,
      "p10": 4.028954256300973,
      "p25": 21.868215497005373,
      "p50": 57.97179556302881,
      "p75": 117.93073014196315,
      "p90": 228.22108304705085,
      "p95": 273.70091858047596,
      "p99": 465.777938743129
    },
    "upload_throughput_mbps": {
      "p1": 0.08303458931308823,
      "p5": 0.31878216180958197,
      "p10": 1.2683266219771774,
      "p25": 7.886087169628285,
      "p50": 21.121437068793718,
      "p75": 43.565783011904784,
      "p90": 92.613109426143,
      "p95": 152.38412752933817,
      "p99": 335.117668752785
    },
    "latency_ms": {
      "p1": 208.544,
      "p5": 156.895,
      "p10": 105.466,
      "p25": 46.0,
      "p50": 31.789,
      "p75": 27.003,
      "p90": 23.833,
      "p95": 21.753,
      "p99": 17.0
    },
    "packet_loss": {
      "p1": 0.3137837865649021,
      "p5": 0.15563245250925203,
      "p10": 0.11305947903064435,
      "p25": 0.043073035235588496,
      "p50": 0.001584622369102054,
      "p75": 0.0,
      "p90": 0.0,
      "p95": 0.0,
      "p99": 0.0
    }
  }
}