{
  "metrics": {
    "download_throughput_mbps": {
      "p1": 0.012772801453241686,
      "p5": 0.049881215481240575,
      "p10": 0.11715705889625522,
      "p25": 0.38364238314744475,
      "p50": 2.3848236585289513,
      "p75": 12.057800976010531,
      "p90": 32.564759538855725,
      "p95": 48.64106732157642,
      "p99": 77.5586470878878
    },
    "upload_throughput_mbps": {
      "p1": 0.011412635797394948,
      "p5": 0.0522000483193042,
      "p10": 0.1057049311995181,
      "p25": 0.7703802777298927,
      "p50": 1.5902683195995586,
      "p75": 3.940592582252371,
      "p90": 11.395533097410825,
      "p95": 22.88243884235144,
      "p99": 72.43851383945606
    },
    "latency_ms": {
      "p1": 1624.516,
      "p5": 476.582,
      "p10": 384.957,
      "p25": 251.408,
      "p50": 107.065,
      "p75": 37.34,
      "p90": 23.238,
      "p95": 22.0,
      "p99": 20.0
    },
    "packet_loss": {
      "p1": 0.46263123412007223,
      "p5": 0.3981382782239765,
      "p10": 0.297206184203227,
      "p25": 0.13504724630224338,
      "p50": 0.03633601995226306,
      "p75": 0.0015641287138196632,
      "p90": 0.0,
      "p95": 0.0,
      "p99": 0.0
    }
  }
}