{
  "metrics": {
    "download_throughput_mbps": {
      "p1": 0.07197094202715221,
      "p5": 0.29568123970859395,
      "p10": 0.7151212910852323,
      "p25": 2.1785743372469817,
      "p50": 7.825036690970426,
      "p75": 25.212571425452495,
      "p90": 40.64960535202136,
      "p95": 41.997271548154934,
      "p99": 80.08679424134131
    },
    "upload_throughput_mbps": {
      "p1": 0.017921532597822264,
      "p5": 0.21705717852509585,
      "p10": 0.43116987390220857,
      "p25": 1.3700686965648232,
      "p50": 4.097581638947936,
      "p75": 9.301647568445363,
      "p90": 10.908788460438549,
      "p95": 14.37600517278862,
      "p99": 27.889823985050047
    },
    "latency_ms": {
      "p1": 318.364,
      "p5": 271.915,
      "p10": 230.675,
      "p25": 214.983,
      "p50": 201.083,
      "p75": 33.301,
      "p90": 13.229,
      "p95": 12.716,
      "p99": 12.43
    },
    "packet_loss": {
      "p1": 0.41105242489235483,
      "p5": 0.34183001294550286,
      "p10": 0.2775021628024876,
      "p25": 0.1701733940085668,
      "p50": 0.042549106928128244,
      "p75": 0.0008933293276335464,
      "p90": 0.0,
      "p95": 0.0,
      "p99": 0.0
    }
  }
}