{
  "metrics": {
    "download_throughput_mbps": {
      "p1": 0.5209855872208532,
      "p5": 3.390285027796005,
      "p10": 8.348230763721704,
      "p25": 39.02730039730014,
      "p50": 89.6485682045366,
      "p75": 149.11174195076117,
      "p90": 357.2521613573504,
      "p95": 411.7148961095345,
      "p99": 574.7409752187499
    },
    "upload_throughput_mbps": {
      "p1": 0.07554741507450477,
      "p5": 0.6830556366929759,
      "p10": 3.3098243641880014,
      "p25": 12.635545440392079,
      "p50": 29.42243335942993,
      "p75": 53.80874270218995,
      "p90": 74.80171874057824,
      "p95": 249.67369311787513,
      "p99": 375.1315688742604
    },
    "latency_ms": {
      "p1": 137.0,
      "p5": 57.223,
      "p10": 51.838,
      "p25": 45.219,
      "p50": 25.454,
      "p75": 21.044,
      "p90": 19.661,
      "p95": 18.425,
      "p99": 0.623
    },
    "packet_loss": {
      "p1": 0.20112773398695527,
      "p5": 0.12529607228267198,
      "p10": 0.09006759012448777,
      "p25": 0.03168868001854642,
      "p50": 0.0006624033050438589,
      "p75": 0.0,
      "p90": 0.0,
      "p95": 0.0,
      "p99": 0.0
    }
  }
}