{
  "metrics": {
    "download_throughput_mbps": {
      "p1": 0.5376063240447768,
      "p5": 5.204940864395608,
      "p10": 12.052188519703735,
      "p25": 36.84187689442789,
      "p50": 88.89947406656691,
      "p75": 242.33153468866854,
      "p90": 393.3575686729631,
      "p95": 541.3583856687533,
      "p99": 685.6551753375737
    },
    "upload_throughput_mbps": {
      "p1": 0.08298349557765478,
      "p5": 2.2374725148246704,
      "p10": 6.447173411306355,
      "p25": 18.3047377116423,
      "p50": 31.73288046814912,
      "p75": 59.83564459147395,
      "p90": 91.82951632239786,
      "p95": 218.49640314388165,
      "p99": 393.62902693875753
    },
    "latency_ms": {
      "p1": 140.584,
      "p5": 80.697,
      "p10": 67.794,
      "p25": 43.504,
      "p50": 24.203,
      "p75": 20.96,
      "p90": 18.707,
      "p95": 18.0,
      "p99": 7.25
    },
    "packet_loss": {
      "p1": 0.23128446008631046,
      "p5": 0.1436082430576197,
      "p10": 0.09793994018727312,
      "p25": 0.03388861327872946,
      "p50": 0.0024339182104270037,
      "p75": 0.0,
      "p90": 0.0,
      "p95": 0.0,
      "p99": 0.0
    }
  }
}