{
  "metrics": {
    "download_throughput_mbps": {
      "p1": 0.1475835797180809,
      "p5": 0.6975959374703292,
      "p10": 2.2114036037116893,
      "p25": 8.06272582623627,
      "p50": 20.134586197575217,
      "p75": 39.26379632461495,
      "p90": 69.43812614094648,
      "p95": 95.8717279690935,
      "p99": 154.84943059434903
    },
    "upload_throughput_mbps": {
      "p1": 0.053294347290443356,
      "p5": 0.5584912633373743,
      "p10": 1.5445216417106022,
      "p25": 4.724155313767029,
      "p50": 9.750022774546787,
      "p75": 16.7852372326735,
      "p90": 30.446718297179075,
      "p95": 43.03285952132154,
      "p99": 67.2870023474
    },
    "latency_ms": {
      "p1": 227.284,
      "p5": 149.657,
      "p10": 137.224,
      "p25": 113.241,
      "p50": 73.0,
      "p75": 41.95,
      "p90": 24.983,
      "p95": 22.29,
      "p99": 20.0
    },
    "packet_loss": {
      "p1": 0.3222226857452755,
      "p5": 0.22106443868357795,
      "p10": 0.17734042402217923,
      "p25": 0.11736912736053808,
      "p50": 0.051340052481766076,
      "p75": 0.0024062833674609097,
      "p90": 0.0,
      "p95": 0.0,
      "p99": 0.0
    }
  }
}