{
  "metrics": {
    "download_throughput_mbps": {
      "p1": 0.10193192499706473,
      "p5": 0.30005376417730534,
      "p10": 0.5949980385919834,
      "p25": 3.391414986735136,
      "p50": 16.592394981942792,
      "p75": 47.50350541096256,
      "p90": 89.12425973020301,
      "p95": 123.84604618670397,
      "p99": 203.16730441794246
    },
    "upload_throughput_mbps": {
      "p1": 0.0418116292868589,
      "p5": 0.08932937667655831,
      "p10": 0.3238308068571145,
      "p25": 2.0122742477993274,
      "p50": 8.406378799784251,
      "p75": 21.21853933247187,
      "p90": 34.82107123725656,
      "p95": 48.591400365507866,
      "p99": 85.50959831292167
    },
    "latency_ms": {
      "p1": 325.724,
      "p5": 182.88,
      "p10": 156.643,
      "p25": 126.0,
      "p50": 94.16,
      "p75": 47.052,
      "p90": 31.545,
      "p95": 24.0,
      "p99": 19.988
    },
    "packet_loss": {
      "p1": 0.4440706197524037,
      "p5": 0.3143919128206572,
      "p10": 0.23184615028638936,
      "p25": 0.13051783481611914,
      "p50": 0.04564984450952265,
      "p75": 0.0002255594276590637,
      "p90": 0.0,
      "p95": 0.0,
      "p99": 0.0
    }
  }
}