{
  "metrics": {
    "download_throughput_mbps": {
      "p1": 0.10271542920915996,
      "p5": 0.29970939015696973,
      "p10": 0.5950846902316106,
      "p25": 3.393899555891259,
      "p50": 16.598856454408676,
      "p75": 47.510336704842885,
      "p90": 89.11455840371381,
      "p95": 123.8749599644097,
      "p99": 202.9305145482475
    },
    "upload_throughput_mbps": {
      "p1": 0.0418116292868589,
      "p5": 0.08932671685058248,
      "p10": 0.3246466177127481,
      "p25": 2.0139163815128103,
      "p50": 8.418584983191035,
      "p75": 21.211508729544857,
      "p90": 34.80760468501845,
      "p95": 48.62126660070465,
      "p99": 85.4192157449399
    },
    "latency_ms": {
      "p1": 326.476,
      "p5": 183.07,
      "p10": 156.653,
      "p25": 125.985,
      "p50": 94.147,
      "p75": 47.037,
      "p90": 31.532,
      "p95": 24.002,
      "p99": 20.0
    },
    "packet_loss": {
      "p1": 0.44088933594286384,
      "p5": 0.31460366866140094,
      "p10": 0.23170774186611096,
      "p25": 0.1305264310547784,
      "p50": 0.045727575553277146,
      "p75": 0.0002256743792117739,
      "p90": 0.0,
      "p95": 0.0,
      "p99": 0.0
    }
  }
}