{
  "metrics": {
    "download_throughput_mbps": {
      "p1": 0.14365662904509904,
      "p5": 0.6993069206916994,
      "p10": 2.216312812959262,
      "p25": 8.069985795447444,
      "p50": 20.137744178840048,
      "p75": 39.25696686503651,
      "p90": 69.42482345371938,
      "p95": 95.85911441972013,
      "p99": 154.5124929575803
    },
    "upload_throughput_mbps": {
      "p1": 0.05330945144999244,
      "p5": 0.5577965901533251,
      "p10": 1.5308546619410388,
      "p25": 4.725289936992087,
      "p50": 9.746497723547806,
      "p75": 16.768927562851385,
      "p90": 30.44474240735387,
      "p95": 42.98196196389805,
      "p99": 70.19216483002319
    },
    "latency_ms": {
      "p1": 222.769,
      "p5": 149.598,
      "p10": 137.192,
      "p25": 113.246,
      "p50": 73.0,
      "p75": 41.969,
      "p90": 24.986,
      "p95": 22.238,
      "p99": 20.0
    },
    "packet_loss": {
      "p1": 0.3233636610869861,
      "p5": 0.22100081272033084,
      "p10": 0.17751935352180612,
      "p25": 0.11739925989786808,
      "p50": 0.05132358964710431,
      "p75": 0.002430982194589998,
      "p90": 0.0,
      "p95": 0.0,
      "p99": 0.0
    }
  }
}