{
  "metrics": {
    "download_throughput_mbps": {
      "p1": 0.11329809151005957,
      "p5": 0.9238580579058127,
      "p10": 2.788558558567907,
      "p25": 9.412641266771544,
      "p50": 26.550839912774787,
      "p75": 68.294523569637,
      "p90": 119.99546422497444,
      "p95": 197.60993507897294,
      "p99": 216.86614075433258
    },
    "upload_throughput_mbps": {
      "p1": 0.034541386577204694,
      "p5": 0.09616793209647231,
      "p10": 0.4605347826517379,
      "p25": 1.9220329922032993,
      "p50": 7.355822344273444,
      "p75": 16.179531600872636,
      "p90": 20.470313012454906,
      "p95": 28.81284781714199,
      "p99": 50.28594033315971
    },
    "latency_ms": {
      "p1": 1113.0,
      "p5": 155.776,
      "p10": 136.133,
      "p25": 109.576,
      "p50": 98.942,
      "p75": 93.402,
      "p90": 90.508,
      "p95": 88.995,
      "p99": 60.629
    },
    "packet_loss": {
      "p1": 0.30193293204940175,
      "p5": 0.19661467528977372,
      "p10": 0.14762093751794997,
      "p25": 0.0874079111803146,
      "p50": 0.03814422434402575,
      "p75": 0.00039508085600852135,
      "p90": 0.0,
      "p95": 0.0,
      "p99": 0.0
    }
  }
}