{
  "metrics": {
    "download_throughput_mbps": {
      "p1": 0.24567887363920737,
      "p5": 1.7164889308281628,
      "p10": 5.018727686890619,
      "p25": 21.59344729309886,
      "p50": 71.74793242534798,
      "p75": 192.18815243984588,
      "p90": 400.0434635797644,
      "p95": 538.8307427792714,
      "p99": 836.1561317258321
    },
    "upload_throughput_mbps": {
      "p1": 0.05687345781635546,
      "p5": 0.08949257403343043,
      "p10": 0.3231887694058546,
      "p25": 8.344661602772044,
      "p50": 38.80955861897104,
      "p75": 106.4471442814129,
      "p90": 232.9079572445962,
      "p95": 303.77270849765785,
      "p99": 549.2006958792346
    },
    "latency_ms": {
      "p1": 257.407,
      "p5": 226.977,
      "p10": 144.24,
      "p25": 52.605,
      "p50": 15.469,
      "p75": 6.514,
      "p90": 4.009,
      "p95": 3.0,
      "p99": 1.068
    },
    "packet_loss": {
      "p1": 0.29714770672668905,
      "p5": 0.1629310351397797,
      "p10": 0.11336774174666853,
      "p25": 0.04371471917835544,
      "p50": 0.002733595508840667,
      "p75": 1.1822044429052759e-06,
      "p90": 0.0,
      "p95": 0.0,
      "p99": 0.0
    }
  }
}