{
  "metrics": {
    "download_throughput_mbps": {
      "p1": 0.15862690742410326,
      "p5": 0.9472515033036553,
      "p10": 3.1216040745789164,
      "p25": 15.036965862621551,
      "p50": 52.05622910773978,
      "p75": 157.96753222987473,
      "p90": 330.40286326145883,
      "p95": 456.36060041937407,
      "p99": 695.9936261019621
    },
    "upload_throughput_mbps": {
      "p1": 0.042916526300411484,
      "p5": 0.0756097017118474,
      "p10": 0.08979807752403095,
      "p25": 5.539957543354075,
      "p50": 30.74007345452153,
      "p75": 88.36618483136265,
      "p90": 181.46101608850634,
      "p95": 256.09303497671607,
      "p99": 393.15084410390267
    },
    "latency_ms": {
      "p1": 273.091,
      "p5": 234.18,
      "p10": 184.0,
      "p25": 52.014,
      "p50": 19.934,
      "p75": 9.077,
      "p90": 4.956,
      "p95": 3.643,
      "p99": 1.396
    },
    "packet_loss": {
      "p1": 0.3662374710273564,
      "p5": 0.19835781384686157,
      "p10": 0.13665434574753388,
      "p25": 0.058105273116619754,
      "p50": 0.004818929133453279,
      "p75": 1.0891755539314036e-05,
      "p90": 0.0,
      "p95": 0.0,
      "p99": 0.0
    }
  }
}