{
  "metrics": {
    "download_throughput_mbps": {
      "p1": 0.24745332900943232,
      "p5": 1.7087736300809242,
      "p10": 5.03748241467155,
      "p25": 21.613431097801804,
      "p50": 71.71525317161962,
      "p75": 191.8495931813374,
      "p90": 399.7126016472287,
      "p95": 538.4747078159675,
      "p99": 835.8266661136942
    },
    "upload_throughput_mbps": {
      "p1": 0.05766213149864127,
      "p5": 0.08949533227655067,
      "p10": 0.32272159825218166,
      "p25": 8.302300235266447,
      "p50": 38.87470925383785,
      "p75": 106.37660730393304,
      "p90": 232.58744037718608,
      "p95": 304.1873187176122,
      "p99": 553.5426093380845
    },
    "latency_ms": {
      "p1": 257.78,
      "p5": 227.033,
      "p10": 144.196,
      "p25": 52.776,
      "p50": 15.472,
      "p75": 6.518,
      "p90": 4.01,
      "p95": 3.0,
      "p99": 1.07
    },
    "packet_loss": {
      "p1": 0.2964483382734832,
      "p5": 0.16296375379963776,
      "p10": 0.11356538078929912,
      "p25": 0.04365049182804707,
      "p50": 0.002717773324800403,
      "p75": 1.3904248318388847e-06,
      "p90": 0.0,
      "p95": 0.0,
      "p99": 0.0
    }
  }
}