{
  "metrics": {
    "download_throughput_mbps": {
      "p1": 0.15711018808045923,
      "p5": 0.9462918264907278,
      "p10": 3.1222886103317116,
      "p25": 15.070744864253411,
      "p50": 52.06802434045927,
      "p75": 158.0771213922657,
      "p90": 329.9441723931845,
      "p95": 456.5653449415015,
      "p99": 694.7199510074036
    },
    "upload_throughput_mbps": {
      "p1": 0.04344721531911711,
      "p5": 0.07560995729886445,
      "p10": 0.08980022527855822,
      "p25": 5.544638094033405,
      "p50": 30.77855746573104,
      "p75": 88.41191538212692,
      "p90": 181.81182054789465,
      "p95": 255.97018457841918,
      "p99": 392.3391862859113
    },
    "latency_ms": {
      "p1": 273.408,
      "p5": 234.039,
      "p10": 184.273,
      "p25": 52.009,
      "p50": 19.942,
      "p75": 9.08,
      "p90": 4.952,
      "p95": 3.632,
      "p99": 1.385
    },
    "packet_loss": {
      "p1": 0.36592856171524407,
      "p5": 0.19883129861101562,
      "p10": 0.13683315281785868,
      "p25": 0.05809315468993904,
      "p50": 0.004804140023589957,
      "p75": 1.0862591504420402e-05,
      "p90": 0.0,
      "p95": 0.0,
      "p99": 0.0
    }
  }
}