{
  "metadata": {
    "country_code": "BR",
    "country_name": "Brazil",
    "period": "2024-10",
    "period_description": "October 2024",
    "dataset": "M-Lab NDT",
    "download_samples": 4944407,
    "upload_samples": 3496328
  },
  "metrics": {
    "download_throughput_mbps": {
      "p1": 0.1607952665485899,
      "p5": 0.9527639351896139,
      "p10": 3.0995791948048126,
      "p25": 15.027442481667213,
      "p50": 52.05003588762424,
      "p75": 157.9133050283035,
      "p90": 330.56865817664186,
      "p95": 456.85148065886335,
      "p99": 699.4150527600466
    },
    "upload_throughput_mbps": {
      "p1": 0.04271425174361129,
      "p5": 0.07560308380999751,
      "p10": 0.08981165041087474,
      "p25": 5.53270523375538,
      "p50": 30.774797230694343,
      "p75": 88.4152374160525,
      "p90": 181.77498611764298,
      "p95": 255.68482970928804,
      "p99": 393.05831520691316
    },
    "latency_ms": {
      "p1": 274.874,
      "p5": 234.07,
      "p10": 184.463,
      "p25": 52.107,
      "p50": 19.953,
      "p75": 9.072,
      "p90": 4.958,
      "p95": 3.64,
      "p99": 1.394
    },
    "packet_loss": {
      "p1": 0.3683998584485473,
      "p5": 0.1989762612035137,
      "p10": 0.13678163876238772,
      "p25": 0.05818004802054541,
      "p50": 0.004794188738463603,
      "p75": 1.099611491732316e-05,
      "p90": 0.0,
      "p95": 0.0,
      "p99": 0.0
    }
  }
}