{
  "metadata": {
    "country_code": "BR",
    "country_name": "Brazil",
    "period": "2024-10",
    "period_description": "October 2024",
    "dataset": "M-Lab NDT",
    "download_samples": 4944407,
    "upload_samples": 3496328
  },
  "metrics": {
    "download_throughput_mbps": {
      "p1": 0.15979623373499155,
      "p5": 0.9501991252036766,
      "p10": 3.101174869710966,
      "p25": 15.0340700432778,
      "p50": 51.9831305263177,
      "p75": 158.38962702858973,
      "p90": 330.3352983503099,
      "p95": 456.0950392154999,
      "p99": 696.5613392781584
    },
    "upload_throughput_mbps": {
      "p1": 0.042563080079753776,
      "p5": 0.07560071683921148,
      "p10": 0.08980854096320207,
      "p25": 5.545812099052701,
      "p50": 30.78175191467136,
      "p75": 88.37694460346944,
      "p90": 181.64033113619195,
      "p95": 255.97876412741525,
      "p99": 394.3416893812533
    },
    "latency_ms": {
      "p1": 1.394,
      "p5": 3.637,
      "p10": 4.958,
      "p25": 9.079,
      "p50": 19.953,
      "p75": 52.065,
      "p90": 184.738,
      "p95": 234.072,
      "p99": 273.0
    },
    "packet_loss": {
      "p1": 0.0,
      "p5": 0.0,
      "p10": 0.0,
      "p25": 1.1042755272820004e-05,
      "p50": 0.004822712745559209,
      "p75": 0.05811090765473097,
      "p90": 0.13649207990035975,
      "p95": 0.1987869577393624,
      "p99": 0.3652163739953438
    }
  }
}