{
  "metrics": {
    "download_throughput_mbps": {
      "p1": 0.5661183572010837,
      "p5": 5.576028442699167,
      "p10": 10.760049661679806,
      "p25": 32.192102817229035,
      "p50": 67.21861017620273,
      "p75": 93.80328479970177,
      "p90": 215.3496453569349,
      "p95": 283.10698236619453,
      "p99": 513.6899335304673
    },
    "upload_throughput_mbps": {
      "p1": 0.047307048617444426,
      "p5": 0.6092208686922621,
      "p10": 2.7244934356200172,
      "p25": 6.336711414442477,
      "p50": 12.83503522695309,
      "p75": 39.20100563848881,
      "p90": 87.46937719115367,
      "p95": 137.75629222189457,
      "p99": 261.9169930324195
    },
    "latency_ms": {
      "p1": 269.486,
      "p5": 172.548,
      "p10": 125.462,
      "p25": 53.916,
      "p50": 21.191,
      "p75": 8.623,
      "p90": 0.215,
      "p95": 0.159,
      "p99": 0.129
    },
    "packet_loss": {
      "p1": 0.22555461830709503,
      "p5": 0.14499795464620513,
      "p10": 0.11324461712285744,
      "p25": 0.07646914325091948,
      "p50": 0.014580868464994054,
      "p75": 0.000763801190026618,
      "p90": 3.6247076701637457e-06,
      "p95": 0.0,
      "p99": 0.0
    }
  }
}