{
  "metrics": {
    "download_throughput_mbps": {
      "p1": 0.40317403905591,
      "p5": 0.6133027179824223,
      "p10": 1.0882741980565476,
      "p25": 3.83413294992227,
      "p50": 38.803743715881915,
      "p75": 61.85300757992885,
      "p90": 125.42197126664371,
      "p95": 127.1420102935053,
      "p99": 157.38894698310676
    },
    "upload_throughput_mbps": {
      "p1": 0.06992680311473724,
      "p5": 0.07648482750324222,
      "p10": 0.21799495732021015,
      "p25": 0.8772460454720715,
      "p50": 3.494053739245321,
      "p75": 5.31236916183679,
      "p90": 35.12596675978279,
      "p95": 53.39660859128476,
      "p99": 134.58897579465915
    },
    "latency_ms": {
      "p1": 282.214,
      "p5": 205.389,
      "p10": 192.335,
      "p25": 177.0,
      "p50": 147.411,
      "p75": 115.928,
      "p90": 99.302,
      "p95": 77.0,
      "p99": 32.533
    },
    "packet_loss": {
      "p1": 0.2604139937881155,
      "p5": 0.2278070724792879,
      "p10": 0.13702838372433598,
      "p25": 0.0691484401372947,
      "p50": 0.0037540742276456316,
      "p75": 0.0,
      "p90": 0.0,
      "p95": 0.0,
      "p99": 0.0
    }
  }
}