{
  "metrics": {
    "download_throughput_mbps": {
      "p1": 0.10712523035223248,
      "p5": 0.6565263552321848,
      "p10": 1.6176877134403853,
      "p25": 6.1769883625911675,
      "p50": 28.376016611766747,
      "p75": 87.86405340717528,
      "p90": 193.08638855516108,
      "p95": 265.4931397906343,
      "p99": 352.03849285193604
    },
    "upload_throughput_mbps": {
      "p1": 0.08185010713147538,
      "p5": 0.4012342623500484,
      "p10": 0.7077449779200169,
      "p25": 3.0889208281447043,
      "p50": 10.322390434518098,
      "p75": 24.0425287720662,
      "p90": 80.73848734702645,
      "p95": 135.8578586380016,
      "p99": 188.8776818188909
    },
    "latency_ms": {
      "p1": 291.83,
      "p5": 259.039,
      "p10": 69.363,
      "p25": 30.727,
      "p50": 21.71,
      "p75": 16.291,
      "p90": 12.311,
      "p95": 10.95,
      "p99": 8.15
    },
    "packet_loss": {
      "p1": 0.3854088127448507,
      "p5": 0.2318666485505636,
      "p10": 0.1530332344903186,
      "p25": 0.06035174304989411,
      "p50": 0.0035712854766623554,
      "p75": 0.0,
      "p90": 0.0,
      "p95": 0.0,
      "p99": 0.0
    }
  }
}