{
  "metrics": {
    "download_throughput_mbps": {
      "p1": 0.07177285675817438,
      "p5": 0.3478981774993461,
      "p10": 0.8080071677934821,
      "p25": 3.3254651375847324,
      "p50": 8.090541357774411,
      "p75": 24.964558339503018,
      "p90": 109.00641281912803,
      "p95": 172.9436431463493,
      "p99": 261.22924813266553
    },
    "upload_throughput_mbps": {
      "p1": 0.07990207264567664,
      "p5": 0.44396545570375784,
      "p10": 0.9522156599029187,
      "p25": 2.012962424608843,
      "p50": 8.49062513531127,
      "p75": 23.48787573389007,
      "p90": 94.66658031339173,
      "p95": 137.50984826900913,
      "p99": 183.00090673376152
    },
    "latency_ms": {
      "p1": 404.318,
      "p5": 250.099,
      "p10": 207.955,
      "p25": 70.045,
      "p50": 27.93,
      "p75": 17.847,
      "p90": 13.158,
      "p95": 12.261,
      "p99": 9.119
    },
    "packet_loss": {
      "p1": 0.33971110066396615,
      "p5": 0.18631311095184183,
      "p10": 0.12225237549332413,
      "p25": 0.037361603323129836,
      "p50": 0.0038516796422121795,
      "p75": 0.0001262413240127334,
      "p90": 0.0,
      "p95": 0.0,
      "p99": 0.0
    }
  }
}