{
  "metrics": {
    "download_throughput_mbps": {
      "p1": 0.10627994756255994,
      "p5": 0.6587656744997223,
      "p10": 1.6176877134403853,
      "p25": 6.1769883625911675,
      "p50": 28.383458751214263,
      "p75": 87.86405340717528,
      "p90": 192.84383760538896,
      "p95": 265.4931397906343,
      "p99": 352.1234514223865
    },
    "upload_throughput_mbps": {
      "p1": 0.08185010713147538,
      "p5": 0.4012342623500484,
      "p10": 0.7077449779200169,
      "p25": 3.0868440132478527,
      "p50": 10.322390434518098,
      "p75": 24.00057599769601,
      "p90": 80.86358510935743,
      "p95": 135.8578586380016,
      "p99": 188.8776818188909
    },
    "latency_ms": {
      "p1": 291.83,
      "p5": 259.043,
      "p10": 69.804,
      "p25": 30.733,
      "p50": 21.712,
      "p75": 16.293,
      "p90": 12.309,
      "p95": 10.95,
      "p99": 8.15
    },
    "packet_loss": {
      "p1": 0.38547159018827104,
      "p5": 0.23185299740626636,
      "p10": 0.15290204337792032,
      "p25": 0.0603767123784594,
      "p50": 0.003569388243561972,
      "p75": 0.0,
      "p90": 0.0,
      "p95": 0.0,
      "p99": 0.0
    }
  }
}