{
  "metrics": {
    "download_throughput_mbps": {
      "p1": 0.19769334734275887,
      "p5": 0.9874383436500559,
      "p10": 2.0913969943340875,
      "p25": 8.085163055222806,
      "p50": 27.553096041061977,
      "p75": 72.31423970669425,
      "p90": 99.72758413016261,
      "p95": 186.0778107601707,
      "p99": 314.88842643829094
    },
    "upload_throughput_mbps": {
      "p1": 0.11229327127350805,
      "p5": 0.5272964378613049,
      "p10": 1.033407166149837,
      "p25": 5.508542162355931,
      "p50": 16.91693756435372,
      "p75": 43.152110913017864,
      "p90": 77.92176977890364,
      "p95": 90.94880967605722,
      "p99": 163.22488192626656
    },
    "latency_ms": {
      "p1": 167.118,
      "p5": 78.567,
      "p10": 69.003,
      "p25": 54.966,
      "p50": 43.0,
      "p75": 27.933,
      "p90": 14.047,
      "p95": 11.312,
      "p99": 9.204
    },
    "packet_loss": {
      "p1": 0.27532868333004334,
      "p5": 0.18705515302611841,
      "p10": 0.15015278752335523,
      "p25": 0.07785260864902827,
      "p50": 0.01751123536552346,
      "p75": 0.0001261816078791384,
      "p90": 0.0,
      "p95": 0.0,
      "p99": 0.0
    }
  }
}