{
  "metrics": {
    "download_throughput_mbps": {
      "p1": 0.13972952970463567,
      "p5": 0.553058630766722,
      "p10": 1.2864054720112659,
      "p25": 4.980902289114509,
      "p50": 20.80322365771372,
      "p75": 72.59275732525828,
      "p90": 130.77259781957662,
      "p95": 200.59771779757295,
      "p99": 346.80141164633807
    },
    "upload_throughput_mbps": {
      "p1": 0.05631846813766665,
      "p5": 0.149870480621693,
      "p10": 0.5330952007143979,
      "p25": 3.0391081653510077,
      "p50": 17.655318944690656,
      "p75": 52.229394841498014,
      "p90": 92.90919572516593,
      "p95": 106.64461587475424,
      "p99": 230.91772308163073
    },
    "latency_ms": {
      "p1": 266.333,
      "p5": 67.0,
      "p10": 52.173,
      "p25": 38.185,
      "p50": 28.746,
      "p75": 16.435,
      "p90": 11.026,
      "p95": 10.074,
      "p99": 9.0
    },
    "packet_loss": {
      "p1": 0.3125207780418214,
      "p5": 0.18151421065201814,
      "p10": 0.13386959979163854,
      "p25": 0.06800793829307018,
      "p50": 0.004310332924592106,
      "p75": 0.0,
      "p90": 0.0,
      "p95": 0.0,
      "p99": 0.0
    }
  }
}