{
  "metrics": {
    "download_throughput_mbps": {
      "p1": 0.13835834597180746,
      "p5": 0.5572610685783016,
      "p10": 1.2869155122192335,
      "p25": 4.962987117723827,
      "p50": 20.786241125988465,
      "p75": 72.6053388844303,
      "p90": 130.89330232499537,
      "p95": 200.62010327561433,
      "p99": 346.8029371321737
    },
    "upload_throughput_mbps": {
      "p1": 0.05602991008435385,
      "p5": 0.15020223361907686,
      "p10": 0.5331799069422543,
      "p25": 3.0391081653510077,
      "p50": 17.683260593653387,
      "p75": 52.22207058147781,
      "p90": 92.91214241421486,
      "p95": 106.52245402100469,
      "p99": 230.91772308163073
    },
    "latency_ms": {
      "p1": 276.125,
      "p5": 67.045,
      "p10": 52.185,
      "p25": 38.185,
      "p50": 28.749,
      "p75": 16.448,
      "p90": 11.024,
      "p95": 10.066,
      "p99": 9.0
    },
    "packet_loss": {
      "p1": 0.31386430678466076,
      "p5": 0.18142321399941536,
      "p10": 0.13379027267488214,
      "p25": 0.06807063982079758,
      "p50": 0.004314988070341605,
      "p75": 0.0,
      "p90": 0.0,
      "p95": 0.0,
      "p99": 0.0
    }
  }
}