{
  "metrics": {
    "download_throughput_mbps": {
      "p1": 0.19590504281320675,
      "p5": 0.9874383436500559,
      "p10": 2.091408540438479,
      "p25": 8.085163055222806,
      "p50": 27.553096041061977,
      "p75": 72.33878665950832,
      "p90": 99.72758413016261,
      "p95": 185.54329547446514,
      "p99": 314.88842643829094
    },
    "upload_throughput_mbps": {
      "p1": 0.11229327127350805,
      "p5": 0.5272459620028622,
      "p10": 1.0344137959171267,
      "p25": 5.506851709522476,
      "p50": 16.91455388432433,
      "p75": 43.152110913017864,
      "p90": 77.92176977890364,
      "p95": 90.94880967605722,
      "p99": 163.22488192626656
    },
    "latency_ms": {
      "p1": 167.118,
      "p5": 78.567,
      "p10": 69.003,
      "p25": 54.991,
      "p50": 43.0,
      "p75": 27.933,
      "p90": 14.054,
      "p95": 11.329,
      "p99": 9.18
    },
    "packet_loss": {
      "p1": 0.274219433312207,
      "p5": 0.18705515302611841,
      "p10": 0.1505251953266623,
      "p25": 0.07785260864902827,
      "p50": 0.017526892447121453,
      "p75": 0.0001261816078791384,
      "p90": 0.0,
      "p95": 0.0,
      "p99": 0.0
    }
  }
}