{
  "metrics": {
    "download_throughput_mbps": {
      "p1": 0.48515237083497487,
      "p5": 3.45862298528645,
      "p10": 8.283939975383442,
      "p25": 21.52052815803625,
      "p50": 43.95105027492761,
      "p75": 100.91981341552645,
      "p90": 186.2045496269306,
      "p95": 252.15132357277804,
      "p99": 312.85279708801386
    },
    "upload_throughput_mbps": {
      "p1": 0.12403226656382174,
      "p5": 0.6857363885581669,
      "p10": 1.4670964927745593,
      "p25": 9.59638194190649,
      "p50": 34.441469741948026,
      "p75": 88.56053378265206,
      "p90": 160.28016745519622,
      "p95": 226.34777043516104,
      "p99": 310.48799655137276
    },
    "latency_ms": {
      "p1": 163.185,
      "p5": 128.668,
      "p10": 122.446,
      "p25": 103.056,
      "p50": 87.66,
      "p75": 72.578,
      "p90": 67.96,
      "p95": 22.119,
      "p99": 8.0
    },
    "packet_loss": {
      "p1": 0.28969087188915454,
      "p5": 0.17412181488385214,
      "p10": 0.12926400575385752,
      "p25": 0.058540476463050294,
      "p50": 0.007314550811091413,
      "p75": 0.0,
      "p90": 0.0,
      "p95": 0.0,
      "p99": 0.0
    }
  }
}