{
  "metrics": {
    "download_throughput_mbps": {
      "p1": 0.38992643294457574,
      "p5": 2.7254964337911542,
      "p10": 7.668672970802899,
      "p25": 31.11575715372626,
      "p50": 97.60566701393174,
      "p75": 287.8843324256712,
      "p90": 519.0871198116329,
      "p95": 698.5587501666064,
      "p99": 937.7059256
    },
    "upload_throughput_mbps": {
      "p1": 0.06359940446804956,
      "p5": 0.10235718840517974,
      "p10": 0.8246801336363918,
      "p25": 8.0624578916182,
      "p50": 32.23994192011616,
      "p75": 113.83897397613246,
      "p90": 325.0511814826748,
      "p95": 519.0452796310159,
      "p99": 893.2038341827462
    },
    "latency_ms": {
      "p1": 183.647,
      "p5": 70.098,
      "p10": 50.944,
      "p25": 31.62,
      "p50": 18.279,
      "p75": 7.831,
      "p90": 3.349,
      "p95": 0.97,
      "p99": 0.161
    },
    "packet_loss": {
      "p1": 0.23863016200086737,
      "p5": 0.1188017172647794,
      "p10": 0.07947832084777964,
      "p25": 0.02081362474076574,
      "p50": 0.0005837990304271034,
      "p75": 0.0,
      "p90": 0.0,
      "p95": 0.0,
      "p99": 0.0
    }
  }
}