{
  "metrics": {
    "download_throughput_mbps": {
      "p1": 0.3827561432977672,
      "p5": 2.696702933589456,
      "p10": 7.662588958948425,
      "p25": 31.123974379590674,
      "p50": 97.67067021496254,
      "p75": 287.8273201966864,
      "p90": 518.8268031852276,
      "p95": 699.3191579914097,
      "p99": 937.9871015687465
    },
    "upload_throughput_mbps": {
      "p1": 0.06355034133609112,
      "p5": 0.10235416458542146,
      "p10": 0.8239797652882223,
      "p25": 8.0595382972047,
      "p50": 32.20296466955454,
      "p75": 114.05002603981251,
      "p90": 325.4370592157285,
      "p95": 519.2060090986832,
      "p99": 891.949444515666
    },
    "latency_ms": {
      "p1": 182.24,
      "p5": 70.001,
      "p10": 50.856,
      "p25": 31.613,
      "p50": 18.28,
      "p75": 7.828,
      "p90": 3.346,
      "p95": 0.959,
      "p99": 0.162
    },
    "packet_loss": {
      "p1": 0.23687130201232096,
      "p5": 0.11869007169564144,
      "p10": 0.07943640624316206,
      "p25": 0.020804210237518737,
      "p50": 0.0005831934973925041,
      "p75": 0.0,
      "p90": 0.0,
      "p95": 0.0,
      "p99": 0.0
    }
  }
}