{
  "metrics": {
    "download_throughput_mbps": {
      "p1": 0.3436735223431158,
      "p5": 2.389750313692848,
      "p10": 6.566215303675496,
      "p25": 26.152256020671732,
      "p50": 82.49233597400446,
      "p75": 237.00473305482913,
      "p90": 443.4750966318373,
      "p95": 587.9221042252547,
      "p99": 880.6094182127445
    },
    "upload_throughput_mbps": {
      "p1": 0.05735748446358147,
      "p5": 0.08817999175252454,
      "p10": 0.6121019628634166,
      "p25": 6.336982063797253,
      "p50": 23.596214094647635,
      "p75": 80.239227218278,
      "p90": 220.02994961532008,
      "p95": 404.66842697940433,
      "p99": 822.972274324537
    },
    "latency_ms": {
      "p1": 219.438,
      "p5": 83.063,
      "p10": 55.404,
      "p25": 33.749,
      "p50": 17.31,
      "p75": 8.0,
      "p90": 4.069,
      "p95": 1.585,
      "p99": 0.178
    },
    "packet_loss": {
      "p1": 0.23727157523418213,
      "p5": 0.11659897054365337,
      "p10": 0.07596503370082418,
      "p25": 0.020046177269115954,
      "p50": 0.0004796563631014564,
      "p75": 0.0,
      "p90": 0.0,
      "p95": 0.0,
      "p99": 0.0
    }
  }
}