{
  "metrics": {
    "download_throughput_mbps": {
      "p1": 0.07528608020289457,
      "p5": 0.2904021106815262,
      "p10": 0.5884352267830306,
      "p25": 2.2721237798993306,
      "p50": 7.548578547985049,
      "p75": 21.96591276243942,
      "p90": 54.1240074950486,
      "p95": 56.18262507393761,
      "p99": 81.67098009955677
    },
    "upload_throughput_mbps": {
      "p1": 0.06905999090221197,
      "p5": 0.3859513235068394,
      "p10": 0.747204837521994,
      "p25": 1.777107615736107,
      "p50": 4.31833769977849,
      "p75": 12.429702817757262,
      "p90": 16.43952185836335,
      "p95": 16.609339353191558,
      "p99": 46.19246544625515
    },
    "latency_ms": {
      "p1": 397.708,
      "p5": 320.683,
      "p10": 262.0,
      "p25": 243.252,
      "p50": 151.016,
      "p75": 77.441,
      "p90": 70.0,
      "p95": 69.136,
      "p99": 40.499
    },
    "packet_loss": {
      "p1": 0.3417602790051433,
      "p5": 0.24727428064171075,
      "p10": 0.18451241443690508,
      "p25": 0.07731229581185356,
      "p50": 0.02254407346962215,
      "p75": 0.0017790349624846001,
      "p90": 0.0,
      "p95": 0.0,
      "p99": 0.0
    }
  }
}