{
  "metrics": {
    "download_throughput_mbps": {
      "p1": 0.04370605217945766,
      "p5": 0.12141275019129315,
      "p10": 0.27377332826013856,
      "p25": 1.7022887849843344,
      "p50": 6.2891602624593315,
      "p75": 9.445921586428145,
      "p90": 46.90045642193005,
      "p95": 50.40176838121666,
      "p99": 79.18388852714517
    },
    "upload_throughput_mbps": {
      "p1": 0.025057979694716452,
      "p5": 0.19854064700489438,
      "p10": 0.5906557173461754,
      "p25": 1.6321455408661238,
      "p50": 1.929495254100975,
      "p75": 8.531131991709973,
      "p90": 15.242284812479056,
      "p95": 17.352136933663633,
      "p99": 54.97029106728925
    },
    "latency_ms": {
      "p1": 1098.324,
      "p5": 489.222,
      "p10": 364.363,
      "p25": 276.004,
      "p50": 250.001,
      "p75": 175.151,
      "p90": 159.308,
      "p95": 157.16,
      "p99": 132.425
    },
    "packet_loss": {
      "p1": 0.354802830168689,
      "p5": 0.25244729449819825,
      "p10": 0.1796517767090358,
      "p25": 0.08670056401896604,
      "p50": 0.02915320876564021,
      "p75": 0.0025775007491853825,
      "p90": 0.0,
      "p95": 0.0,
      "p99": 0.0
    }
  }
}