{
  "metrics": {
    "download_throughput_mbps": {
      "p1": 0.46404032909719417,
      "p5": 3.4050269041259615,
      "p10": 9.19802712380024,
      "p25": 37.14005802645584,
      "p50": 70.34930733526944,
      "p75": 247.45930031454796,
      "p90": 531.306717222698,
      "p95": 755.4578423573845,
      "p99": 916.9085330089164
    },
    "upload_throughput_mbps": {
      "p1": 0.0698732436464574,
      "p5": 0.4881966991477272,
      "p10": 3.418921955401458,
      "p25": 15.758640095193336,
      "p50": 23.528054175566595,
      "p75": 82.02859839695138,
      "p90": 268.7710434272792,
      "p95": 539.1501805597111,
      "p99": 860.41750299218
    },
    "latency_ms": {
      "p1": 185.206,
      "p5": 44.55,
      "p10": 29.116,
      "p25": 16.347,
      "p50": 7.717,
      "p75": 5.0,
      "p90": 2.076,
      "p95": 1.585,
      "p99": 1.0
    },
    "packet_loss": {
      "p1": 0.1672750855780476,
      "p5": 0.06990478258213675,
      "p10": 0.029637197216980157,
      "p25": 0.003905582950839911,
      "p50": 0.00011070391473989882,
      "p75": 0.0,
      "p90": 0.0,
      "p95": 0.0,
      "p99": 0.0
    }
  }
}