{
  "metrics": {
    "download_throughput_mbps": {
      "p1": 0.46612540564811855,
      "p5": 3.389702456743632,
      "p10": 9.202832280479173,
      "p25": 37.09959008855059,
      "p50": 70.35003660885049,
      "p75": 247.82564623645553,
      "p90": 531.605139531279,
      "p95": 755.7948912820435,
      "p99": 917.1200313917363
    },
    "upload_throughput_mbps": {
      "p1": 0.07252130129744584,
      "p5": 0.4881929400936645,
      "p10": 3.4219785329213037,
      "p25": 15.758695939108629,
      "p50": 23.528054175566595,
      "p75": 82.00147756512946,
      "p90": 269.0846011331724,
      "p95": 541.0373628079085,
      "p99": 852.9717688172054
    },
    "latency_ms": {
      "p1": 184.909,
      "p5": 44.342,
      "p10": 29.085,
      "p25": 16.336,
      "p50": 7.726,
      "p75": 5.0,
      "p90": 2.076,
      "p95": 1.588,
      "p99": 1.0
    },
    "packet_loss": {
      "p1": 0.16953526591310386,
      "p5": 0.06979621990347543,
      "p10": 0.02972776104853411,
      "p25": 0.003907788592497927,
      "p50": 0.00011020096260660102,
      "p75": 0.0,
      "p90": 0.0,
      "p95": 0.0,
      "p99": 0.0
    }
  }
}