{
  "metrics": {
    "download_throughput_mbps": {
      "p1": 0.373008392530738,
      "p5": 2.5703681821911406,
      "p10": 7.006620093424133,
      "p25": 30.449099261921223,
      "p50": 92.56316918137014,
      "p75": 332.12159194417455,
      "p90": 718.9764130801955,
      "p95": 863.2586041622422,
      "p99": 983.3399279484485
    },
    "upload_throughput_mbps": {
      "p1": 0.0700849201762743,
      "p5": 0.2893049220831908,
      "p10": 2.3309456141822777,
      "p25": 15.355099470211536,
      "p50": 42.56586956132624,
      "p75": 116.53662034112065,
      "p90": 540.594438475188,
      "p95": 742.2862173127263,
      "p99": 929.4786668170666
    },
    "latency_ms": {
      "p1": 203.642,
      "p5": 56.915,
      "p10": 33.904,
      "p25": 18.154,
      "p50": 8.86,
      "p75": 5.048,
      "p90": 2.094,
      "p95": 1.354,
      "p99": 0.737
    },
    "packet_loss": {
      "p1": 0.23047198541397645,
      "p5": 0.09724387108186748,
      "p10": 0.05330200259670304,
      "p25": 0.009253673473257772,
      "p50": 0.0002230930495894699,
      "p75": 0.0,
      "p90": 0.0,
      "p95": 0.0,
      "p99": 0.0
    }
  }
}