{
  "metrics": {
    "download_throughput_mbps": {
      "p1": 0.08983293091250713,
      "p5": 0.29877433246709983,
      "p10": 0.6546718132923515,
      "p25": 2.886036629634184,
      "p50": 10.90968095548635,
      "p75": 26.384328661559003,
      "p90": 43.41740609733805,
      "p95": 58.93837158794294,
      "p99": 91.17426321283271
    },
    "upload_throughput_mbps": {
      "p1": 0.023212487291047218,
      "p5": 0.13188636533229536,
      "p10": 0.3119435456212942,
      "p25": 2.005460767235397,
      "p50": 8.04314030579523,
      "p75": 15.329642160484026,
      "p90": 21.38475527131362,
      "p95": 31.846379400994216,
      "p99": 49.29677626946526
    },
    "latency_ms": {
      "p1": 463.982,
      "p5": 271.0,
      "p10": 250.052,
      "p25": 234.043,
      "p50": 220.921,
      "p75": 205.682,
      "p90": 48.87,
      "p95": 34.083,
      "p99": 19.677
    },
    "packet_loss": {
      "p1": 0.32132384189144486,
      "p5": 0.2300884484299438,
      "p10": 0.18450968753729888,
      "p25": 0.10698196242432242,
      "p50": 0.02493082653990395,
      "p75": 0.00020261374529968994,
      "p90": 0.0,
      "p95": 0.0,
      "p99": 0.0
    }
  }
}