{
  "metrics": {
    "download_throughput_mbps": {
      "p1": 0.10170543786514068,
      "p5": 0.3457262694575337,
      "p10": 0.7235474928198943,
      "p25": 2.8393783257518863,
      "p50": 10.525832425982033,
      "p75": 29.182255950178735,
      "p90": 50.70855126145335,
      "p95": 66.78088372118602,
      "p99": 91.6700537609086
    },
    "upload_throughput_mbps": {
      "p1": 0.05948389930715615,
      "p5": 0.2500479983104595,
      "p10": 0.6168302293176865,
      "p25": 2.261951002098887,
      "p50": 6.782728945398539,
      "p75": 14.54493801745858,
      "p90": 22.57385187658305,
      "p95": 30.718416035009533,
      "p99": 56.63339855120723
    },
    "latency_ms": {
      "p1": 376.283,
      "p5": 247.018,
      "p10": 228.578,
      "p25": 216.8,
      "p50": 206.099,
      "p75": 193.688,
      "p90": 125.297,
      "p95": 117.303,
      "p99": 102.637
    },
    "packet_loss": {
      "p1": 0.3135407266782645,
      "p5": 0.23242284039330066,
      "p10": 0.17588517832544845,
      "p25": 0.08819142713724125,
      "p50": 0.009395390470678104,
      "p75": 0.0,
      "p90": 0.0,
      "p95": 0.0,
      "p99": 0.0
    }
  }
}