{
  "metrics": {
    "download_throughput_mbps": {
      "p1": 0.10163483477397678,
      "p5": 0.34571086099798154,
      "p10": 0.7235474928198943,
      "p25": 2.8388954157447577,
      "p50": 10.525832425982033,
      "p75": 29.182255950178735,
      "p90": 50.74459122584748,
      "p95": 66.78088372118602,
      "p99": 91.81421385562228
    },
    "upload_throughput_mbps": {
      "p1": 0.05948389930715615,
      "p5": 0.2500479983104595,
      "p10": 0.6168302293176865,
      "p25": 2.261951002098887,
      "p50": 6.782728945398539,
      "p75": 14.54493801745858,
      "p90": 22.57385187658305,
      "p95": 30.718416035009533,
      "p99": 56.63339855120723
    },
    "latency_ms": {
      "p1": 376.283,
      "p5": 247.094,
      "p10": 228.578,
      "p25": 216.798,
      "p50": 206.096,
      "p75": 193.636,
      "p90": 125.297,
      "p95": 117.305,
      "p99": 103.863
    },
    "packet_loss": {
      "p1": 0.3135407266782645,
      "p5": 0.23242284039330066,
      "p10": 0.17588517832544845,
      "p25": 0.08833118276285952,
      "p50": 0.00939771953864639,
      "p75": 0.0,
      "p90": 0.0,
      "p95": 0.0,
      "p99": 0.0
    }
  }
}