{
  "metrics": {
    "download_throughput_mbps": {
      "p1": 0.13182366702031184,
      "p5": 0.5916589054645027,
      "p10": 1.4653931629780321,
      "p25": 6.4355101628835785,
      "p50": 31.948889955756744,
      "p75": 144.321969446981,
      "p90": 337.4690935376408,
      "p95": 514.0913207756149,
      "p99": 837.1340202380122
    },
    "upload_throughput_mbps": {
      "p1": 0.019213496247120265,
      "p5": 0.0752067318148751,
      "p10": 0.08913053152101359,
      "p25": 2.341953906045253,
      "p50": 11.562172134807058,
      "p75": 67.14827417302955,
      "p90": 247.7324265881914,
      "p95": 431.81764240474683,
      "p99": 714.1939611987203
    },
    "latency_ms": {
      "p1": 374.065,
      "p5": 221.82,
      "p10": 107.056,
      "p25": 35.389,
      "p50": 19.259,
      "p75": 8.312,
      "p90": 4.489,
      "p95": 2.946,
      "p99": 0.78
    },
    "packet_loss": {
      "p1": 0.3020638423753887,
      "p5": 0.14428128350207864,
      "p10": 0.08717507195527999,
      "p25": 0.017806294047894095,
      "p50": 0.0006768214811825261,
      "p75": 0.0,
      "p90": 0.0,
      "p95": 0.0,
      "p99": 0.0
    }
  }
}