{
  "metrics": {
    "download_throughput_mbps": {
      "p1": 0.17257346301110424,
      "p5": 0.7745946585843531,
      "p10": 1.9274498638773765,
      "p25": 8.440981268641144,
      "p50": 42.62323079452401,
      "p75": 191.63175619464496,
      "p90": 426.62417742680964,
      "p95": 604.2782703016435,
      "p99": 887.1480538421221
    },
    "upload_throughput_mbps": {
      "p1": 0.04240380775089863,
      "p5": 0.08331548344400265,
      "p10": 0.18677417245335534,
      "p25": 3.416785637823898,
      "p50": 17.124976526291054,
      "p75": 102.36784923157414,
      "p90": 330.1273173730632,
      "p95": 523.2704022643105,
      "p99": 838.4653185109808
    },
    "latency_ms": {
      "p1": 274.146,
      "p5": 136.397,
      "p10": 103.52,
      "p25": 33.991,
      "p50": 17.785,
      "p75": 7.091,
      "p90": 3.504,
      "p95": 2.282,
      "p99": 0.911
    },
    "packet_loss": {
      "p1": 0.307011364509073,
      "p5": 0.14673551663436882,
      "p10": 0.09042334823498685,
      "p25": 0.019297001365591027,
      "p50": 0.0006911151886268589,
      "p75": 0.0,
      "p90": 0.0,
      "p95": 0.0,
      "p99": 0.0
    }
  }
}