{
  "metrics": {
    "download_throughput_mbps": {
      "p1": 0.07516145535151196,
      "p5": 0.240737222396503,
      "p10": 0.4602240472868932,
      "p25": 1.8507078830569046,
      "p50": 6.973698354828026,
      "p75": 19.08100595633356,
      "p90": 52.266072669400614,
      "p95": 77.71486033412292,
      "p99": 133.4955017677025
    },
    "upload_throughput_mbps": {
      "p1": 0.026032327826704994,
      "p5": 0.15120369201946962,
      "p10": 0.29878827541349473,
      "p25": 0.9060994477590942,
      "p50": 2.7970551007661832,
      "p75": 7.913199974780463,
      "p90": 13.818650438002544,
      "p95": 17.702411850984337,
      "p99": 30.087891277899068
    },
    "latency_ms": {
      "p1": 651.155,
      "p5": 419.572,
      "p10": 377.998,
      "p25": 344.0,
      "p50": 240.0,
      "p75": 32.935,
      "p90": 24.354,
      "p95": 22.0,
      "p99": 19.0
    },
    "packet_loss": {
      "p1": 0.4030060510213222,
      "p5": 0.33741873135757705,
      "p10": 0.2739477956210854,
      "p25": 0.12131499158873046,
      "p50": 0.018737375839204404,
      "p75": 0.00026057446568401567,
      "p90": 0.0,
      "p95": 0.0,
      "p99": 0.0
    }
  }
}