{
  "metrics": {
    "download_throughput_mbps": {
      "p1": 0.07569579828564175,
      "p5": 0.2532971878889089,
      "p10": 0.5267688549624631,
      "p25": 2.5824000303987384,
      "p50": 14.13680240919753,
      "p75": 41.67072700289911,
      "p90": 87.30772122192325,
      "p95": 151.73791552914727,
      "p99": 296.5930057276801
    },
    "upload_throughput_mbps": {
      "p1": 0.0504616910647713,
      "p5": 0.17658703632058542,
      "p10": 0.635998597224268,
      "p25": 3.766396361615823,
      "p50": 16.643979692661965,
      "p75": 37.217815957531165,
      "p90": 56.301972754020696,
      "p95": 82.55738869483741,
      "p99": 128.21262657266186
    },
    "latency_ms": {
      "p1": 475.003,
      "p5": 408.862,
      "p10": 370.021,
      "p25": 324.964,
      "p50": 258.664,
      "p75": 171.979,
      "p90": 52.751,
      "p95": 45.298,
      "p99": 29.293
    },
    "packet_loss": {
      "p1": 0.32539234887060975,
      "p5": 0.2340995606378254,
      "p10": 0.19154509340999928,
      "p25": 0.11877903990154143,
      "p50": 0.03889835276097306,
      "p75": 0.000125847527041849,
      "p90": 0.0,
      "p95": 0.0,
      "p99": 0.0
    }
  }
}