{
  "metrics": {
    "download_throughput_mbps": {
      "p1": 0.08140629603111224,
      "p5": 0.23089224109133347,
      "p10": 0.4399752013180294,
      "p25": 1.4806349487589314,
      "p50": 9.052493633568696,
      "p75": 31.97794236878152,
      "p90": 65.05964151139945,
      "p95": 95.98283877211186,
      "p99": 232.71646093789033
    },
    "upload_throughput_mbps": {
      "p1": 0.046740159389302746,
      "p5": 0.17134826460783156,
      "p10": 0.7200472219552894,
      "p25": 4.107225667600431,
      "p50": 18.279355097160824,
      "p75": 39.04287167216991,
      "p90": 59.93067903775285,
      "p95": 83.09141656469409,
      "p99": 110.16675364240702
    },
    "latency_ms": {
      "p1": 459.867,
      "p5": 398.915,
      "p10": 374.972,
      "p25": 341.495,
      "p50": 306.0,
      "p75": 206.654,
      "p90": 118.049,
      "p95": 62.952,
      "p99": 31.666
    },
    "packet_loss": {
      "p1": 0.36829924260183533,
      "p5": 0.2797101968440472,
      "p10": 0.22365068384258086,
      "p25": 0.14627691565643627,
      "p50": 0.06269602667551319,
      "p75": 0.002001080323803472,
      "p90": 0.0,
      "p95": 0.0,
      "p99": 0.0
    }
  }
}