{
  "metrics": {
    "download_throughput_mbps": {
      "p1": 0.07590337975646785,
      "p5": 0.2532971878889089,
      "p10": 0.5257675869031927,
      "p25": 2.5895853254267673,
      "p50": 14.129030031760204,
      "p75": 41.666382373801994,
      "p90": 87.29100160844366,
      "p95": 151.72289811632578,
      "p99": 297.4499109732172
    },
    "upload_throughput_mbps": {
      "p1": 0.04987649076575725,
      "p5": 0.17200064999659878,
      "p10": 0.6351796820317969,
      "p25": 3.7661630219443274,
      "p50": 16.629287212823822,
      "p75": 37.24693564062823,
      "p90": 56.3610748115894,
      "p95": 82.66598720122303,
      "p99": 129.56076631135514
    },
    "latency_ms": {
      "p1": 474.515,
      "p5": 408.738,
      "p10": 370.0,
      "p25": 324.978,
      "p50": 258.67,
      "p75": 171.979,
      "p90": 52.733,
      "p95": 45.364,
      "p99": 29.691
    },
    "packet_loss": {
      "p1": 0.32511490987277886,
      "p5": 0.2340995606378254,
      "p10": 0.19155162931255518,
      "p25": 0.11879353343909173,
      "p50": 0.03889835276097306,
      "p75": 0.0001283514204277207,
      "p90": 0.0,
      "p95": 0.0,
      "p99": 0.0
    }
  }
}