{
  "metrics": {
    "download_throughput_mbps": {
      "p1": 0.08147756380768426,
      "p5": 0.23094803266144098,
      "p10": 0.4389710486819872,
      "p25": 1.4791517541316834,
      "p50": 9.052493633568696,
      "p75": 31.976894214613893,
      "p90": 65.1042243628818,
      "p95": 95.60668458842113,
      "p99": 235.07846820138775
    },
    "upload_throughput_mbps": {
      "p1": 0.046740159389302746,
      "p5": 0.17050293879034256,
      "p10": 0.7161113719302298,
      "p25": 4.107225667600431,
      "p50": 18.275577070134013,
      "p75": 39.03701395656629,
      "p90": 59.98060068129012,
      "p95": 83.1861373229743,
      "p99": 110.17764936392946
    },
    "latency_ms": {
      "p1": 459.055,
      "p5": 398.724,
      "p10": 374.972,
      "p25": 341.529,
      "p50": 306.0,
      "p75": 206.603,
      "p90": 118.583,
      "p95": 63.074,
      "p99": 31.637
    },
    "packet_loss": {
      "p1": 0.3679754329844773,
      "p5": 0.27950274714887535,
      "p10": 0.22364811857772443,
      "p25": 0.1462529901963738,
      "p50": 0.06269602667551319,
      "p75": 0.00200550596989601,
      "p90": 0.0,
      "p95": 0.0,
      "p99": 0.0
    }
  }
}