{
  "metrics": {
    "download_throughput_mbps": {
      "p1": 0.1188659420820498,
      "p5": 0.4989420227225118,
      "p10": 1.243611825244247,
      "p25": 5.6214558203938365,
      "p50": 22.70926517166131,
      "p75": 75.82897079248777,
      "p90": 155.68026318712515,
      "p95": 217.7870960974381,
      "p99": 516.3526852761136
    },
    "upload_throughput_mbps": {
      "p1": 0.04328614930013873,
      "p5": 0.07582293888682405,
      "p10": 0.23767284654306914,
      "p25": 2.7929462283357034,
      "p50": 12.244480646615392,
      "p75": 33.74020501199315,
      "p90": 103.7197273657176,
      "p95": 172.23736704866946,
      "p99": 458.6082222443777
    },
    "latency_ms": {
      "p1": 332.542,
      "p5": 165.122,
      "p10": 149.682,
      "p25": 128.529,
      "p50": 108.144,
      "p75": 49.05,
      "p90": 19.201,
      "p95": 10.294,
      "p99": 1.888
    },
    "packet_loss": {
      "p1": 0.36715464471884246,
      "p5": 0.24185789041249856,
      "p10": 0.18103414383823838,
      "p25": 0.09565301149901387,
      "p50": 0.014204893077332489,
      "p75": 1.8615409859551e-05,
      "p90": 0.0,
      "p95": 0.0,
      "p99": 0.0
    }
  }
}