{
  "metrics": {
    "download_throughput_mbps": {
      "p1": 0.12682185814665517,
      "p5": 0.5185532685149183,
      "p10": 1.333225068360189,
      "p25": 6.515382265550278,
      "p50": 28.158686576202655,
      "p75": 89.41124839489997,
      "p90": 162.88301837219993,
      "p95": 209.47432422180887,
      "p99": 469.80303892570134
    },
    "upload_throughput_mbps": {
      "p1": 0.0400607522880352,
      "p5": 0.08743368286181867,
      "p10": 0.19331799469847183,
      "p25": 2.783464793689903,
      "p50": 13.926144785817879,
      "p75": 42.02432857039575,
      "p90": 126.25983812615121,
      "p95": 183.09942774922737,
      "p99": 436.4043715595647
    },
    "latency_ms": {
      "p1": 309.549,
      "p5": 167.285,
      "p10": 151.808,
      "p25": 131.411,
      "p50": 111.474,
      "p75": 63.717,
      "p90": 21.153,
      "p95": 13.75,
      "p99": 1.615
    },
    "packet_loss": {
      "p1": 0.33594825559920755,
      "p5": 0.22422086343807385,
      "p10": 0.16820761594592937,
      "p25": 0.08816332338812918,
      "p50": 0.012303537658748438,
      "p75": 0.0,
      "p90": 0.0,
      "p95": 0.0,
      "p99": 0.0
    }
  }
}