{
  "metrics": {
    "download_throughput_mbps": {
      "p1": 0.1205011682927534,
      "p5": 0.4990664180289788,
      "p10": 1.249315265587028,
      "p25": 5.620202638970881,
      "p50": 22.704141554539216,
      "p75": 75.89959102212433,
      "p90": 155.5792114657349,
      "p95": 217.1839384113555,
      "p99": 524.1306212569536
    },
    "upload_throughput_mbps": {
      "p1": 0.04211285431401471,
      "p5": 0.07581047022481449,
      "p10": 0.2371891285249732,
      "p25": 2.787887817810688,
      "p50": 12.24677073291116,
      "p75": 33.707595609481224,
      "p90": 103.8067544,
      "p95": 171.78446144509726,
      "p99": 454.97298785385914
    },
    "latency_ms": {
      "p1": 329.2,
      "p5": 164.979,
      "p10": 149.68,
      "p25": 128.481,
      "p50": 108.148,
      "p75": 49.053,
      "p90": 19.201,
      "p95": 10.322,
      "p99": 1.769
    },
    "packet_loss": {
      "p1": 0.36569423134562884,
      "p5": 0.24176839604102976,
      "p10": 0.18126708370037503,
      "p25": 0.09570422508627967,
      "p50": 0.014216790823741608,
      "p75": 1.8505301810804443e-05,
      "p90": 0.0,
      "p95": 0.0,
      "p99": 0.0
    }
  }
}