{
  "metrics": {
    "download_throughput_mbps": {
      "p1": 0.12727519229204892,
      "p5": 0.5179161209953046,
      "p10": 1.3305223915058448,
      "p25": 6.526445935124564,
      "p50": 28.157344675521227,
      "p75": 89.38746666831996,
      "p90": 162.7745824877556,
      "p95": 209.60248353665818,
      "p99": 472.94154071854405
    },
    "upload_throughput_mbps": {
      "p1": 0.04126027069721651,
      "p5": 0.08806649546803626,
      "p10": 0.19398242190355147,
      "p25": 2.776746294294007,
      "p50": 13.89882205515288,
      "p75": 42.01440374564582,
      "p90": 126.42774674681561,
      "p95": 182.98608859353067,
      "p99": 440.2706525985854
    },
    "latency_ms": {
      "p1": 308.499,
      "p5": 167.139,
      "p10": 151.847,
      "p25": 131.382,
      "p50": 111.464,
      "p75": 63.729,
      "p90": 21.153,
      "p95": 13.669,
      "p99": 1.609
    },
    "packet_loss": {
      "p1": 0.3358776532533777,
      "p5": 0.2244943134683138,
      "p10": 0.16834105961714405,
      "p25": 0.08813207855770307,
      "p50": 0.012337981578493265,
      "p75": 0.0,
      "p90": 0.0,
      "p95": 0.0,
      "p99": 0.0
    }
  }
}