{
  "metrics": {
    "download_throughput_mbps": {
      "p1": 0.22777602024675736,
      "p5": 1.6969272245822034,
      "p10": 5.299524119732943,
      "p25": 19.638851531771937,
      "p50": 57.828996026013854,
      "p75": 110.52592840428235,
      "p90": 160.50001419933548,
      "p95": 185.8117221584937,
      "p99": 227.9591629914685
    },
    "upload_throughput_mbps": {
      "p1": 0.1272940817647956,
      "p5": 0.5885882126492668,
      "p10": 2.000343575880973,
      "p25": 6.378616167685448,
      "p50": 22.352790099813237,
      "p75": 74.9904447145915,
      "p90": 149.89641948350237,
      "p95": 178.9741404310315,
      "p99": 225.85647082021845
    },
    "latency_ms": {
      "p1": 255.022,
      "p5": 156.147,
      "p10": 145.101,
      "p25": 129.392,
      "p50": 114.957,
      "p75": 102.074,
      "p90": 94.163,
      "p95": 78.488,
      "p99": 47.488
    },
    "packet_loss": {
      "p1": 0.32771713982416506,
      "p5": 0.1977582046017945,
      "p10": 0.14712270166769773,
      "p25": 0.06393918101058986,
      "p50": 0.002471534668558258,
      "p75": 0.0,
      "p90": 0.0,
      "p95": 0.0,
      "p99": 0.0
    }
  }
}