{
  "metrics": {
    "download_throughput_mbps": {
      "p1": 0.2311903212130163,
      "p5": 1.0570060988092542,
      "p10": 3.12230317173807,
      "p25": 13.652157372613242,
      "p50": 40.734237677685684,
      "p75": 82.4099860589229,
      "p90": 138.5660437805786,
      "p95": 167.09451598784844,
      "p99": 206.60367552645192
    },
    "upload_throughput_mbps": {
      "p1": 0.08997964334761038,
      "p5": 0.4376949177490597,
      "p10": 1.178122113732188,
      "p25": 2.484573247923587,
      "p50": 7.034751223129696,
      "p75": 30.998358917887796,
      "p90": 86.97330248955232,
      "p95": 147.24890620806664,
      "p99": 197.47985614767447
    },
    "latency_ms": {
      "p1": 478.006,
      "p5": 166.213,
      "p10": 147.116,
      "p25": 127.306,
      "p50": 112.417,
      "p75": 102.657,
      "p90": 95.768,
      "p95": 91.657,
      "p99": 35.955
    },
    "packet_loss": {
      "p1": 0.32036025283623404,
      "p5": 0.21219422343231947,
      "p10": 0.1558823017783587,
      "p25": 0.07432236329675111,
      "p50": 0.007893715853436341,
      "p75": 0.0,
      "p90": 0.0,
      "p95": 0.0,
      "p99": 0.0
    }
  }
}