{
  "metrics": {
    "download_throughput_mbps": {
      "p1": 0.23202562140993319,
      "p5": 1.0570060988092542,
      "p10": 3.1211597467528747,
      "p25": 13.652157372613242,
      "p50": 40.75194325711231,
      "p75": 82.40383708891297,
      "p90": 138.5660437805786,
      "p95": 167.0116455311398,
      "p99": 206.60367552645192
    },
    "upload_throughput_mbps": {
      "p1": 0.09060097053474048,
      "p5": 0.4433477192681763,
      "p10": 1.1749283786960758,
      "p25": 2.4839388860432043,
      "p50": 7.029705185966013,
      "p75": 30.995943465715854,
      "p90": 86.95614912172546,
      "p95": 147.38678696702556,
      "p99": 197.76506712722053
    },
    "latency_ms": {
      "p1": 478.006,
      "p5": 165.993,
      "p10": 147.116,
      "p25": 127.31,
      "p50": 112.417,
      "p75": 102.644,
      "p90": 95.768,
      "p95": 91.596,
      "p99": 35.955
    },
    "packet_loss": {
      "p1": 0.32036025283623404,
      "p5": 0.2123438736738481,
      "p10": 0.15589440349115977,
      "p25": 0.07432961089922094,
      "p50": 0.007878656748711138,
      "p75": 0.0,
      "p90": 0.0,
      "p95": 0.0,
      "p99": 0.0
    }
  }
}