{
  "metrics": {
    "download_throughput_mbps": {
      "p1": 0.03296364579204469,
      "p5": 0.09101415633932403,
      "p10": 0.15853666876347708,
      "p25": 0.3888693701473581,
      "p50": 1.390471362640429,
      "p75": 3.1654970758889944,
      "p90": 7.610602873556794,
      "p95": 10.647708343022897,
      "p99": 62.90762094757062
    },
    "upload_throughput_mbps": {
      "p1": 0.01787610283198955,
      "p5": 0.05572578768622886,
      "p10": 0.10571434406087475,
      "p25": 0.2868820208288234,
      "p50": 0.6343653849211465,
      "p75": 1.77182293642098,
      "p90": 5.885045931127958,
      "p95": 7.657974671190259,
      "p99": 31.94728719472872
    },
    "latency_ms": {
      "p1": 805.325,
      "p5": 369.001,
      "p10": 259.0,
      "p25": 168.468,
      "p50": 138.067,
      "p75": 112.242,
      "p90": 90.821,
      "p95": 77.59,
      "p99": 41.415
    },
    "packet_loss": {
      "p1": 0.33297553310389855,
      "p5": 0.2585633226943697,
      "p10": 0.2050235986748166,
      "p25": 0.10764132169831168,
      "p50": 0.025847350479957815,
      "p75": 0.0005652010762814835,
      "p90": 0.0,
      "p95": 0.0,
      "p99": 0.0
    }
  }
}