{
  "metrics": {
    "download_throughput_mbps": {
      "p1": 0.03788843631832753,
      "p5": 0.14458507563213874,
      "p10": 0.2669915176065029,
      "p25": 0.8581895325932516,
      "p50": 2.3907531055954965,
      "p75": 6.46185344888365,
      "p90": 26.825244224473337,
      "p95": 60.33075806247485,
      "p99": 265.56164666288817
    },
    "upload_throughput_mbps": {
      "p1": 0.014637365802147166,
      "p5": 0.05912367805913388,
      "p10": 0.10537358694485896,
      "p25": 0.3342277295492237,
      "p50": 0.9097987204509369,
      "p75": 6.54530604539244,
      "p90": 21.65982630426542,
      "p95": 36.31758690016433,
      "p99": 92.36926410437204
    },
    "latency_ms": {
      "p1": 964.311,
      "p5": 370.0,
      "p10": 229.001,
      "p25": 158.932,
      "p50": 139.372,
      "p75": 116.229,
      "p90": 82.881,
      "p95": 61.005,
      "p99": 0.242
    },
    "packet_loss": {
      "p1": 0.3486281772612341,
      "p5": 0.26720797697525167,
      "p10": 0.21782376371870987,
      "p25": 0.10707564010104537,
      "p50": 0.012172448872206827,
      "p75": 0.0,
      "p90": 0.0,
      "p95": 0.0,
      "p99": 0.0
    }
  }
}