{
  "metrics": {
    "download_throughput_mbps": {
      "p1": 0.07889857077042171,
      "p5": 0.5777771027244094,
      "p10": 1.2695290006345705,
      "p25": 5.386166218892963,
      "p50": 14.067387585483285,
      "p75": 60.38116209507032,
      "p90": 144.1737983136286,
      "p95": 167.38078260287884,
      "p99": 240.60982798638867
    },
    "upload_throughput_mbps": {
      "p1": 0.019584715039077747,
      "p5": 0.17371819691592882,
      "p10": 0.40315359480228635,
      "p25": 0.8254122793403531,
      "p50": 4.607033523270965,
      "p75": 9.742584593336925,
      "p90": 18.70323196951324,
      "p95": 36.538651406496136,
      "p99": 63.81353306466935
    },
    "latency_ms": {
      "p1": 279.867,
      "p5": 132.496,
      "p10": 106.084,
      "p25": 75.945,
      "p50": 64.448,
      "p75": 54.623,
      "p90": 50.061,
      "p95": 46.028,
      "p99": 18.655
    },
    "packet_loss": {
      "p1": 0.3240615889698397,
      "p5": 0.2373040448027273,
      "p10": 0.16349367675046722,
      "p25": 0.10997916326251543,
      "p50": 0.04869127038976715,
      "p75": 0.011783032560892455,
      "p90": 0.0005504053907731812,
      "p95": 0.0,
      "p99": 0.0
    }
  }
}