{
  "metrics": {
    "download_throughput_mbps": {
      "p1": 0.0927297657150681,
      "p5": 0.28610063378521433,
      "p10": 0.8584732901892589,
      "p25": 2.7699944192124284,
      "p50": 6.447933376988396,
      "p75": 12.380290983828223,
      "p90": 29.648449656704233,
      "p95": 36.92461379927912,
      "p99": 79.17125164449192
    },
    "upload_throughput_mbps": {
      "p1": 0.017764020688604998,
      "p5": 0.0946936757549406,
      "p10": 0.22141779345957302,
      "p25": 0.4517765644687106,
      "p50": 0.853626879277084,
      "p75": 4.435025885969738,
      "p90": 15.527508491904891,
      "p95": 21.531612430976242,
      "p99": 43.597834855971044
    },
    "latency_ms": {
      "p1": 328.174,
      "p5": 165.0,
      "p10": 126.28,
      "p25": 102.024,
      "p50": 68.661,
      "p75": 54.018,
      "p90": 46.843,
      "p95": 39.043,
      "p99": 36.0
    },
    "packet_loss": {
      "p1": 0.25808427074536544,
      "p5": 0.19701853001454167,
      "p10": 0.1643508514915378,
      "p25": 0.09849646468687899,
      "p50": 0.0432371601696591,
      "p75": 0.0043854694777969,
      "p90": 2.5477566397977883e-05,
      "p95": 0.0,
      "p99": 0.0
    }
  }
}