{
  "metrics": {
    "download_throughput_mbps": {
      "p1": 0.13205043210747716,
      "p5": 1.1996260982082305,
      "p10": 4.085705813974635,
      "p25": 12.80694710874976,
      "p50": 35.05471192167836,
      "p75": 84.94087043041532,
      "p90": 133.96210866013342,
      "p95": 159.88098956317899,
      "p99": 210.40957020737815
    },
    "upload_throughput_mbps": {
      "p1": 0.05985670762710466,
      "p5": 0.14755692317519056,
      "p10": 0.7045679931511,
      "p25": 3.3149612912824993,
      "p50": 9.733531492818118,
      "p75": 22.583916967108316,
      "p90": 49.47727808146909,
      "p95": 82.97738107416573,
      "p99": 105.9149977481099
    },
    "latency_ms": {
      "p1": 304.561,
      "p5": 158.0,
      "p10": 141.678,
      "p25": 115.453,
      "p50": 96.899,
      "p75": 91.428,
      "p90": 88.0,
      "p95": 86.1,
      "p99": 74.93
    },
    "packet_loss": {
      "p1": 0.37489110000458525,
      "p5": 0.2199135841585757,
      "p10": 0.1639012319547528,
      "p25": 0.09725183051599698,
      "p50": 0.023646060210058367,
      "p75": 0.0,
      "p90": 0.0,
      "p95": 0.0,
      "p99": 0.0
    }
  }
}