{
  "metrics": {
    "download_throughput_mbps": {
      "p1": 0.13243374909552022,
      "p5": 1.1996260982082305,
      "p10": 4.085705813974635,
      "p25": 12.84287312283196,
      "p50": 35.05471192167836,
      "p75": 84.9282251454359,
      "p90": 133.9449953733174,
      "p95": 159.88098956317899,
      "p99": 210.40957020737815
    },
    "upload_throughput_mbps": {
      "p1": 0.05985670762710466,
      "p5": 0.14755692317519056,
      "p10": 0.7045679931511,
      "p25": 3.3149612912824993,
      "p50": 9.733531492818118,
      "p75": 22.583916967108316,
      "p90": 49.47727808146909,
      "p95": 82.97738107416573,
      "p99": 105.9149977481099
    },
    "latency_ms": {
      "p1": 304.561,
      "p5": 158.064,
      "p10": 141.678,
      "p25": 115.453,
      "p50": 96.906,
      "p75": 91.428,
      "p90": 88.0,
      "p95": 86.064,
      "p99": 74.93
    },
    "packet_loss": {
      "p1": 0.37694059576630284,
      "p5": 0.22020455864069624,
      "p10": 0.16396176819857766,
      "p25": 0.09725183051599698,
      "p50": 0.02368400406137988,
      "p75": 0.0,
      "p90": 0.0,
      "p95": 0.0,
      "p99": 0.0
    }
  }
}