{
  "metrics": {
    "download_throughput_mbps": {
      "p1": 0.16637094870429842,
      "p5": 0.8511722345579078,
      "p10": 2.3195437245681463,
      "p25": 9.493291443220889,
      "p50": 32.89400252902728,
      "p75": 100.9789175164569,
      "p90": 242.16307500017723,
      "p95": 413.8184179634238,
      "p99": 713.9280074356245
    },
    "upload_throughput_mbps": {
      "p1": 0.05595381766151864,
      "p5": 0.08958886537130395,
      "p10": 0.40501630506139386,
      "p25": 3.363365568727308,
      "p50": 14.798137197492585,
      "p75": 51.192328803396485,
      "p90": 103.55074759440562,
      "p95": 137.6615241539964,
      "p99": 239.445972649506
    },
    "latency_ms": {
      "p1": 257.863,
      "p5": 136.581,
      "p10": 120.0,
      "p25": 99.943,
      "p50": 80.63,
      "p75": 15.087,
      "p90": 11.471,
      "p95": 10.191,
      "p99": 8.831
    },
    "packet_loss": {
      "p1": 0.3437151599971535,
      "p5": 0.21118882900788646,
      "p10": 0.15385867924783622,
      "p25": 0.07614717806560767,
      "p50": 0.01184173200396114,
      "p75": 9.451810146740588e-05,
      "p90": 0.0,
      "p95": 0.0,
      "p99": 0.0
    }
  }
}