{
  "metrics": {
    "download_throughput_mbps": {
      "p1": 0.1678631449082484,
      "p5": 0.853915063315209,
      "p10": 2.31781099101947,
      "p25": 9.500778155489506,
      "p50": 32.893236725487206,
      "p75": 100.8670070772796,
      "p90": 242.04961117956498,
      "p95": 415.50809889837905,
      "p99": 712.750244636912
    },
    "upload_throughput_mbps": {
      "p1": 0.05638432637165848,
      "p5": 0.08958688005561034,
      "p10": 0.4046014803615106,
      "p25": 3.3678723938708868,
      "p50": 14.802011029542646,
      "p75": 51.15064811694604,
      "p90": 103.39830497457982,
      "p95": 137.7775213510268,
      "p99": 239.93214926138504
    },
    "latency_ms": {
      "p1": 258.278,
      "p5": 136.421,
      "p10": 120.0,
      "p25": 99.934,
      "p50": 80.632,
      "p75": 15.067,
      "p90": 11.473,
      "p95": 10.187,
      "p99": 8.836
    },
    "packet_loss": {
      "p1": 0.341889070442992,
      "p5": 0.21166343793321565,
      "p10": 0.15389128969591245,
      "p25": 0.07608603230913014,
      "p50": 0.011820199983008463,
      "p75": 9.290155383907593e-05,
      "p90": 0.0,
      "p95": 0.0,
      "p99": 0.0
    }
  }
}