{
  "metrics": {
    "download_throughput_mbps": {
      "p1": 0.18146164634485581,
      "p5": 0.9681630937358945,
      "p10": 2.4548208011243853,
      "p25": 9.538811283466371,
      "p50": 30.424259095479556,
      "p75": 92.72340634876701,
      "p90": 205.31323295512726,
      "p95": 292.41566809171434,
      "p99": 572.8811174248359
    },
    "upload_throughput_mbps": {
      "p1": 0.055304545381821675,
      "p5": 0.08174314721715638,
      "p10": 0.37967809575369865,
      "p25": 3.1095732447518043,
      "p50": 11.904823644476496,
      "p75": 42.04449654706795,
      "p90": 88.27573954332381,
      "p95": 142.8213888500556,
      "p99": 247.133588452235
    },
    "latency_ms": {
      "p1": 267.401,
      "p5": 134.937,
      "p10": 117.34,
      "p25": 97.065,
      "p50": 79.159,
      "p75": 17.143,
      "p90": 11.98,
      "p95": 10.75,
      "p99": 9.103
    },
    "packet_loss": {
      "p1": 0.31849041681022133,
      "p5": 0.21039851233844997,
      "p10": 0.15590293498287733,
      "p25": 0.08398837829187239,
      "p50": 0.010806162371583617,
      "p75": 0.0,
      "p90": 0.0,
      "p95": 0.0,
      "p99": 0.0
    }
  }
}