{
  "metrics": {
    "download_throughput_mbps": {
      "p1": 0.24780405814740003,
      "p5": 1.3959493915543812,
      "p10": 3.458307217935499,
      "p25": 12.543158047581958,
      "p50": 41.882985360977244,
      "p75": 106.14624895048303,
      "p90": 294.88158758920275,
      "p95": 476.3007082815132,
      "p99": 853.7018776736712
    },
    "upload_throughput_mbps": {
      "p1": 0.06338682630898468,
      "p5": 0.0958802277129409,
      "p10": 0.679819877331631,
      "p25": 5.464027984911572,
      "p50": 18.805652137131105,
      "p75": 48.08030459010082,
      "p90": 132.48505070293754,
      "p95": 254.7375379760943,
      "p99": 691.1449298027453
    },
    "latency_ms": {
      "p1": 210.281,
      "p5": 42.705,
      "p10": 31.262,
      "p25": 21.564,
      "p50": 14.244,
      "p75": 8.139,
      "p90": 4.388,
      "p95": 2.386,
      "p99": 0.227
    },
    "packet_loss": {
      "p1": 0.27053773089310823,
      "p5": 0.14873658643063514,
      "p10": 0.10511385501070668,
      "p25": 0.044669932911743926,
      "p50": 0.0038982672548464816,
      "p75": 0.0,
      "p90": 0.0,
      "p95": 0.0,
      "p99": 0.0
    }
  }
}