{
  "metrics": {
    "download_throughput_mbps": {
      "p1": 0.22251166174575754,
      "p5": 1.266334159139931,
      "p10": 3.2446267092074006,
      "p25": 11.942396753647744,
      "p50": 37.864988093869705,
      "p75": 93.55460204434813,
      "p90": 257.4617736217732,
      "p95": 432.2181373997071,
      "p99": 810.4603561373086
    },
    "upload_throughput_mbps": {
      "p1": 0.0619816880830345,
      "p5": 0.08289706151595111,
      "p10": 0.5483060902155267,
      "p25": 5.102683022755839,
      "p50": 17.177978029146942,
      "p75": 44.59256665210347,
      "p90": 104.35348688192589,
      "p95": 233.4976937797952,
      "p99": 638.4014904171398
    },
    "latency_ms": {
      "p1": 214.3,
      "p5": 44.413,
      "p10": 34.566,
      "p25": 23.063,
      "p50": 14.504,
      "p75": 8.107,
      "p90": 4.789,
      "p95": 2.988,
      "p99": 0.253
    },
    "packet_loss": {
      "p1": 0.2626513634728253,
      "p5": 0.1518179627012754,
      "p10": 0.10829670791064008,
      "p25": 0.04934420011624146,
      "p50": 0.0049999023456573114,
      "p75": 5.177441244341172e-06,
      "p90": 0.0,
      "p95": 0.0,
      "p99": 0.0
    }
  }
}