{
  "metrics": {
    "download_throughput_mbps": {
      "p1": 0.2710716403394882,
      "p5": 1.5962708922948374,
      "p10": 4.286161684299604,
      "p25": 16.990042010170484,
      "p50": 51.37094494414797,
      "p75": 115.79247491675585,
      "p90": 270.3050067154196,
      "p95": 439.5983678827746,
      "p99": 815.7651905147437
    },
    "upload_throughput_mbps": {
      "p1": 0.056298817168043254,
      "p5": 0.08514967582080281,
      "p10": 0.39176850304819144,
      "p25": 4.935404565176307,
      "p50": 19.41035836175768,
      "p75": 39.48635215930897,
      "p90": 74.21975840443487,
      "p95": 136.64481561311064,
      "p99": 377.28099539090505
    },
    "latency_ms": {
      "p1": 172.773,
      "p5": 47.214,
      "p10": 36.0,
      "p25": 25.759,
      "p50": 17.353,
      "p75": 11.486,
      "p90": 6.582,
      "p95": 3.541,
      "p99": 0.547
    },
    "packet_loss": {
      "p1": 0.2468504430785969,
      "p5": 0.11682547646978701,
      "p10": 0.0722374158412083,
      "p25": 0.01671736183413032,
      "p50": 0.00028014804732443585,
      "p75": 0.0,
      "p90": 0.0,
      "p95": 0.0,
      "p99": 0.0
    }
  }
}