{
  "metrics": {
    "download_throughput_mbps": {
      "p1": 0.22323282278263554,
      "p5": 1.25693277575632,
      "p10": 3.422220964142804,
      "p25": 13.826956380121397,
      "p50": 45.26807069550217,
      "p75": 100.59547727909182,
      "p90": 248.7188149477167,
      "p95": 377.3623532341651,
      "p99": 741.7047153580291
    },
    "upload_throughput_mbps": {
      "p1": 0.04863791072084046,
      "p5": 0.07564763326664789,
      "p10": 0.19783273575985996,
      "p25": 3.569973326000275,
      "p50": 17.16055231826197,
      "p75": 36.60364670384076,
      "p90": 53.19678204183346,
      "p95": 101.77543505408326,
      "p99": 285.19032038613494
    },
    "latency_ms": {
      "p1": 309.274,
      "p5": 57.174,
      "p10": 38.487,
      "p25": 26.382,
      "p50": 17.711,
      "p75": 11.593,
      "p90": 6.786,
      "p95": 3.435,
      "p99": 0.443
    },
    "packet_loss": {
      "p1": 0.2530344644281031,
      "p5": 0.11497004908453383,
      "p10": 0.07076486401550695,
      "p25": 0.016630055295794626,
      "p50": 0.00034553621077886693,
      "p75": 0.0,
      "p90": 0.0,
      "p95": 0.0,
      "p99": 0.0
    }
  }
}