{
  "metadata": {
    "country_code": "DE",
    "country_name": "Germany",
    "period": "2024-10",
    "period_description": "October 2024",
    "dataset": "M-Lab NDT",
    "download_samples": 7419055,
    "upload_samples": 4377008
  },
  "metrics": {
    "download_throughput_mbps": {
      "p1": 0.22367850581560372,
      "p5": 1.262769802856182,
      "p10": 3.4166592054870026,
      "p25": 13.817824595534129,
      "p50": 45.24430302103892,
      "p75": 100.56946051210859,
      "p90": 248.78115747983244,
      "p95": 377.8657642766346,
      "p99": 741.7983223940372
    },
    "upload_throughput_mbps": {
      "p1": 0.04798033204768874,
      "p5": 0.07565187888251705,
      "p10": 0.19852741925194242,
      "p25": 3.5715003423978087,
      "p50": 17.172955392453527,
      "p75": 36.63458526768415,
      "p90": 53.192909502396375,
      "p95": 101.34444079000329,
      "p99": 285.7324202068485
    },
    "latency_ms": {
      "p1": 0.438,
      "p5": 3.433,
      "p10": 6.787,
      "p25": 11.589,
      "p50": 17.712,
      "p75": 26.382,
      "p90": 38.489,
      "p95": 57.061,
      "p99": 305.85
    },
    "packet_loss": {
      "p1": 0.0,
      "p5": 0.0,
      "p10": 0.0,
      "p25": 0.0,
      "p50": 0.00034573047467282084,
      "p75": 0.016581558328885995,
      "p90": 0.07073353719313655,
      "p95": 0.11517449630011735,
      "p99": 0.2521127443846117
    }
  }
}