{
  "metrics": {
    "download_throughput_mbps": {
      "p1": 0.22593189170583994,
      "p5": 1.257509484244988,
      "p10": 3.4342868445272505,
      "p25": 13.804468793988175,
      "p50": 45.27318063012899,
      "p75": 100.62174492375736,
      "p90": 248.62377080604202,
      "p95": 376.397746533816,
      "p99": 744.1231823642648
    },
    "upload_throughput_mbps": {
      "p1": 0.0484525049733876,
      "p5": 0.07565769441188121,
      "p10": 0.20099136981101737,
      "p25": 3.572129731093948,
      "p50": 17.186061568720973,
      "p75": 36.603195987216054,
      "p90": 53.174785432660634,
      "p95": 101.74139963274033,
      "p99": 285.6466613734498
    },
    "latency_ms": {
      "p1": 308.37,
      "p5": 57.15,
      "p10": 38.468,
      "p25": 26.385,
      "p50": 17.715,
      "p75": 11.597,
      "p90": 6.792,
      "p95": 3.428,
      "p99": 0.452
    },
    "packet_loss": {
      "p1": 0.2511011364007903,
      "p5": 0.11539472085870743,
      "p10": 0.07071143490445944,
      "p25": 0.016567029242145988,
      "p50": 0.000343661617883721,
      "p75": 0.0,
      "p90": 0.0,
      "p95": 0.0,
      "p99": 0.0
    }
  }
}