{
  "metadata": {
    "country_code": "DE",
    "country_name": "Germany",
    "period": "2024-10",
    "period_description": "October 2024",
    "dataset": "M-Lab NDT",
    "download_samples": 7419055,
    "upload_samples": 4377008
  },
  "metrics": {
    "download_throughput_mbps": {
      "p1": 0.2225810589129801,
      "p5": 1.2528819154630235,
      "p10": 3.4209413897406646,
      "p25": 13.810432910425352,
      "p50": 45.27405796172478,
      "p75": 100.56551588414163,
      "p90": 248.79192117938703,
      "p95": 377.46883271114353,
      "p99": 741.7160739730066
    },
    "upload_throughput_mbps": {
      "p1": 0.04888864801257374,
      "p5": 0.07565371155122488,
      "p10": 0.20144847741476402,
      "p25": 3.571516158290839,
      "p50": 17.180642660658165,
      "p75": 36.60604286113131,
      "p90": 53.23036640523673,
      "p95": 101.60189503128285,
      "p99": 285.6942608280348
    },
    "latency_ms": {
      "p1": 304.0,
      "p5": 57.103,
      "p10": 38.461,
      "p25": 26.383,
      "p50": 17.711,
      "p75": 11.597,
      "p90": 6.791,
      "p95": 3.482,
      "p99": 0.438
    },
    "packet_loss": {
      "p1": 0.2521662550269682,
      "p5": 0.11532512559748044,
      "p10": 0.07065396520089343,
      "p25": 0.016604288718428745,
      "p50": 0.00034525252746869345,
      "p75": 0.0,
      "p90": 0.0,
      "p95": 0.0,
      "p99": 0.0
    }
  }
}