{
  "metrics": {
    "download_throughput_mbps": {
      "p1": 0.26993840329806695,
      "p5": 1.6014913139393825,
      "p10": 4.276827338706196,
      "p25": 17.000444099105717,
      "p50": 51.35440281438382,
      "p75": 115.68575516571391,
      "p90": 270.4502020459361,
      "p95": 439.34981275996216,
      "p99": 817.1920724157854
    },
    "upload_throughput_mbps": {
      "p1": 0.056636371035785005,
      "p5": 0.08377213398765522,
      "p10": 0.39246623390194746,
      "p25": 4.946978835513761,
      "p50": 19.42005040459265,
      "p75": 39.48267255248154,
      "p90": 74.13515861416884,
      "p95": 136.28908721002034,
      "p99": 377.08035553927095
    },
    "latency_ms": {
      "p1": 174.905,
      "p5": 47.241,
      "p10": 36.0,
      "p25": 25.772,
      "p50": 17.348,
      "p75": 11.49,
      "p90": 6.588,
      "p95": 3.54,
      "p99": 0.545
    },
    "packet_loss": {
      "p1": 0.24758382416943864,
      "p5": 0.11653158687983954,
      "p10": 0.07235843361193375,
      "p25": 0.016682159539302396,
      "p50": 0.0002794344396078695,
      "p75": 0.0,
      "p90": 0.0,
      "p95": 0.0,
      "p99": 0.0
    }
  }
}