{
  "metrics": {
    "download_throughput_mbps": {
      "p1": 0.493637697813643,
      "p5": 3.174687234460844,
      "p10": 8.66636887744071,
      "p25": 33.23070000287988,
      "p50": 94.6570300326168,
      "p75": 289.5684690809383,
      "p90": 548.9899902326173,
      "p95": 735.0798142835287,
      "p99": 847.3811974439556
    },
    "upload_throughput_mbps": {
      "p1": 0.0736587686227069,
      "p5": 0.4354988168227654,
      "p10": 2.584705521547849,
      "p25": 16.89629719623645,
      "p50": 57.59111570801601,
      "p75": 139.3488427348605,
      "p90": 285.6253771607593,
      "p95": 416.787462006269,
      "p99": 830.405180162072
    },
    "latency_ms": {
      "p1": 189.435,
      "p5": 47.0,
      "p10": 34.088,
      "p25": 24.941,
      "p50": 17.315,
      "p75": 11.316,
      "p90": 7.45,
      "p95": 6.0,
      "p99": 5.0
    },
    "packet_loss": {
      "p1": 0.2140392771147123,
      "p5": 0.10143358308820327,
      "p10": 0.06342789862024026,
      "p25": 0.01912788586739463,
      "p50": 0.001347680413591344,
      "p75": 0.0,
      "p90": 0.0,
      "p95": 0.0,
      "p99": 0.0
    }
  }
}