{
  "metrics": {
    "download_throughput_mbps": {
      "p1": 0.5738621115490535,
      "p5": 4.697611642414333,
      "p10": 12.755883248411077,
      "p25": 49.20240251879099,
      "p50": 145.81785984241927,
      "p75": 328.1272920123627,
      "p90": 542.7557310037953,
      "p95": 664.2897391142865,
      "p99": 829.7834546019932
    },
    "upload_throughput_mbps": {
      "p1": 0.07645514856879092,
      "p5": 0.8367877743396525,
      "p10": 3.688536271100889,
      "p25": 18.91958508378362,
      "p50": 64.76825464888698,
      "p75": 145.03159471564757,
      "p90": 302.0811310377379,
      "p95": 424.7002453820742,
      "p99": 720.6699218523438
    },
    "latency_ms": {
      "p1": 128.36,
      "p5": 40.522,
      "p10": 33.856,
      "p25": 26.0,
      "p50": 17.946,
      "p75": 12.837,
      "p90": 9.267,
      "p95": 7.819,
      "p99": 5.314
    },
    "packet_loss": {
      "p1": 0.20625045783694765,
      "p5": 0.09387012847582613,
      "p10": 0.06015234442166602,
      "p25": 0.0164831682936902,
      "p50": 0.0009956380758756195,
      "p75": 0.0,
      "p90": 0.0,
      "p95": 0.0,
      "p99": 0.0
    }
  }
}