{
  "metrics": {
    "download_throughput_mbps": {
      "p1": 0.4914620472275233,
      "p5": 3.174687234460844,
      "p10": 8.651196511240121,
      "p25": 33.20394853090071,
      "p50": 94.6554508975772,
      "p75": 289.4919159801527,
      "p90": 549.0028598345098,
      "p95": 734.7306579573028,
      "p99": 847.4040848313682
    },
    "upload_throughput_mbps": {
      "p1": 0.07456082810700115,
      "p5": 0.43388160342001497,
      "p10": 2.586278165488734,
      "p25": 16.864823113981124,
      "p50": 57.589994505057696,
      "p75": 139.20713849789507,
      "p90": 285.4512418975162,
      "p95": 416.53773405408583,
      "p99": 830.2373039863329
    },
    "latency_ms": {
      "p1": 187.898,
      "p5": 46.888,
      "p10": 34.075,
      "p25": 24.94,
      "p50": 17.315,
      "p75": 11.316,
      "p90": 7.448,
      "p95": 6.0,
      "p99": 5.0
    },
    "packet_loss": {
      "p1": 0.2137492496815722,
      "p5": 0.10127111854910982,
      "p10": 0.0634196026934776,
      "p25": 0.019082086023608044,
      "p50": 0.0013535104274836093,
      "p75": 0.0,
      "p90": 0.0,
      "p95": 0.0,
      "p99": 0.0
    }
  }
}