{
  "metrics": {
    "download_throughput_mbps": {
      "p1": 0.5737638551232509,
      "p5": 4.69494638949774,
      "p10": 12.750877670985503,
      "p25": 49.08142393105522,
      "p50": 145.89845052224206,
      "p75": 328.06771869887245,
      "p90": 542.4350730578302,
      "p95": 665.1601830556071,
      "p99": 830.7056234952976
    },
    "upload_throughput_mbps": {
      "p1": 0.07655595402754924,
      "p5": 0.824236819611399,
      "p10": 3.7060437016550165,
      "p25": 18.94512603047067,
      "p50": 64.77264420924043,
      "p75": 144.91801259030936,
      "p90": 301.87034045024234,
      "p95": 425.6156571993894,
      "p99": 724.2292127186533
    },
    "latency_ms": {
      "p1": 129.672,
      "p5": 40.463,
      "p10": 33.855,
      "p25": 26.0,
      "p50": 17.944,
      "p75": 12.836,
      "p90": 9.254,
      "p95": 7.817,
      "p99": 5.313
    },
    "packet_loss": {
      "p1": 0.20806631995622213,
      "p5": 0.09386385472632591,
      "p10": 0.06009178185231748,
      "p25": 0.016466048349416333,
      "p50": 0.0009930864388123088,
      "p75": 0.0,
      "p90": 0.0,
      "p95": 0.0,
      "p99": 0.0
    }
  }
}