{
  "metrics": {
    "download_throughput_mbps": {
      "p1": 0.15168992436808545,
      "p5": 0.6015413721461982,
      "p10": 1.607360638152353,
      "p25": 6.782188496789175,
      "p50": 24.25614682387806,
      "p75": 69.84679198672667,
      "p90": 136.33069240179105,
      "p95": 203.24123911192558,
      "p99": 346.11478784415766
    },
    "upload_throughput_mbps": {
      "p1": 0.06082869385781306,
      "p5": 0.17578643550072404,
      "p10": 0.6860429154784113,
      "p25": 4.02945626857666,
      "p50": 13.966399561127329,
      "p75": 37.52305735123504,
      "p90": 67.26949204898101,
      "p95": 90.60158644588063,
      "p99": 149.04151344298438
    },
    "latency_ms": {
      "p1": 174.026,
      "p5": 85.0,
      "p10": 72.748,
      "p25": 52.195,
      "p50": 40.406,
      "p75": 30.461,
      "p90": 24.0,
      "p95": 20.569,
      "p99": 1.943
    },
    "packet_loss": {
      "p1": 0.3756878956081882,
      "p5": 0.23096091498422577,
      "p10": 0.17103156604720038,
      "p25": 0.10604657851923094,
      "p50": 0.03536577939949372,
      "p75": 0.00026491565632276275,
      "p90": 0.0,
      "p95": 0.0,
      "p99": 0.0
    }
  }
}