{
  "metrics": {
    "download_throughput_mbps": {
      "p1": 0.16260508518915384,
      "p5": 0.7473115693083251,
      "p10": 1.642156050362124,
      "p25": 5.941118974469223,
      "p50": 13.564413681191116,
      "p75": 64.40349196663473,
      "p90": 295.10013401265377,
      "p95": 296.9812299208752,
      "p99": 298.79080054660665
    },
    "upload_throughput_mbps": {
      "p1": 0.08722546681253573,
      "p5": 0.3906809659506525,
      "p10": 0.6777543771370196,
      "p25": 1.0413726046234253,
      "p50": 7.408988056643644,
      "p75": 30.78954148613956,
      "p90": 73.4823894830949,
      "p95": 73.73201828459774,
      "p99": 74.02146363432863
    },
    "latency_ms": {
      "p1": 183.193,
      "p5": 90.755,
      "p10": 70.587,
      "p25": 52.081,
      "p50": 45.0,
      "p75": 37.994,
      "p90": 27.709,
      "p95": 24.326,
      "p99": 19.0
    },
    "packet_loss": {
      "p1": 0.34312736632596563,
      "p5": 0.2195102940916663,
      "p10": 0.16930029379225311,
      "p25": 0.10651847111983766,
      "p50": 0.05927146352271359,
      "p75": 0.0019710897371264975,
      "p90": 0.0,
      "p95": 0.0,
      "p99": 0.0
    }
  }
}