{
  "metrics": {
    "download_throughput_mbps": {
      "p1": 0.1238906914794773,
      "p5": 0.4748215230328632,
      "p10": 1.0975186836741857,
      "p25": 5.2066077570495795,
      "p50": 14.461775414325619,
      "p75": 46.14239344730473,
      "p90": 105.14056554208767,
      "p95": 174.79212635431406,
      "p99": 361.74376249575766
    },
    "upload_throughput_mbps": {
      "p1": 0.04289922130865584,
      "p5": 0.08979815754497462,
      "p10": 0.25052142635092145,
      "p25": 0.7593957693777197,
      "p50": 5.456000767056549,
      "p75": 19.24997982552252,
      "p90": 43.3897931281637,
      "p95": 78.23818124092207,
      "p99": 203.0512572668593
    },
    "latency_ms": {
      "p1": 446.99,
      "p5": 182.526,
      "p10": 105.785,
      "p25": 66.966,
      "p50": 49.684,
      "p75": 39.676,
      "p90": 26.798,
      "p95": 20.369,
      "p99": 11.292
    },
    "packet_loss": {
      "p1": 0.29881433393710677,
      "p5": 0.19559833313347344,
      "p10": 0.1498878579184658,
      "p25": 0.08048364776964836,
      "p50": 0.009600485193639697,
      "p75": 0.00024745408412139727,
      "p90": 0.0,
      "p95": 0.0,
      "p99": 0.0
    }
  }
}