{
  "metrics": {
    "download_throughput_mbps": {
      "p1": 0.0373793401148925,
      "p5": 0.1998524906782074,
      "p10": 0.4955676474874095,
      "p25": 2.5630946782694033,
      "p50": 9.258442029635264,
      "p75": 16.42899125895235,
      "p90": 43.010391213629475,
      "p95": 87.24748684556562,
      "p99": 237.78804103061296
    },
    "upload_throughput_mbps": {
      "p1": 0.015021756409209075,
      "p5": 0.07522359379259352,
      "p10": 0.15231036748096902,
      "p25": 0.5176222190514406,
      "p50": 0.8965008223236034,
      "p75": 6.100537486183848,
      "p90": 24.113926640420868,
      "p95": 40.88530845876617,
      "p99": 79.959423517981
    },
    "latency_ms": {
      "p1": 1365.0,
      "p5": 238.064,
      "p10": 107.412,
      "p25": 81.356,
      "p50": 65.03,
      "p75": 51.817,
      "p90": 36.223,
      "p95": 27.63,
      "p99": 16.595
    },
    "packet_loss": {
      "p1": 0.2800019140602631,
      "p5": 0.17790811565582484,
      "p10": 0.1350633064632468,
      "p25": 0.06041584058480081,
      "p50": 0.003656449095880997,
      "p75": 0.0,
      "p90": 0.0,
      "p95": 0.0,
      "p99": 0.0
    }
  }
}