{
  "metrics": {
    "download_throughput_mbps": {
      "p1": 0.12529026938938026,
      "p5": 0.4760099915410499,
      "p10": 1.0972536614423927,
      "p25": 5.188766294964211,
      "p50": 14.456985488046977,
      "p75": 46.127606129866834,
      "p90": 104.93595402080463,
      "p95": 174.0726771563937,
      "p99": 369.58509403573237
    },
    "upload_throughput_mbps": {
      "p1": 0.04262570111152919,
      "p5": 0.08976613286443642,
      "p10": 0.2505762358245987,
      "p25": 0.7588055871311357,
      "p50": 5.45405542312783,
      "p75": 19.25219429666361,
      "p90": 43.40572368889461,
      "p95": 78.32143680690733,
      "p99": 208.3710903611205
    },
    "latency_ms": {
      "p1": 453.939,
      "p5": 183.157,
      "p10": 105.886,
      "p25": 66.937,
      "p50": 49.677,
      "p75": 39.684,
      "p90": 26.784,
      "p95": 20.37,
      "p99": 11.0
    },
    "packet_loss": {
      "p1": 0.3007865349844638,
      "p5": 0.1956316812218648,
      "p10": 0.149924197165646,
      "p25": 0.08054849635180686,
      "p50": 0.0095572262345367,
      "p75": 0.0002499411327837782,
      "p90": 0.0,
      "p95": 0.0,
      "p99": 0.0
    }
  }
}