{
  "metrics": {
    "download_throughput_mbps": {
      "p1": 0.19242900271196847,
      "p5": 1.103493129002917,
      "p10": 3.162132392829626,
      "p25": 13.202155060529929,
      "p50": 42.04667776410196,
      "p75": 93.0006374410367,
      "p90": 157.93982174308758,
      "p95": 188.38311392682766,
      "p99": 277.2401178579421
    },
    "upload_throughput_mbps": {
      "p1": 0.06403450842730898,
      "p5": 0.31133145365350684,
      "p10": 1.318367354693314,
      "p25": 9.491115583513515,
      "p50": 26.551359727490507,
      "p75": 79.20352052937139,
      "p90": 156.13102296567848,
      "p95": 183.9123455362975,
      "p99": 263.994609712118
    },
    "latency_ms": {
      "p1": 268.207,
      "p5": 157.404,
      "p10": 144.957,
      "p25": 131.513,
      "p50": 116.368,
      "p75": 82.809,
      "p90": 62.632,
      "p95": 37.633,
      "p99": 16.675
    },
    "packet_loss": {
      "p1": 0.29211071716277826,
      "p5": 0.18893663177757447,
      "p10": 0.13557959868797712,
      "p25": 0.04860368223077034,
      "p50": 0.000851768094803141,
      "p75": 0.0,
      "p90": 0.0,
      "p95": 0.0,
      "p99": 0.0
    }
  }
}