{
  "metrics": {
    "download_throughput_mbps": {
      "p1": 0.5301021857502781,
      "p5": 5.284337495217542,
      "p10": 13.465174856165557,
      "p25": 32.64135994514079,
      "p50": 43.29222091188758,
      "p75": 53.262872641733956,
      "p90": 70.15413671945855,
      "p95": 111.17836839391688,
      "p99": 171.81816440034487
    },
    "upload_throughput_mbps": {
      "p1": 0.3631658600349812,
      "p5": 4.149300589550589,
      "p10": 12.016202195658101,
      "p25": 16.17980511399516,
      "p50": 18.07066380942191,
      "p75": 19.330941657939622,
      "p90": 53.880875468389505,
      "p95": 106.11938228578656,
      "p99": 173.76081967609818
    },
    "latency_ms": {
      "p1": 197.141,
      "p5": 147.382,
      "p10": 132.078,
      "p25": 116.533,
      "p50": 106.908,
      "p75": 78.483,
      "p90": 75.872,
      "p95": 63.388,
      "p99": 38.924
    },
    "packet_loss": {
      "p1": 0.2142482969286168,
      "p5": 0.12710582772889487,
      "p10": 0.08652818227297354,
      "p25": 0.0220464569220604,
      "p50": 0.0,
      "p75": 0.0,
      "p90": 0.0,
      "p95": 0.0,
      "p99": 0.0
    }
  }
}