{
  "metrics": {
    "download_throughput_mbps": {
      "p1": 0.08896045089762106,
      "p5": 0.268644399975244,
      "p10": 2.054337898757996,
      "p25": 9.636231494319363,
      "p50": 49.04558421936262,
      "p75": 111.841502916306,
      "p90": 188.39461132584736,
      "p95": 220.28124852812013,
      "p99": 444.3537041546028
    },
    "upload_throughput_mbps": {
      "p1": 0.04756260165951121,
      "p5": 0.19374302080436534,
      "p10": 0.5271936320510869,
      "p25": 3.1500342984222724,
      "p50": 16.732914447288618,
      "p75": 57.52756465163383,
      "p90": 154.7072369611839,
      "p95": 177.8029788728507,
      "p99": 369.0902234684636
    },
    "latency_ms": {
      "p1": 328.627,
      "p5": 251.15,
      "p10": 221.35,
      "p25": 156.802,
      "p50": 21.008,
      "p75": 8.572,
      "p90": 6.308,
      "p95": 5.003,
      "p99": 3.754
    },
    "packet_loss": {
      "p1": 0.4240420509901736,
      "p5": 0.26925755741390833,
      "p10": 0.13946103065524934,
      "p25": 0.06224981535685262,
      "p50": 0.007999439987155096,
      "p75": 9.03487046661298e-05,
      "p90": 0.0,
      "p95": 0.0,
      "p99": 0.0
    }
  }
}