{
  "metrics": {
    "download_throughput_mbps": {
      "p1": 0.2933520361298962,
      "p5": 1.2806077452278044,
      "p10": 3.444603225685171,
      "p25": 14.517495663434598,
      "p50": 45.931187008258824,
      "p75": 115.65987422178618,
      "p90": 237.02725300797445,
      "p95": 356.7608179495978,
      "p99": 652.7027159043321
    },
    "upload_throughput_mbps": {
      "p1": 0.06980092062773072,
      "p5": 0.28953470094317324,
      "p10": 1.1929442176394558,
      "p25": 5.431063558922925,
      "p50": 18.17246099534586,
      "p75": 51.59722344022504,
      "p90": 157.9943324147357,
      "p95": 265.4326574212166,
      "p99": 536.0078071484728
    },
    "latency_ms": {
      "p1": 357.483,
      "p5": 162.757,
      "p10": 84.026,
      "p25": 32.247,
      "p50": 18.472,
      "p75": 8.663,
      "p90": 5.962,
      "p95": 4.623,
      "p99": 3.697
    },
    "packet_loss": {
      "p1": 0.2659081595483107,
      "p5": 0.15110883154473942,
      "p10": 0.10873273218529082,
      "p25": 0.056757771434652896,
      "p50": 0.002724551713937639,
      "p75": 0.0,
      "p90": 0.0,
      "p95": 0.0,
      "p99": 0.0
    }
  }
}