{
  "metrics": {
    "download_throughput_mbps": {
      "p1": 0.08294623124865078,
      "p5": 0.305514018785042,
      "p10": 0.8082705313826373,
      "p25": 3.586406340073803,
      "p50": 11.287115047289541,
      "p75": 23.007728087437595,
      "p90": 28.39398002954827,
      "p95": 43.01782620357684,
      "p99": 97.10469300289006
    },
    "upload_throughput_mbps": {
      "p1": 0.018636116054540797,
      "p5": 0.07622388391026884,
      "p10": 0.1252288008082787,
      "p25": 0.6161201781424324,
      "p50": 1.6882982818735308,
      "p75": 3.8227628816661263,
      "p90": 10.58030832028791,
      "p95": 19.06803538514781,
      "p99": 39.49639365193141
    },
    "latency_ms": {
      "p1": 424.177,
      "p5": 190.371,
      "p10": 129.959,
      "p25": 104.366,
      "p50": 89.488,
      "p75": 81.87,
      "p90": 78.498,
      "p95": 76.401,
      "p99": 70.302
    },
    "packet_loss": {
      "p1": 0.3547926952184089,
      "p5": 0.21627298119225957,
      "p10": 0.1548101145930478,
      "p25": 0.07755168926922039,
      "p50": 0.023001522366846622,
      "p75": 0.00011786079992124907,
      "p90": 0.0,
      "p95": 0.0,
      "p99": 0.0
    }
  }
}