{
  "metrics": {
    "download_throughput_mbps": {
      "p1": 0.06364777896535805,
      "p5": 0.2603166242280971,
      "p10": 0.8042544978353194,
      "p25": 3.45212568882365,
      "p50": 9.778807601897745,
      "p75": 20.13138505016723,
      "p90": 27.2159987186891,
      "p95": 28.719834017195076,
      "p99": 78.21690488135532
    },
    "upload_throughput_mbps": {
      "p1": 0.01683330078545871,
      "p5": 0.0832244681472332,
      "p10": 0.22865014683175502,
      "p25": 0.6271258322544329,
      "p50": 1.514934918967695,
      "p75": 2.5795471862631967,
      "p90": 5.196492187339067,
      "p95": 14.973770639663451,
      "p99": 45.29337437485801
    },
    "latency_ms": {
      "p1": 420.234,
      "p5": 162.57,
      "p10": 123.786,
      "p25": 105.72,
      "p50": 92.186,
      "p75": 81.18,
      "p90": 78.03,
      "p95": 76.657,
      "p99": 72.408
    },
    "packet_loss": {
      "p1": 0.36740083856916084,
      "p5": 0.20776586350447837,
      "p10": 0.15066829673260534,
      "p25": 0.07621444737153536,
      "p50": 0.023926567658380315,
      "p75": 0.0002366249153095396,
      "p90": 0.0,
      "p95": 0.0,
      "p99": 0.0
    }
  }
}