{
  "metrics": {
    "download_throughput_mbps": {
      "p1": 0.0818290604990904,
      "p5": 0.3037690144911211,
      "p10": 0.8075122704040856,
      "p25": 3.586787967579574,
      "p50": 11.285388936008074,
      "p75": 23.007069385733995,
      "p90": 28.39422646468006,
      "p95": 43.2545772403987,
      "p99": 97.44240649458732
    },
    "upload_throughput_mbps": {
      "p1": 0.018561122979139436,
      "p5": 0.07620783905198776,
      "p10": 0.12578811053255845,
      "p25": 0.6155956276251484,
      "p50": 1.6874421145954517,
      "p75": 3.8175997008237843,
      "p90": 10.561211347422415,
      "p95": 19.01247143537705,
      "p99": 39.65337353653992
    },
    "latency_ms": {
      "p1": 428.581,
      "p5": 190.31,
      "p10": 130.068,
      "p25": 104.37,
      "p50": 89.478,
      "p75": 81.867,
      "p90": 78.493,
      "p95": 76.41,
      "p99": 70.137
    },
    "packet_loss": {
      "p1": 0.35443105150625165,
      "p5": 0.2160576948810972,
      "p10": 0.1545560393287955,
      "p25": 0.07757297273807658,
      "p50": 0.023046115707281094,
      "p75": 0.00011728206152543646,
      "p90": 0.0,
      "p95": 0.0,
      "p99": 0.0
    }
  }
}