{
  "metrics": {
    "download_throughput_mbps": {
      "p1": 0.05956133030840356,
      "p5": 0.19875318723857255,
      "p10": 0.23274508906065428,
      "p25": 0.8377499015327691,
      "p50": 5.244256244690584,
      "p75": 8.90418525180907,
      "p90": 99.04960223341239,
      "p95": 199.58254609446547,
      "p99": 209.30645345107237
    },
    "upload_throughput_mbps": {
      "p1": 0.04007238324721423,
      "p5": 0.08559979776614791,
      "p10": 0.09735541923860906,
      "p25": 0.38720675002879706,
      "p50": 1.3294162296053742,
      "p75": 9.22618525002195,
      "p90": 17.94523677455696,
      "p95": 28.96421217886061,
      "p99": 42.974072303497465
    },
    "latency_ms": {
      "p1": 1408.0,
      "p5": 828.317,
      "p10": 472.356,
      "p25": 254.584,
      "p50": 170.252,
      "p75": 161.894,
      "p90": 12.0,
      "p95": 9.993,
      "p99": 9.965
    },
    "packet_loss": {
      "p1": 0.3978518067602853,
      "p5": 0.2909755761735299,
      "p10": 0.06439147087406391,
      "p25": 0.005157109504487508,
      "p50": 2.3301954735486242e-05,
      "p75": 0.0,
      "p90": 0.0,
      "p95": 0.0,
      "p99": 0.0
    }
  }
}