{
  "metrics": {
    "download_throughput_mbps": {
      "p1": 0.05873395927901287,
      "p5": 0.09702987238300138,
      "p10": 0.1374348454315562,
      "p25": 0.6135325715539122,
      "p50": 1.2493139604906618,
      "p75": 1.986502222453625,
      "p90": 181.8451920921517,
      "p95": 287.13941507399545,
      "p99": 478.4156671430548
    },
    "upload_throughput_mbps": {
      "p1": 0.006737632583648723,
      "p5": 0.006737632583648723,
      "p10": 0.006754055543167299,
      "p25": 0.01236316054139924,
      "p50": 0.0455316062000017,
      "p75": 0.16229911276983663,
      "p90": 1.5506168306425332,
      "p95": 38.456706406110314,
      "p99": 38.456706406110314
    },
    "latency_ms": {
      "p1": 843.656,
      "p5": 805.023,
      "p10": 609.005,
      "p25": 506.757,
      "p50": 193.194,
      "p75": 157.204,
      "p90": 12.0,
      "p95": 0.156,
      "p99": 0.146
    },
    "packet_loss": {
      "p1": 0.42356050552252017,
      "p5": 0.3273769703111789,
      "p10": 0.31136697926718443,
      "p25": 0.22494416527079844,
      "p50": 0.09341004612785567,
      "p75": 0.005885129103242791,
      "p90": 0.0,
      "p95": 0.0,
      "p99": 0.0
    }
  }
}