{
  "metrics": {
    "download_throughput_mbps": {
      "p1": 0.2510584323203236,
      "p5": 1.4161928571849107,
      "p10": 3.6150283050862284,
      "p25": 15.251229646235517,
      "p50": 66.3896935439857,
      "p75": 248.9257993416425,
      "p90": 483.086080400551,
      "p95": 611.1626707649419,
      "p99": 879.0699283623733
    },
    "upload_throughput_mbps": {
      "p1": 0.056058444608139336,
      "p5": 0.08184752480791614,
      "p10": 0.48889497332055604,
      "p25": 6.997166679899627,
      "p50": 44.34225710992356,
      "p75": 159.01083306058936,
      "p90": 382.62159533784046,
      "p95": 530.9417313398448,
      "p99": 870.7046879543744
    },
    "latency_ms": {
      "p1": 161.788,
      "p5": 59.079,
      "p10": 44.93,
      "p25": 30.0,
      "p50": 17.124,
      "p75": 9.304,
      "p90": 3.92,
      "p95": 2.345,
      "p99": 0.467
    },
    "packet_loss": {
      "p1": 0.2671991581721469,
      "p5": 0.13007475678438704,
      "p10": 0.08427576955767224,
      "p25": 0.02397185921222859,
      "p50": 0.000875414028485961,
      "p75": 0.0,
      "p90": 0.0,
      "p95": 0.0,
      "p99": 0.0
    }
  }
}