{
  "metrics": {
    "download_throughput_mbps": {
      "p1": 0.27959121911723656,
      "p5": 1.5406186555057897,
      "p10": 3.9542089474994646,
      "p25": 17.454454278318018,
      "p50": 77.49484023550968,
      "p75": 274.7160615407262,
      "p90": 515.5530428460991,
      "p95": 647.1119720326425,
      "p99": 897.0181765383812
    },
    "upload_throughput_mbps": {
      "p1": 0.06326038734408285,
      "p5": 0.08984927097258084,
      "p10": 0.6321833758740428,
      "p25": 8.251065743818685,
      "p50": 47.651907618323335,
      "p75": 181.91949091271272,
      "p90": 413.08657726066934,
      "p95": 569.0464505584571,
      "p99": 895.4398266869396
    },
    "latency_ms": {
      "p1": 180.003,
      "p5": 57.115,
      "p10": 44.379,
      "p25": 29.621,
      "p50": 17.267,
      "p75": 9.557,
      "p90": 3.851,
      "p95": 2.182,
      "p99": 0.417
    },
    "packet_loss": {
      "p1": 0.24519206184656436,
      "p5": 0.12318280792827298,
      "p10": 0.08072476066304231,
      "p25": 0.021594911170045913,
      "p50": 0.0007043238686162357,
      "p75": 0.0,
      "p90": 0.0,
      "p95": 0.0,
      "p99": 0.0
    }
  }
}