{
  "metrics": {
    "download_throughput_mbps": {
      "p1": 0.2516659748275139,
      "p5": 1.418326057434843,
      "p10": 3.624060870164176,
      "p25": 15.215732053937067,
      "p50": 66.32280583079239,
      "p75": 249.1795584045501,
      "p90": 483.1665417317245,
      "p95": 610.6397549495363,
      "p99": 879.7363072258781
    },
    "upload_throughput_mbps": {
      "p1": 0.05582522597098599,
      "p5": 0.081876473513432,
      "p10": 0.49037374110884213,
      "p25": 7.025765579387537,
      "p50": 44.3448083384257,
      "p75": 159.0470405814939,
      "p90": 382.2602111921902,
      "p95": 530.0460666433734,
      "p99": 873.0747118683933
    },
    "latency_ms": {
      "p1": 162.837,
      "p5": 58.838,
      "p10": 44.959,
      "p25": 29.995,
      "p50": 17.125,
      "p75": 9.303,
      "p90": 3.912,
      "p95": 2.331,
      "p99": 0.466
    },
    "packet_loss": {
      "p1": 0.2620836719267499,
      "p5": 0.13038577204800433,
      "p10": 0.08426381457764312,
      "p25": 0.02400971495255267,
      "p50": 0.0008760690762113892,
      "p75": 0.0,
      "p90": 0.0,
      "p95": 0.0,
      "p99": 0.0
    }
  }
}