{
  "metrics": {
    "download_throughput_mbps": {
      "p1": 0.05714901667502637,
      "p5": 0.1473116063845727,
      "p10": 0.29176536530521296,
      "p25": 1.057200391649516,
      "p50": 3.5520341436883296,
      "p75": 6.649684245131511,
      "p90": 20.639834090375828,
      "p95": 35.690456180023595,
      "p99": 73.2175333417391
    },
    "upload_throughput_mbps": {
      "p1": 0.016180536257259008,
      "p5": 0.07768789807898142,
      "p10": 0.15611277779745739,
      "p25": 0.531647358678819,
      "p50": 1.9171220237705358,
      "p75": 6.301170142950809,
      "p90": 15.808459874858963,
      "p95": 23.727601410687836,
      "p99": 48.27264032869861
    },
    "latency_ms": {
      "p1": 617.316,
      "p5": 305.268,
      "p10": 283.919,
      "p25": 262.908,
      "p50": 243.997,
      "p75": 188.216,
      "p90": 58.075,
      "p95": 40.029,
      "p99": 32.084
    },
    "packet_loss": {
      "p1": 0.42718041935371825,
      "p5": 0.36160836394977425,
      "p10": 0.3227955933812938,
      "p25": 0.24379799213250017,
      "p50": 0.0767679163521375,
      "p75": 0.0005908186861307655,
      "p90": 0.0,
      "p95": 0.0,
      "p99": 0.0
    }
  }
}