{
  "metrics": {
    "download_throughput_mbps": {
      "p1": 0.006159117951979996,
      "p5": 0.04182445593712861,
      "p10": 0.08965501785579552,
      "p25": 0.3477057040997634,
      "p50": 1.5999697888706848,
      "p75": 4.175357069472888,
      "p90": 11.119066969100956,
      "p95": 20.427127515224285,
      "p99": 44.4502136382499
    },
    "upload_throughput_mbps": {
      "p1": 0.008319207678660685,
      "p5": 0.03665566186133945,
      "p10": 0.07920689386293686,
      "p25": 0.23634709239731336,
      "p50": 0.8027665772905281,
      "p75": 4.364501181274753,
      "p90": 12.455230855230855,
      "p95": 19.318424848128668,
      "p99": 34.98072217089836
    },
    "latency_ms": {
      "p1": 1527.734,
      "p5": 446.06,
      "p10": 314.133,
      "p25": 273.0,
      "p50": 252.88,
      "p75": 181.571,
      "p90": 125.492,
      "p95": 55.651,
      "p99": 36.765
    },
    "packet_loss": {
      "p1": 0.45222479676393196,
      "p5": 0.3791278494405152,
      "p10": 0.33837895393630296,
      "p25": 0.2547265442439697,
      "p50": 0.10919122624623796,
      "p75": 0.003480774426406671,
      "p90": 0.00037234755559149006,
      "p95": 0.0,
      "p99": 0.0
    }
  }
}