{
  "metrics": {
    "download_throughput_mbps": {
      "p1": 0.6438032178026968,
      "p5": 4.281988381018259,
      "p10": 9.584304274043497,
      "p25": 20.91518879924038,
      "p50": 37.83686524933811,
      "p75": 113.75805692798164,
      "p90": 324.61042405635766,
      "p95": 492.91947489083253,
      "p99": 779.2711466987702
    },
    "upload_throughput_mbps": {
      "p1": 0.07554006653664931,
      "p5": 0.2998860607672575,
      "p10": 0.42103633825310727,
      "p25": 0.42106244186393016,
      "p50": 9.481734236130512,
      "p75": 48.19340991117296,
      "p90": 103.53458554382861,
      "p95": 233.37745626555838,
      "p99": 589.1082972444518
    },
    "latency_ms": {
      "p1": 219.363,
      "p5": 42.386,
      "p10": 30.791,
      "p25": 22.0,
      "p50": 13.671,
      "p75": 7.133,
      "p90": 5.302,
      "p95": 4.548,
      "p99": 2.49
    },
    "packet_loss": {
      "p1": 0.18710488691368232,
      "p5": 0.08489944998225005,
      "p10": 0.051539367010361,
      "p25": 0.004541497215465478,
      "p50": 0.0,
      "p75": 0.0,
      "p90": 0.0,
      "p95": 0.0,
      "p99": 0.0
    }
  }
}