{
  "metrics": {
    "download_throughput_mbps": {
      "p1": 0.39590806180726384,
      "p5": 2.4104509136195107,
      "p10": 6.080168990483521,
      "p25": 19.726434116311694,
      "p50": 54.3408448110028,
      "p75": 156.3780762581454,
      "p90": 371.48155802380853,
      "p95": 550.6733550875314,
      "p99": 843.172049606698
    },
    "upload_throughput_mbps": {
      "p1": 0.07012292070572508,
      "p5": 0.22283626519296354,
      "p10": 0.42104800027278394,
      "p25": 3.1122768644373116,
      "p50": 15.683177948406978,
      "p75": 57.914544040754414,
      "p90": 157.96472067517874,
      "p95": 356.3817316686974,
      "p99": 797.8231281414975
    },
    "latency_ms": {
      "p1": 242.061,
      "p5": 69.0,
      "p10": 34.451,
      "p25": 25.414,
      "p50": 18.155,
      "p75": 10.436,
      "p90": 5.886,
      "p95": 4.581,
      "p99": 2.479
    },
    "packet_loss": {
      "p1": 0.2170446134017571,
      "p5": 0.10160400874417479,
      "p10": 0.06740785909390584,
      "p25": 0.010017414429175956,
      "p50": 9.938258241592707e-06,
      "p75": 0.0,
      "p90": 0.0,
      "p95": 0.0,
      "p99": 0.0
    }
  }
}