{
  "metrics": {
    "download_throughput_mbps": {
      "p1": 0.6412155593836769,
      "p5": 4.313078281187155,
      "p10": 9.615518472689516,
      "p25": 20.908080150975213,
      "p50": 37.84042113098705,
      "p75": 114.11731423745745,
      "p90": 324.8201749276385,
      "p95": 494.84203848864433,
      "p99": 778.1280175365777
    },
    "upload_throughput_mbps": {
      "p1": 0.07558050177608659,
      "p5": 0.29903648709524683,
      "p10": 0.42103633825310727,
      "p25": 0.42106239975872595,
      "p50": 9.497189924467001,
      "p75": 48.20052956723743,
      "p90": 103.5416310123453,
      "p95": 234.3785739242852,
      "p99": 589.1159477796596
    },
    "latency_ms": {
      "p1": 217.041,
      "p5": 42.478,
      "p10": 30.83,
      "p25": 22.0,
      "p50": 13.685,
      "p75": 7.136,
      "p90": 5.304,
      "p95": 4.541,
      "p99": 2.49
    },
    "packet_loss": {
      "p1": 0.18859419106870817,
      "p5": 0.08515957464064863,
      "p10": 0.05146686549813368,
      "p25": 0.004537241785472204,
      "p50": 0.0,
      "p75": 0.0,
      "p90": 0.0,
      "p95": 0.0,
      "p99": 0.0
    }
  }
}