{
  "metrics": {
    "download_throughput_mbps": {
      "p1": 0.39414498585891083,
      "p5": 2.419065999234989,
      "p10": 6.058349064423922,
      "p25": 19.740951134670176,
      "p50": 54.2999118999119,
      "p75": 156.36122494651664,
      "p90": 371.4221490512128,
      "p95": 549.7120240918218,
      "p99": 843.8673494896914
    },
    "upload_throughput_mbps": {
      "p1": 0.07016637956972356,
      "p5": 0.22304744096751777,
      "p10": 0.4210479581704679,
      "p25": 3.0928802798704327,
      "p50": 15.663465920805889,
      "p75": 57.785270504000124,
      "p90": 158.47290771118716,
      "p95": 358.74760263003446,
      "p99": 803.1014630578566
    },
    "latency_ms": {
      "p1": 234.703,
      "p5": 69.449,
      "p10": 34.411,
      "p25": 25.429,
      "p50": 18.157,
      "p75": 10.435,
      "p90": 5.884,
      "p95": 4.588,
      "p99": 2.473
    },
    "packet_loss": {
      "p1": 0.214332076243042,
      "p5": 0.1014350183472088,
      "p10": 0.0672723636350782,
      "p25": 0.009953399443277524,
      "p50": 9.858477115033814e-06,
      "p75": 0.0,
      "p90": 0.0,
      "p95": 0.0,
      "p99": 0.0
    }
  }
}