{
  "metrics": {
    "download_throughput_mbps": {
      "p1": 0.048790923598011696,
      "p5": 0.3689013134421347,
      "p10": 0.9074742302302314,
      "p25": 3.0573493327833408,
      "p50": 8.514281086654698,
      "p75": 18.38878604999862,
      "p90": 32.673222042965214,
      "p95": 44.721350884531766,
      "p99": 81.50813414516293
    },
    "upload_throughput_mbps": {
      "p1": 0.025468668279389088,
      "p5": 0.15663514744230855,
      "p10": 0.30243813531530017,
      "p25": 0.7403701459735315,
      "p50": 2.140282334111924,
      "p75": 9.31807147904915,
      "p90": 20.864231622877664,
      "p95": 27.086743737868446,
      "p99": 36.008023185896754
    },
    "latency_ms": {
      "p1": 592.954,
      "p5": 248.479,
      "p10": 223.608,
      "p25": 218.978,
      "p50": 91.432,
      "p75": 81.358,
      "p90": 77.692,
      "p95": 74.055,
      "p99": 47.451
    },
    "packet_loss": {
      "p1": 0.14751905670913035,
      "p5": 0.052700857591956515,
      "p10": 0.025737233003598217,
      "p25": 0.00649468457329465,
      "p50": 0.0006083705178084825,
      "p75": 0.0,
      "p90": 0.0,
      "p95": 0.0,
      "p99": 0.0
    }
  }
}