{
  "metrics": {
    "download_throughput_mbps": {
      "p1": 0.05737864545180655,
      "p5": 0.3540011984175699,
      "p10": 1.047863058294499,
      "p25": 4.507216087683473,
      "p50": 13.315297098406708,
      "p75": 29.47668389689145,
      "p90": 58.26696736567788,
      "p95": 90.76327154850271,
      "p99": 183.94533414632048
    },
    "upload_throughput_mbps": {
      "p1": 0.027337445864508834,
      "p5": 0.20782144267071231,
      "p10": 0.4248453276717475,
      "p25": 0.926434785460622,
      "p50": 4.3628070959259135,
      "p75": 10.740947625596304,
      "p90": 22.936215292562153,
      "p95": 29.608370927353384,
      "p99": 46.31680451486816
    },
    "latency_ms": {
      "p1": 747.743,
      "p5": 171.536,
      "p10": 111.591,
      "p25": 96.159,
      "p50": 89.239,
      "p75": 84.875,
      "p90": 76.842,
      "p95": 72.228,
      "p99": 62.683
    },
    "packet_loss": {
      "p1": 0.2795750138438982,
      "p5": 0.11254648971837404,
      "p10": 0.06250443050197026,
      "p25": 0.014613369848182086,
      "p50": 0.000336173048627905,
      "p75": 0.0,
      "p90": 0.0,
      "p95": 0.0,
      "p99": 0.0
    }
  }
}