{
  "metrics": {
    "download_throughput_mbps": {
      "p1": 0.04662793858577579,
      "p5": 0.3688564818145194,
      "p10": 0.9072729287611236,
      "p25": 3.0573493327833408,
      "p50": 8.514281086654698,
      "p75": 18.396899523016863,
      "p90": 32.744525669051185,
      "p95": 44.60276731283045,
      "p99": 81.50813414516293
    },
    "upload_throughput_mbps": {
      "p1": 0.025346772570054486,
      "p5": 0.15619295441807446,
      "p10": 0.3021214086840418,
      "p25": 0.7403701459735315,
      "p50": 2.1404807655198086,
      "p75": 9.31807147904915,
      "p90": 20.864231622877664,
      "p95": 27.086743737868446,
      "p99": 36.03368235437802
    },
    "latency_ms": {
      "p1": 592.954,
      "p5": 248.322,
      "p10": 223.609,
      "p25": 218.977,
      "p50": 91.467,
      "p75": 81.366,
      "p90": 77.692,
      "p95": 74.061,
      "p99": 47.448
    },
    "packet_loss": {
      "p1": 0.147560341977233,
      "p5": 0.052700857591956515,
      "p10": 0.025816621086088887,
      "p25": 0.006476417571352069,
      "p50": 0.000607776052310971,
      "p75": 0.0,
      "p90": 0.0,
      "p95": 0.0,
      "p99": 0.0
    }
  }
}