{
  "metrics": {
    "download_throughput_mbps": {
      "p1": 0.17359754797748472,
      "p5": 0.5429985866767058,
      "p10": 1.795793004506052,
      "p25": 3.595838518391633,
      "p50": 6.447201491904999,
      "p75": 8.844680437939399,
      "p90": 11.698674204381808,
      "p95": 15.630013655075963,
      "p99": 167.79485981598117
    },
    "upload_throughput_mbps": {
      "p1": 0.013742203690232458,
      "p5": 0.06691352419960461,
      "p10": 0.06951312910776784,
      "p25": 0.19756625168199193,
      "p50": 0.532470108845638,
      "p75": 0.7729527728303752,
      "p90": 2.528593040321972,
      "p95": 3.543685622586355,
      "p99": 11.107001378065776
    },
    "latency_ms": {
      "p1": 222.217,
      "p5": 221.642,
      "p10": 221.237,
      "p25": 216.617,
      "p50": 155.0,
      "p75": 154.0,
      "p90": 153.0,
      "p95": 135.085,
      "p99": 20.079
    },
    "packet_loss": {
      "p1": 0.004385987986359309,
      "p5": 0.001707413162934408,
      "p10": 0.0008451978171482232,
      "p25": 0.0,
      "p50": 0.0,
      "p75": 0.0,
      "p90": 0.0,
      "p95": 0.0,
      "p99": 0.0
    }
  }
}