{
  "metrics": {
    "download_throughput_mbps": {
      "p1": 5.843642606360925,
      "p5": 6.739745888309666,
      "p10": 9.676094498392581,
      "p25": 23.66842331462691,
      "p50": 41.50871439824725,
      "p75": 70.32248507040941,
      "p90": 122.72958703260358,
      "p95": 227.75105836613227,
      "p99": 480.4088704618117
    },
    "upload_throughput_mbps": {
      "p1": 0.3154877927318385,
      "p5": 1.7760180058850317,
      "p10": 2.6565631253006194,
      "p25": 4.939735682889865,
      "p50": 8.631006193268476,
      "p75": 20.057578824009376,
      "p90": 42.73928437357438,
      "p95": 93.9390799447612,
      "p99": 608.7703124926563
    },
    "latency_ms": {
      "p1": 118.684,
      "p5": 97.969,
      "p10": 71.169,
      "p25": 65.582,
      "p50": 63.159,
      "p75": 59.614,
      "p90": 45.0,
      "p95": 43.469,
      "p99": 42.321
    },
    "packet_loss": {
      "p1": 0.22112257159472612,
      "p5": 0.19536365298741856,
      "p10": 0.16332354980206168,
      "p25": 0.07662451532454953,
      "p50": 0.04237948652838277,
      "p75": 0.006198443450896253,
      "p90": 0.00032612266428380264,
      "p95": 0.0,
      "p99": 0.0
    }
  }
}