{
  "metrics": {
    "download_throughput_mbps": {
      "p1": 1.200871869181828,
      "p5": 1.8103541004945494,
      "p10": 3.3018742049092085,
      "p25": 16.991243599291874,
      "p50": 41.18690866278569,
      "p75": 60.34734059995908,
      "p90": 125.94571792917827,
      "p95": 159.28308855580056,
      "p99": 343.3290449393371
    },
    "upload_throughput_mbps": {
      "p1": 0.20108052562900913,
      "p5": 0.7501666497000306,
      "p10": 1.0238943630894803,
      "p25": 3.759988232815466,
      "p50": 7.942379442724508,
      "p75": 14.750094297774572,
      "p90": 37.6247008083784,
      "p95": 68.91700326423397,
      "p99": 361.1228862313413
    },
    "latency_ms": {
      "p1": 165.912,
      "p5": 123.036,
      "p10": 87.711,
      "p25": 71.207,
      "p50": 64.986,
      "p75": 63.191,
      "p90": 59.607,
      "p95": 58.356,
      "p99": 56.93
    },
    "packet_loss": {
      "p1": 0.2839621717754809,
      "p5": 0.20175413000867598,
      "p10": 0.12953186540394943,
      "p25": 0.07974837778940175,
      "p50": 0.029715891006890174,
      "p75": 0.008088903827179807,
      "p90": 0.0012433095154709812,
      "p95": 6.042514556544843e-05,
      "p99": 0.0
    }
  }
}