{
  "metrics": {
    "download_throughput_mbps": {
      "p1": 0.34555297619027175,
      "p5": 2.3371277416823,
      "p10": 6.56753882096799,
      "p25": 29.551006514703907,
      "p50": 101.30719841568094,
      "p75": 338.5303202889086,
      "p90": 633.3088201867356,
      "p95": 812.912718789569,
      "p99": 1319.6949123797588
    },
    "upload_throughput_mbps": {
      "p1": 0.06112630068884085,
      "p5": 0.09592269163349322,
      "p10": 0.47351496358185624,
      "p25": 6.4240018501579135,
      "p50": 53.420856285130135,
      "p75": 214.54043364734795,
      "p90": 474.54538480015344,
      "p95": 649.0377523074633,
      "p99": 901.9385862290859
    },
    "latency_ms": {
      "p1": 198.939,
      "p5": 57.923,
      "p10": 42.908,
      "p25": 27.946,
      "p50": 16.251,
      "p75": 7.024,
      "p90": 2.911,
      "p95": 1.115,
      "p99": 0.442
    },
    "packet_loss": {
      "p1": 0.23759997869947794,
      "p5": 0.11485735053339201,
      "p10": 0.06729746358261762,
      "p25": 0.011089267268668155,
      "p50": 3.146363128114222e-05,
      "p75": 0.0,
      "p90": 0.0,
      "p95": 0.0,
      "p99": 0.0
    }
  }
}