{
  "metrics": {
    "download_throughput_mbps": {
      "p1": 0.28759605598354065,
      "p5": 1.7956069560124435,
      "p10": 4.739752041453026,
      "p25": 20.356693420531112,
      "p50": 79.27596743035762,
      "p75": 271.78609945270097,
      "p90": 526.6463841458437,
      "p95": 733.3392945694985,
      "p99": 1138.6429434130137
    },
    "upload_throughput_mbps": {
      "p1": 0.053990980503957016,
      "p5": 0.08222937925782288,
      "p10": 0.3263885430659994,
      "p25": 3.347578216528358,
      "p50": 34.21885339850698,
      "p75": 158.48439418552502,
      "p90": 374.4414654970519,
      "p95": 519.2656015257136,
      "p99": 762.1652390245922
    },
    "latency_ms": {
      "p1": 254.382,
      "p5": 61.333,
      "p10": 41.235,
      "p25": 28.553,
      "p50": 16.619,
      "p75": 6.744,
      "p90": 2.38,
      "p95": 1.154,
      "p99": 0.534
    },
    "packet_loss": {
      "p1": 0.2433221693011623,
      "p5": 0.12289990181954984,
      "p10": 0.07327125012665625,
      "p25": 0.013653611676965997,
      "p50": 7.67884987502946e-05,
      "p75": 0.0,
      "p90": 0.0,
      "p95": 0.0,
      "p99": 0.0
    }
  }
}