{
  "metrics": {
    "download_throughput_mbps": {
      "p1": 0.053121410061546734,
      "p5": 0.1659704703276673,
      "p10": 0.34061581470787505,
      "p25": 1.5766732771310192,
      "p50": 7.00575522009682,
      "p75": 23.572206542774065,
      "p90": 36.31764220024779,
      "p95": 43.85724949141594,
      "p99": 84.25447863320105
    },
    "upload_throughput_mbps": {
      "p1": 0.019072139557164504,
      "p5": 0.14734982214941877,
      "p10": 0.4121796046100298,
      "p25": 2.28892420163355,
      "p50": 6.609441788861055,
      "p75": 8.901685845501728,
      "p90": 13.47591304987777,
      "p95": 20.127956560760186,
      "p99": 31.147927062882957
    },
    "latency_ms": {
      "p1": 394.768,
      "p5": 278.379,
      "p10": 263.886,
      "p25": 231.169,
      "p50": 221.682,
      "p75": 216.047,
      "p90": 209.963,
      "p95": 208.278,
      "p99": 128.0
    },
    "packet_loss": {
      "p1": 0.35173326335888516,
      "p5": 0.2735412816015415,
      "p10": 0.2131232450594528,
      "p25": 0.12623040704606575,
      "p50": 0.03708120739185573,
      "p75": 0.0006319209677292706,
      "p90": 0.0,
      "p95": 0.0,
      "p99": 0.0
    }
  }
}