{
  "metrics": {
    "download_throughput_mbps": {
      "p1": 0.3852758572675055,
      "p5": 2.7356910718671865,
      "p10": 7.345249562885679,
      "p25": 21.70906310330329,
      "p50": 58.32119233669289,
      "p75": 150.22592112866866,
      "p90": 370.78832571612105,
      "p95": 516.5216318147334,
      "p99": 857.1973221363456
    },
    "upload_throughput_mbps": {
      "p1": 0.055767308485374784,
      "p5": 0.0827480416808121,
      "p10": 0.4210313705939253,
      "p25": 5.873164123235445,
      "p50": 17.298924991827516,
      "p75": 43.05116155907075,
      "p90": 100.8515260875356,
      "p95": 223.21330055378976,
      "p99": 574.9078322212026
    },
    "latency_ms": {
      "p1": 196.391,
      "p5": 45.258,
      "p10": 30.134,
      "p25": 18.47,
      "p50": 10.429,
      "p75": 6.099,
      "p90": 2.423,
      "p95": 1.161,
      "p99": 0.403
    },
    "packet_loss": {
      "p1": 0.2073567958043712,
      "p5": 0.09439532822784032,
      "p10": 0.05628527484872176,
      "p25": 0.011877135552485313,
      "p50": 0.00014749127334716305,
      "p75": 0.0,
      "p90": 0.0,
      "p95": 0.0,
      "p99": 0.0
    }
  }
}