{
  "metrics": {
    "download_throughput_mbps": {
      "p1": 0.40773590108738833,
      "p5": 2.9690001461677924,
      "p10": 8.087804473198059,
      "p25": 28.02175073453428,
      "p50": 73.4812509749493,
      "p75": 219.3460781888848,
      "p90": 462.97123434936447,
      "p95": 632.2138335164548,
      "p99": 902.1764464682465
    },
    "upload_throughput_mbps": {
      "p1": 0.06334539729472866,
      "p5": 0.09011932410506922,
      "p10": 0.5354690077805798,
      "p25": 6.565219752170372,
      "p50": 21.616646980070872,
      "p75": 67.98057008354864,
      "p90": 147.6768346097262,
      "p95": 333.1342704837615,
      "p99": 761.926439669485
    },
    "latency_ms": {
      "p1": 197.621,
      "p5": 49.345,
      "p10": 30.199,
      "p25": 19.281,
      "p50": 10.445,
      "p75": 6.0,
      "p90": 2.605,
      "p95": 1.243,
      "p99": 0.476
    },
    "packet_loss": {
      "p1": 0.21655278949557363,
      "p5": 0.09515105411160046,
      "p10": 0.054952892502245505,
      "p25": 0.012366742006495408,
      "p50": 0.0001663033411554277,
      "p75": 0.0,
      "p90": 0.0,
      "p95": 0.0,
      "p99": 0.0
    }
  }
}