{
  "metrics": {
    "download_throughput_mbps": {
      "p1": 1.2571264982804586,
      "p5": 10.459885253438499,
      "p10": 15.948615526904174,
      "p25": 36.17446367456732,
      "p50": 99.39236299439968,
      "p75": 131.3444535631391,
      "p90": 140.11288334920602,
      "p95": 182.26535969667222,
      "p99": 204.95396582096407
    },
    "upload_throughput_mbps": {
      "p1": 0.03210414893397297,
      "p5": 0.6393496457875093,
      "p10": 0.8642384814526314,
      "p25": 13.707773167977813,
      "p50": 19.330638370254327,
      "p75": 32.31495196905477,
      "p90": 60.505053346519134,
      "p95": 87.53229923695267,
      "p99": 260.62494998175265
    },
    "latency_ms": {
      "p1": 153.338,
      "p5": 119.803,
      "p10": 113.474,
      "p25": 108.238,
      "p50": 104.493,
      "p75": 100.756,
      "p90": 97.058,
      "p95": 77.773,
      "p99": 72.673
    },
    "packet_loss": {
      "p1": 0.22747093328794482,
      "p5": 0.08050829452068818,
      "p10": 0.03654304097392525,
      "p25": 0.010009475652933073,
      "p50": 1.813793140249375e-05,
      "p75": 0.0,
      "p90": 0.0,
      "p95": 0.0,
      "p99": 0.0
    }
  }
}