{
  "metrics": {
    "download_throughput_mbps": {
      "p1": 0.20225615651149773,
      "p5": 0.8368600387324787,
      "p10": 1.519662569767656,
      "p25": 6.279699049630412,
      "p50": 22.213480840340086,
      "p75": 41.508199042521746,
      "p90": 67.18727108786555,
      "p95": 98.16960546766572,
      "p99": 184.70420373412165
    },
    "upload_throughput_mbps": {
      "p1": 0.07504375235561722,
      "p5": 0.2937588140762848,
      "p10": 0.6592330649352749,
      "p25": 2.6089637972458575,
      "p50": 10.648506855125541,
      "p75": 27.746785147789257,
      "p90": 42.63250609062725,
      "p95": 53.6506456027282,
      "p99": 79.2212308744903
    },
    "latency_ms": {
      "p1": 428.637,
      "p5": 210.155,
      "p10": 134.592,
      "p25": 119.0,
      "p50": 109.592,
      "p75": 101.72,
      "p90": 74.241,
      "p95": 47.984,
      "p99": 37.0
    },
    "packet_loss": {
      "p1": 0.285961611229467,
      "p5": 0.20913060070199674,
      "p10": 0.16996923854113105,
      "p25": 0.10617833674908708,
      "p50": 0.026816955908148865,
      "p75": 8.524511561543967e-05,
      "p90": 0.0,
      "p95": 0.0,
      "p99": 0.0
    }
  }
}