{
  "metrics": {
    "download_throughput_mbps": {
      "p1": 0.1412087688713199,
      "p5": 0.7824109072605879,
      "p10": 2.1478731175678716,
      "p25": 9.609215621457043,
      "p50": 28.603809512489864,
      "p75": 45.49892399871823,
      "p90": 66.81090686888437,
      "p95": 86.18271857568323,
      "p99": 286.56389191108923
    },
    "upload_throughput_mbps": {
      "p1": 0.0641539259041195,
      "p5": 0.4124487969866769,
      "p10": 1.2525003879981376,
      "p25": 5.805961447808182,
      "p50": 22.85263133052721,
      "p75": 39.48223689230138,
      "p90": 60.56798388640322,
      "p95": 77.77992533933643,
      "p99": 277.8659005149365
    },
    "latency_ms": {
      "p1": 262.402,
      "p5": 135.087,
      "p10": 122.818,
      "p25": 114.706,
      "p50": 110.594,
      "p75": 107.0,
      "p90": 96.802,
      "p95": 46.538,
      "p99": 0.979
    },
    "packet_loss": {
      "p1": 0.3217110393227136,
      "p5": 0.24582469492617467,
      "p10": 0.20189237803994092,
      "p25": 0.1315574629367805,
      "p50": 0.05846218433701398,
      "p75": 0.0028001368217650804,
      "p90": 0.0,
      "p95": 0.0,
      "p99": 0.0
    }
  }
}