{
  "metrics": {
    "download_throughput_mbps": {
      "p1": 0.23595738167076893,
      "p5": 0.6297162319272327,
      "p10": 1.3371386778707022,
      "p25": 5.330215747359713,
      "p50": 23.25684017734578,
      "p75": 69.51241900776746,
      "p90": 120.87668345235993,
      "p95": 136.77818652681364,
      "p99": 174.54660059540927
    },
    "upload_throughput_mbps": {
      "p1": 0.04326532579433871,
      "p5": 0.07630095443189663,
      "p10": 0.1566363602636286,
      "p25": 0.7357378049774329,
      "p50": 4.259280464872671,
      "p75": 33.52025960841944,
      "p90": 103.68583479269616,
      "p95": 135.0127415324278,
      "p99": 164.9496596655844
    },
    "latency_ms": {
      "p1": 398.732,
      "p5": 185.844,
      "p10": 171.433,
      "p25": 155.2,
      "p50": 145.199,
      "p75": 119.583,
      "p90": 109.672,
      "p95": 103.054,
      "p99": 79.244
    },
    "packet_loss": {
      "p1": 0.28936857323011345,
      "p5": 0.1911395792924238,
      "p10": 0.14637666940326197,
      "p25": 0.0719859756343361,
      "p50": 0.004182550920379044,
      "p75": 0.0,
      "p90": 0.0,
      "p95": 0.0,
      "p99": 0.0
    }
  }
}