{
  "metrics": {
    "download_throughput_mbps": {
      "p1": 1.4702086926508982,
      "p5": 9.73226349613677,
      "p10": 36.565395833902066,
      "p25": 62.31933154268219,
      "p50": 90.5452632172578,
      "p75": 229.65985513904704,
      "p90": 401.33394584914873,
      "p95": 483.4190848699174,
      "p99": 699.1726880082266
    },
    "upload_throughput_mbps": {
      "p1": 0.6052646762051046,
      "p5": 5.28448354997705,
      "p10": 9.521480456312698,
      "p25": 14.84589307019564,
      "p50": 21.762593044590602,
      "p75": 157.28424387141675,
      "p90": 379.2193899811111,
      "p95": 416.9840919270437,
      "p99": 507.0338396303215
    },
    "latency_ms": {
      "p1": 147.756,
      "p5": 29.962,
      "p10": 27.996,
      "p25": 25.136,
      "p50": 17.195,
      "p75": 14.249,
      "p90": 11.958,
      "p95": 11.0,
      "p99": 11.0
    },
    "packet_loss": {
      "p1": 0.11913955357945949,
      "p5": 0.042218051788875346,
      "p10": 0.02310077100669642,
      "p25": 0.00814483768128338,
      "p50": 0.002546387999001596,
      "p75": 9.886490257114078e-06,
      "p90": 0.0,
      "p95": 0.0,
      "p99": 0.0
    }
  }
}