{
  "metrics": {
    "download_throughput_mbps": {
      "p1": 0.10538133911628282,
      "p5": 0.4024906730056444,
      "p10": 0.8432173518771198,
      "p25": 2.80077222161201,
      "p50": 10.976900455271318,
      "p75": 36.08428251856108,
      "p90": 80.27308325327733,
      "p95": 119.65931606385485,
      "p99": 189.75595980758587
    },
    "upload_throughput_mbps": {
      "p1": 0.02750196210460805,
      "p5": 0.08140568585424311,
      "p10": 0.09607656237312637,
      "p25": 1.5690127395381648,
      "p50": 7.5811460989946395,
      "p75": 19.96033561556101,
      "p90": 42.04207711861805,
      "p95": 66.96683939689086,
      "p99": 119.50406600240412
    },
    "latency_ms": {
      "p1": 403.927,
      "p5": 226.55,
      "p10": 193.085,
      "p25": 141.003,
      "p50": 43.553,
      "p75": 28.589,
      "p90": 20.166,
      "p95": 18.511,
      "p99": 15.527
    },
    "packet_loss": {
      "p1": 0.32867011646839595,
      "p5": 0.21550108431359663,
      "p10": 0.15643542728111148,
      "p25": 0.07036750907889947,
      "p50": 0.005637137586729558,
      "p75": 0.0,
      "p90": 0.0,
      "p95": 0.0,
      "p99": 0.0
    }
  }
}