{
  "metrics": {
    "download_throughput_mbps": {
      "p1": 0.08521421183612467,
      "p5": 0.3462810457412168,
      "p10": 0.7372187608350873,
      "p25": 2.4037193444469422,
      "p50": 8.725106510636063,
      "p75": 29.304882924862895,
      "p90": 63.7226216263837,
      "p95": 87.57195779920272,
      "p99": 187.41796244437077
    },
    "upload_throughput_mbps": {
      "p1": 0.026968584047347408,
      "p5": 0.07531266870591148,
      "p10": 0.08346514498081345,
      "p25": 1.1627840236689349,
      "p50": 5.779929770053822,
      "p75": 17.452321446534604,
      "p90": 37.11037931201374,
      "p95": 53.26671751055217,
      "p99": 86.0551937902636
    },
    "latency_ms": {
      "p1": 413.52,
      "p5": 227.622,
      "p10": 213.774,
      "p25": 160.906,
      "p50": 48.496,
      "p75": 31.975,
      "p90": 23.826,
      "p95": 18.679,
      "p99": 14.488
    },
    "packet_loss": {
      "p1": 0.36872953413499904,
      "p5": 0.25676925769432707,
      "p10": 0.19290087140239276,
      "p25": 0.09067100523090711,
      "p50": 0.008138210921605224,
      "p75": 0.0,
      "p90": 0.0,
      "p95": 0.0,
      "p99": 0.0
    }
  }
}