{
  "metrics": {
    "download_throughput_mbps": {
      "p1": 0.08521421183612467,
      "p5": 0.34710540926386024,
      "p10": 0.7379955830520527,
      "p25": 2.4061309117933436,
      "p50": 8.722982073366756,
      "p75": 29.334921597301907,
      "p90": 63.72964982969569,
      "p95": 87.61990727982558,
      "p99": 188.2891251549802
    },
    "upload_throughput_mbps": {
      "p1": 0.02730452966243723,
      "p5": 0.07531521416644076,
      "p10": 0.08351510813338105,
      "p25": 1.1630026988185131,
      "p50": 5.785124509043205,
      "p75": 17.452321446534604,
      "p90": 37.111668018825085,
      "p95": 53.112901688805124,
      "p99": 86.16052528237948
    },
    "latency_ms": {
      "p1": 407.117,
      "p5": 227.674,
      "p10": 213.733,
      "p25": 160.97,
      "p50": 48.518,
      "p75": 31.982,
      "p90": 23.79,
      "p95": 18.7,
      "p99": 14.464
    },
    "packet_loss": {
      "p1": 0.3678085687027135,
      "p5": 0.2566937004383655,
      "p10": 0.1927248709807107,
      "p25": 0.09071367803188571,
      "p50": 0.008159007859806673,
      "p75": 0.0,
      "p90": 0.0,
      "p95": 0.0,
      "p99": 0.0
    }
  }
}