{
  "metrics": {
    "download_throughput_mbps": {
      "p1": 0.1065196473617143,
      "p5": 0.3996142744277176,
      "p10": 0.8426818242042075,
      "p25": 2.7987920211384685,
      "p50": 10.966132918245346,
      "p75": 36.08891527707854,
      "p90": 80.27864182812628,
      "p95": 120.01821269529172,
      "p99": 188.99297745267447
    },
    "upload_throughput_mbps": {
      "p1": 0.027083600196511296,
      "p5": 0.0818232687470327,
      "p10": 0.09607219113563906,
      "p25": 1.5671713696214697,
      "p50": 7.58435819659796,
      "p75": 19.977145746267222,
      "p90": 42.03185000505994,
      "p95": 67.60683287012004,
      "p99": 119.64669744577407
    },
    "latency_ms": {
      "p1": 403.263,
      "p5": 226.201,
      "p10": 193.063,
      "p25": 140.993,
      "p50": 43.588,
      "p75": 28.584,
      "p90": 20.171,
      "p95": 18.517,
      "p99": 15.543
    },
    "packet_loss": {
      "p1": 0.3302803590638086,
      "p5": 0.2159639174024358,
      "p10": 0.1564505302725198,
      "p25": 0.07032678675590277,
      "p50": 0.005647082385227462,
      "p75": 0.0,
      "p90": 0.0,
      "p95": 0.0,
      "p99": 0.0
    }
  }
}