{
  "metrics": {
    "download_throughput_mbps": {
      "p1": 0.7747051475770014,
      "p5": 5.577471678783112,
      "p10": 13.79762283886112,
      "p25": 46.65560691861559,
      "p50": 208.0475300720425,
      "p75": 316.1896271883337,
      "p90": 626.8078778247585,
      "p95": 660.4393782499471,
      "p99": 740.9559217688773
    },
    "upload_throughput_mbps": {
      "p1": 0.06845733206561978,
      "p5": 0.10371595025507717,
      "p10": 1.309044934697381,
      "p25": 15.797388022165073,
      "p50": 41.68571317428916,
      "p75": 282.8779956246188,
      "p90": 416.8220735977255,
      "p95": 493.9870444811348,
      "p99": 554.2862549687252
    },
    "latency_ms": {
      "p1": 231.0,
      "p5": 185.0,
      "p10": 76.231,
      "p25": 40.0,
      "p50": 26.0,
      "p75": 20.0,
      "p90": 13.779,
      "p95": 13.706,
      "p99": 1.949
    },
    "packet_loss": {
      "p1": 0.21563075088907796,
      "p5": 0.12163443081741186,
      "p10": 0.10751425277923927,
      "p25": 0.07412523218616607,
      "p50": 0.02043440142190278,
      "p75": 0.0037378413965934673,
      "p90": 0.0,
      "p95": 0.0,
      "p99": 0.0
    }
  }
}