{
  "metrics": {
    "download_throughput_mbps": {
      "p1": 0.1730472587753747,
      "p5": 1.1619712727753126,
      "p10": 9.879820424829951,
      "p25": 83.32874367365288,
      "p50": 331.6340646286393,
      "p75": 357.7767038870852,
      "p90": 532.6308938654014,
      "p95": 581.6055887521933,
      "p99": 603.5286211366378
    },
    "upload_throughput_mbps": {
      "p1": 0.07678872880015311,
      "p5": 1.7879561407727649,
      "p10": 9.084829149248606,
      "p25": 39.48986697498439,
      "p50": 40.73618055026408,
      "p75": 90.86982013494979,
      "p90": 324.3892071090745,
      "p95": 431.2203778710931,
      "p99": 492.9384112680744
    },
    "latency_ms": {
      "p1": 295.742,
      "p5": 192.927,
      "p10": 121.545,
      "p25": 38.984,
      "p50": 25.98,
      "p75": 21.779,
      "p90": 20.0,
      "p95": 20.0,
      "p99": 19.407
    },
    "packet_loss": {
      "p1": 0.17594482713365608,
      "p5": 0.12382836843920192,
      "p10": 0.11367572809320309,
      "p25": 0.0969947258052239,
      "p50": 0.03352481542180572,
      "p75": 0.010133691000991537,
      "p90": 0.0,
      "p95": 0.0,
      "p99": 0.0
    }
  }
}