{
  "metrics": {
    "download_throughput_mbps": {
      "p1": 1.897499520271156,
      "p5": 7.1189739664020655,
      "p10": 12.733523832589212,
      "p25": 26.66772839884062,
      "p50": 40.8679995812415,
      "p75": 61.394534444673646,
      "p90": 74.57614188845062,
      "p95": 87.65338625189605,
      "p99": 225.17550454948113
    },
    "upload_throughput_mbps": {
      "p1": 0.08281349255907847,
      "p5": 1.409934490008039,
      "p10": 3.429718693983636,
      "p25": 9.405615963558903,
      "p50": 10.53274636035354,
      "p75": 30.114020399911677,
      "p90": 47.52159775010279,
      "p95": 56.964559778820956,
      "p99": 115.1837593551278
    },
    "latency_ms": {
      "p1": 203.986,
      "p5": 102.125,
      "p10": 96.49,
      "p25": 87.08,
      "p50": 77.253,
      "p75": 74.817,
      "p90": 74.0,
      "p95": 74.0,
      "p99": 42.387
    },
    "packet_loss": {
      "p1": 0.22526155507621917,
      "p5": 0.14877818280424918,
      "p10": 0.06768611670020121,
      "p25": 0.0137180064452706,
      "p50": 0.00515017345430281,
      "p75": 0.0028071917245526146,
      "p90": 1.5368973551365717e-05,
      "p95": 0.0,
      "p99": 0.0
    }
  }
}