{
  "metrics": {
    "download_throughput_mbps": {
      "p1": 0.06412297529763265,
      "p5": 0.1647943038514352,
      "p10": 0.31301507723765776,
      "p25": 1.4160423515893246,
      "p50": 5.431140656223253,
      "p75": 11.383604535521426,
      "p90": 14.04249402130317,
      "p95": 20.523836107004648,
      "p99": 70.19594664356093
    },
    "upload_throughput_mbps": {
      "p1": 0.03239296812449622,
      "p5": 0.12894204827283834,
      "p10": 0.2430607906963303,
      "p25": 0.589108168333762,
      "p50": 1.4677512981989063,
      "p75": 2.8817472156139234,
      "p90": 11.912226211484933,
      "p95": 23.379707665742522,
      "p99": 70.13430068823843
    },
    "latency_ms": {
      "p1": 556.544,
      "p5": 334.883,
      "p10": 311.586,
      "p25": 254.0,
      "p50": 219.081,
      "p75": 138.126,
      "p90": 124.657,
      "p95": 92.315,
      "p99": 57.992
    },
    "packet_loss": {
      "p1": 0.3993028078013403,
      "p5": 0.33936860799886026,
      "p10": 0.2885079923024143,
      "p25": 0.21026840780952283,
      "p50": 0.10335490085131882,
      "p75": 0.002942724230113457,
      "p90": 0.0,
      "p95": 0.0,
      "p99": 0.0
    }
  }
}