{
  "metrics": {
    "download_throughput_mbps": {
      "p1": 0.11802290712461451,
      "p5": 0.7804141198509084,
      "p10": 1.971513422329048,
      "p25": 9.791780996495454,
      "p50": 49.10519706778953,
      "p75": 117.76690318877738,
      "p90": 204.9507226887664,
      "p95": 242.13947653578145,
      "p99": 343.37745430133
    },
    "upload_throughput_mbps": {
      "p1": 0.055900818625126567,
      "p5": 0.09622149125153272,
      "p10": 0.24806747849451452,
      "p25": 1.621063875039535,
      "p50": 16.005066999853504,
      "p75": 75.59799914761176,
      "p90": 171.09169319332577,
      "p95": 227.6378371908308,
      "p99": 358.3111855461754
    },
    "latency_ms": {
      "p1": 382.9,
      "p5": 164.825,
      "p10": 153.018,
      "p25": 139.681,
      "p50": 105.712,
      "p75": 90.024,
      "p90": 58.995,
      "p95": 50.346,
      "p99": 47.145
    },
    "packet_loss": {
      "p1": 0.3171584476704867,
      "p5": 0.19342043863742417,
      "p10": 0.13763008571263674,
      "p25": 0.052911558921613505,
      "p50": 0.0009002882548520535,
      "p75": 0.0,
      "p90": 0.0,
      "p95": 0.0,
      "p99": 0.0
    }
  }
}