{
  "metrics": {
    "download_throughput_mbps": {
      "p1": 0.16967962975664402,
      "p5": 1.2198766901959939,
      "p10": 3.6897356014446805,
      "p25": 16.733912102972013,
      "p50": 57.77180799416962,
      "p75": 114.46667824603583,
      "p90": 173.043534221487,
      "p95": 210.9800788334988,
      "p99": 321.29078116938314
    },
    "upload_throughput_mbps": {
      "p1": 0.03257663247401552,
      "p5": 0.0800883915492031,
      "p10": 0.19798616377558695,
      "p25": 1.4906412564635894,
      "p50": 18.26735477729235,
      "p75": 64.15477117555623,
      "p90": 131.94356802457386,
      "p95": 181.7852897407134,
      "p99": 265.2274893549533
    },
    "latency_ms": {
      "p1": 278.843,
      "p5": 156.983,
      "p10": 143.284,
      "p25": 131.497,
      "p50": 114.809,
      "p75": 90.672,
      "p90": 79.484,
      "p95": 46.528,
      "p99": 41.785
    },
    "packet_loss": {
      "p1": 0.3129687219102254,
      "p5": 0.17039221132017218,
      "p10": 0.1115640524237073,
      "p25": 0.029305800675125105,
      "p50": 0.0,
      "p75": 0.0,
      "p90": 0.0,
      "p95": 0.0,
      "p99": 0.0
    }
  }
}