{
  "metrics": {
    "download_throughput_mbps": {
      "p1": 0.05917850701114754,
      "p5": 0.1951852248743192,
      "p10": 0.31751974142264067,
      "p25": 0.8041331032412802,
      "p50": 2.0644211874645597,
      "p75": 6.197761353243134,
      "p90": 22.765225220626892,
      "p95": 31.388570924319183,
      "p99": 62.53382193590086
    },
    "upload_throughput_mbps": {
      "p1": 0.02948309098895684,
      "p5": 0.14809272715072996,
      "p10": 0.23634054002540597,
      "p25": 0.6647962348184898,
      "p50": 1.7691192182338769,
      "p75": 3.9438739620903567,
      "p90": 9.512896573020315,
      "p95": 23.996001861078472,
      "p99": 42.36625252648377
    },
    "latency_ms": {
      "p1": 582.777,
      "p5": 230.0,
      "p10": 154.32,
      "p25": 88.347,
      "p50": 77.328,
      "p75": 40.284,
      "p90": 26.471,
      "p95": 22.983,
      "p99": 18.784
    },
    "packet_loss": {
      "p1": 0.34398969276283886,
      "p5": 0.27921775109799735,
      "p10": 0.22770786333614199,
      "p25": 0.14073485352107157,
      "p50": 0.053561382491193216,
      "p75": 0.0018201261831586237,
      "p90": 0.0,
      "p95": 0.0,
      "p99": 0.0
    }
  }
}