{
  "metrics": {
    "download_throughput_mbps": {
      "p1": 0.30175068036882086,
      "p5": 2.5126246512524704,
      "p10": 5.679584095766163,
      "p25": 15.250305075471932,
      "p50": 45.535836304149335,
      "p75": 94.1146297381819,
      "p90": 201.39325075991397,
      "p95": 305.1478069371114,
      "p99": 762.2763077196925
    },
    "upload_throughput_mbps": {
      "p1": 0.08114545156205895,
      "p5": 0.4032010194497599,
      "p10": 0.7029813783469024,
      "p25": 3.1876335172559993,
      "p50": 8.463400966438636,
      "p75": 17.084744650925504,
      "p90": 41.68638098859612,
      "p95": 80.60862902200877,
      "p99": 190.24307700953491
    },
    "latency_ms": {
      "p1": 173.708,
      "p5": 82.47,
      "p10": 71.301,
      "p25": 36.352,
      "p50": 12.955,
      "p75": 6.148,
      "p90": 2.525,
      "p95": 2.021,
      "p99": 1.517
    },
    "packet_loss": {
      "p1": 0.21617352891947675,
      "p5": 0.11271627311967372,
      "p10": 0.07973379226046243,
      "p25": 0.030271282770091747,
      "p50": 0.0023392749421434263,
      "p75": 2.9511835107254695e-07,
      "p90": 0.0,
      "p95": 0.0,
      "p99": 0.0
    }
  }
}