{
  "metrics": {
    "download_throughput_mbps": {
      "p1": 0.3080627541225218,
      "p5": 2.518521797743406,
      "p10": 5.670541562118349,
      "p25": 15.271358183137218,
      "p50": 45.534650852439164,
      "p75": 94.12401069762568,
      "p90": 201.31784809291145,
      "p95": 305.04789553679365,
      "p99": 766.1527737821646
    },
    "upload_throughput_mbps": {
      "p1": 0.08217372245490877,
      "p5": 0.4049855295882695,
      "p10": 0.7019668707870302,
      "p25": 3.190649043124879,
      "p50": 8.463009922078312,
      "p75": 17.058822682406472,
      "p90": 41.49841693171128,
      "p95": 80.79764903929471,
      "p99": 190.75459627066465
    },
    "latency_ms": {
      "p1": 172.658,
      "p5": 82.487,
      "p10": 71.366,
      "p25": 36.353,
      "p50": 12.963,
      "p75": 6.144,
      "p90": 2.524,
      "p95": 2.022,
      "p99": 1.519
    },
    "packet_loss": {
      "p1": 0.21596884377194664,
      "p5": 0.11258426874565496,
      "p10": 0.07984775824008526,
      "p25": 0.030274171617497736,
      "p50": 0.002349289286199378,
      "p75": 2.3246912548485796e-07,
      "p90": 0.0,
      "p95": 0.0,
      "p99": 0.0
    }
  }
}