{
  "metrics": {
    "download_throughput_mbps": {
      "p1": 0.22484001387501348,
      "p5": 1.555075692841396,
      "p10": 3.9437453021166213,
      "p25": 13.895711419546172,
      "p50": 44.36254634022145,
      "p75": 99.24137698866299,
      "p90": 270.50428298607255,
      "p95": 377.6800154716194,
      "p99": 856.4767288029703
    },
    "upload_throughput_mbps": {
      "p1": 0.052596559120430784,
      "p5": 0.10986689896404091,
      "p10": 0.470249253766564,
      "p25": 2.6419470822605295,
      "p50": 8.457503152988648,
      "p75": 25.683728221233487,
      "p90": 140.95572420329617,
      "p95": 214.0077745247818,
      "p99": 455.4446170776915
    },
    "latency_ms": {
      "p1": 235.205,
      "p5": 86.921,
      "p10": 73.619,
      "p25": 40.005,
      "p50": 13.927,
      "p75": 6.014,
      "p90": 2.378,
      "p95": 2.0,
      "p99": 1.56
    },
    "packet_loss": {
      "p1": 0.27580521900411303,
      "p5": 0.1344289242752493,
      "p10": 0.08923246953775539,
      "p25": 0.03005633797843585,
      "p50": 0.0009242587074974223,
      "p75": 0.0,
      "p90": 0.0,
      "p95": 0.0,
      "p99": 0.0
    }
  }
}