{
  "metrics": {
    "download_throughput_mbps": {
      "p1": 0.22667071698812033,
      "p5": 1.551876182946405,
      "p10": 3.9413463224144154,
      "p25": 13.881710062557481,
      "p50": 44.39488279028054,
      "p75": 99.24091431059098,
      "p90": 270.05330072405906,
      "p95": 378.7813169454642,
      "p99": 847.9649210839385
    },
    "upload_throughput_mbps": {
      "p1": 0.053586354230255616,
      "p5": 0.10701864906754663,
      "p10": 0.47108484947203244,
      "p25": 2.642199618434843,
      "p50": 8.453377684872077,
      "p75": 25.717978713755844,
      "p90": 141.0581770371043,
      "p95": 213.87523483630233,
      "p99": 454.20801091834323
    },
    "latency_ms": {
      "p1": 239.914,
      "p5": 86.885,
      "p10": 73.598,
      "p25": 39.984,
      "p50": 13.938,
      "p75": 6.008,
      "p90": 2.379,
      "p95": 2.0,
      "p99": 1.594
    },
    "packet_loss": {
      "p1": 0.27250245806393947,
      "p5": 0.13412520287558524,
      "p10": 0.08907633944091617,
      "p25": 0.030069427253177936,
      "p50": 0.000919607289546969,
      "p75": 0.0,
      "p90": 0.0,
      "p95": 0.0,
      "p99": 0.0
    }
  }
}