{
  "metrics": {
    "download_throughput_mbps": {
      "p1": 0.15456074243898416,
      "p5": 0.7314078257073552,
      "p10": 2.0335180541963678,
      "p25": 7.905069394261413,
      "p50": 25.846838655635565,
      "p75": 71.35865978055675,
      "p90": 129.0277441244972,
      "p95": 166.59234611846924,
      "p99": 228.26990727914884
    },
    "upload_throughput_mbps": {
      "p1": 0.05488236999361119,
      "p5": 0.10911462169250503,
      "p10": 0.5830546018961104,
      "p25": 2.303981921717437,
      "p50": 7.771711130524382,
      "p75": 20.0801963880526,
      "p90": 35.88026294961666,
      "p95": 60.206843577584394,
      "p99": 175.55255882648518
    },
    "latency_ms": {
      "p1": 252.686,
      "p5": 148.045,
      "p10": 136.661,
      "p25": 119.827,
      "p50": 97.176,
      "p75": 84.95,
      "p90": 79.116,
      "p95": 76.799,
      "p99": 58.293
    },
    "packet_loss": {
      "p1": 0.34091488052547625,
      "p5": 0.23752628934789785,
      "p10": 0.18864656092864734,
      "p25": 0.1149615357537912,
      "p50": 0.022484198208166287,
      "p75": 1.8983572930686642e-05,
      "p90": 0.0,
      "p95": 0.0,
      "p99": 0.0
    }
  }
}