{
  "metrics": {
    "download_throughput_mbps": {
      "p1": 0.23388724407361755,
      "p5": 1.2696355151356697,
      "p10": 2.7779591762454157,
      "p25": 7.953213743412862,
      "p50": 22.164059054434983,
      "p75": 55.21849685180011,
      "p90": 97.78685634954061,
      "p95": 147.14605012300322,
      "p99": 210.59297747882246
    },
    "upload_throughput_mbps": {
      "p1": 0.08336497354771416,
      "p5": 0.6208321921462128,
      "p10": 1.139973047242522,
      "p25": 3.8773815986799414,
      "p50": 9.04030427132126,
      "p75": 16.358107334483364,
      "p90": 23.178105682189432,
      "p95": 32.85352509945291,
      "p99": 79.45181535593876
    },
    "latency_ms": {
      "p1": 198.316,
      "p5": 143.144,
      "p10": 132.781,
      "p25": 120.191,
      "p50": 95.927,
      "p75": 85.265,
      "p90": 79.864,
      "p95": 76.898,
      "p99": 61.749
    },
    "packet_loss": {
      "p1": 0.3281529257707404,
      "p5": 0.24478395533738126,
      "p10": 0.2025332583353467,
      "p25": 0.13061253700100248,
      "p50": 0.03710045154396821,
      "p75": 6.918435211846464e-05,
      "p90": 0.0,
      "p95": 0.0,
      "p99": 0.0
    }
  }
}