{
  "metrics": {
    "download_throughput_mbps": {
      "p1": 0.42311603676117765,
      "p5": 2.617481502581938,
      "p10": 8.387050373548458,
      "p25": 17.64041590609594,
      "p50": 35.21311722937347,
      "p75": 57.4869009736862,
      "p90": 80.24672817352469,
      "p95": 107.52922731234155,
      "p99": 277.79322143681884
    },
    "upload_throughput_mbps": {
      "p1": 0.08945315925641827,
      "p5": 0.6649548236234339,
      "p10": 1.071508193534685,
      "p25": 2.41337557993663,
      "p50": 4.756037996906019,
      "p75": 8.955597922201038,
      "p90": 13.334330133133973,
      "p95": 30.952443580451355,
      "p99": 154.19522939779733
    },
    "latency_ms": {
      "p1": 264.134,
      "p5": 225.677,
      "p10": 216.686,
      "p25": 141.545,
      "p50": 124.558,
      "p75": 42.0,
      "p90": 33.68,
      "p95": 32.955,
      "p99": 0.125
    },
    "packet_loss": {
      "p1": 0.23240189066686254,
      "p5": 0.1612376010324302,
      "p10": 0.1400439585559426,
      "p25": 0.08610774265913057,
      "p50": 0.04114454172452361,
      "p75": 0.005823503901815675,
      "p90": 0.0,
      "p95": 0.0,
      "p99": 0.0
    }
  }
}