{
  "metrics": {
    "download_throughput_mbps": {
      "p1": 0.30699400643452307,
      "p5": 1.1606809181874602,
      "p10": 2.639247299617974,
      "p25": 10.060117819817588,
      "p50": 35.370552802455514,
      "p75": 71.96815234342937,
      "p90": 132.94302645177598,
      "p95": 154.4957376957377,
      "p99": 409.6712571401053
    },
    "upload_throughput_mbps": {
      "p1": 0.038230071221387496,
      "p5": 0.28507917860528176,
      "p10": 0.792734450858844,
      "p25": 2.462000674796896,
      "p50": 5.6166609985107465,
      "p75": 9.909853391612693,
      "p90": 23.063638839814782,
      "p95": 45.36379648363964,
      "p99": 180.62659880918764
    },
    "latency_ms": {
      "p1": 277.357,
      "p5": 213.0,
      "p10": 135.34,
      "p25": 108.531,
      "p50": 49.796,
      "p75": 36.216,
      "p90": 30.644,
      "p95": 30.081,
      "p99": 0.788
    },
    "packet_loss": {
      "p1": 0.23128218178315285,
      "p5": 0.12497265568170342,
      "p10": 0.09252411978066172,
      "p25": 0.052779688397185366,
      "p50": 0.013875265158967262,
      "p75": 9.260371728346866e-05,
      "p90": 0.0,
      "p95": 0.0,
      "p99": 0.0
    }
  }
}