{
  "metrics": {
    "download_throughput_mbps": {
      "p1": 0.21851375892322558,
      "p5": 0.896901987838435,
      "p10": 2.1333742970896425,
      "p25": 7.810506026915945,
      "p50": 40.819031787907825,
      "p75": 140.85238929034287,
      "p90": 480.3483159477717,
      "p95": 756.3524523123223,
      "p99": 1079.5034678013458
    },
    "upload_throughput_mbps": {
      "p1": 0.0458616845577209,
      "p5": 0.08942381772067856,
      "p10": 0.17332841479110578,
      "p25": 3.188496422381841,
      "p50": 20.60318426950585,
      "p75": 80.85714905709264,
      "p90": 385.7648584367965,
      "p95": 559.7092395290614,
      "p99": 918.8760477617982
    },
    "latency_ms": {
      "p1": 428.644,
      "p5": 327.238,
      "p10": 305.703,
      "p25": 153.132,
      "p50": 10.029,
      "p75": 2.695,
      "p90": 1.0,
      "p95": 0.359,
      "p99": 0.113
    },
    "packet_loss": {
      "p1": 0.3496835243520224,
      "p5": 0.17328906511323733,
      "p10": 0.09239644923547721,
      "p25": 0.011555247762285042,
      "p50": 0.00021366815093234865,
      "p75": 0.0,
      "p90": 0.0,
      "p95": 0.0,
      "p99": 0.0
    }
  }
}