{
  "metrics": {
    "download_throughput_mbps": {
      "p1": 0.17898119431975681,
      "p5": 0.849016502648769,
      "p10": 2.3182709025708115,
      "p25": 8.363058797103369,
      "p50": 39.368378740616336,
      "p75": 135.91755173339558,
      "p90": 463.1343322742384,
      "p95": 712.1162247378229,
      "p99": 927.4500704586376
    },
    "upload_throughput_mbps": {
      "p1": 0.037454902571354656,
      "p5": 0.07688502183738305,
      "p10": 0.15004569588737013,
      "p25": 3.0781975450185692,
      "p50": 15.943974895338915,
      "p75": 79.77359106402407,
      "p90": 326.0491767935006,
      "p95": 499.09019202040474,
      "p99": 848.1690088620194
    },
    "latency_ms": {
      "p1": 518.275,
      "p5": 338.745,
      "p10": 313.0,
      "p25": 159.667,
      "p50": 8.753,
      "p75": 2.776,
      "p90": 1.043,
      "p95": 0.521,
      "p99": 0.163
    },
    "packet_loss": {
      "p1": 0.3607862852546378,
      "p5": 0.19624369265376404,
      "p10": 0.11324166904145971,
      "p25": 0.01750648377859664,
      "p50": 0.0004150417675836693,
      "p75": 0.0,
      "p90": 0.0,
      "p95": 0.0,
      "p99": 0.0
    }
  }
}