{
  "metrics": {
    "download_throughput_mbps": {
      "p1": 0.21897799084818287,
      "p5": 0.8951189871000604,
      "p10": 2.122997646125142,
      "p25": 7.8123507515521835,
      "p50": 40.81597255088514,
      "p75": 140.64134143264542,
      "p90": 480.09415581883275,
      "p95": 755.8495497325073,
      "p99": 1078.6038606665497
    },
    "upload_throughput_mbps": {
      "p1": 0.046388859889851655,
      "p5": 0.08942224883289182,
      "p10": 0.16890603147119734,
      "p25": 3.179553515626953,
      "p50": 20.592053779181246,
      "p75": 81.0866463626883,
      "p90": 385.9208793265931,
      "p95": 560.7745455130851,
      "p99": 919.1314529643421
    },
    "latency_ms": {
      "p1": 427.235,
      "p5": 327.238,
      "p10": 305.691,
      "p25": 153.194,
      "p50": 10.03,
      "p75": 2.694,
      "p90": 1.0,
      "p95": 0.357,
      "p99": 0.113
    },
    "packet_loss": {
      "p1": 0.3471589942411697,
      "p5": 0.17301235368917986,
      "p10": 0.09244213239719885,
      "p25": 0.0115599786810126,
      "p50": 0.0002132878180057819,
      "p75": 0.0,
      "p90": 0.0,
      "p95": 0.0,
      "p99": 0.0
    }
  }
}