{
  "metrics": {
    "download_throughput_mbps": {
      "p1": 0.17937989237322405,
      "p5": 0.8510091000954022,
      "p10": 2.310829740399134,
      "p25": 8.351850355623784,
      "p50": 39.415484260504435,
      "p75": 135.94534771919666,
      "p90": 463.0521816667138,
      "p95": 712.0804415413895,
      "p99": 927.8993383248949
    },
    "upload_throughput_mbps": {
      "p1": 0.03799020747447253,
      "p5": 0.07681168738898402,
      "p10": 0.1505796706524701,
      "p25": 3.076840500259825,
      "p50": 15.944047928179323,
      "p75": 79.74396323280888,
      "p90": 325.02117596611845,
      "p95": 497.8434567514076,
      "p99": 846.6655876116464
    },
    "latency_ms": {
      "p1": 516.618,
      "p5": 338.881,
      "p10": 313.031,
      "p25": 159.667,
      "p50": 8.826,
      "p75": 2.776,
      "p90": 1.045,
      "p95": 0.519,
      "p99": 0.162
    },
    "packet_loss": {
      "p1": 0.3599230691622693,
      "p5": 0.19613449138694375,
      "p10": 0.11308510637457878,
      "p25": 0.01748749171137501,
      "p50": 0.00041539907351728487,
      "p75": 0.0,
      "p90": 0.0,
      "p95": 0.0,
      "p99": 0.0
    }
  }
}