{
  "metrics": {
    "download_throughput_mbps": {
      "p1": 0.1689375767454603,
      "p5": 0.8224931309746747,
      "p10": 2.066486146934813,
      "p25": 7.107063951605697,
      "p50": 20.22044250757254,
      "p75": 44.673855402085785,
      "p90": 88.88554705197649,
      "p95": 143.12636161024307,
      "p99": 195.82239305099588
    },
    "upload_throughput_mbps": {
      "p1": 0.07493658968935993,
      "p5": 0.36254425116924033,
      "p10": 1.0845107154371254,
      "p25": 3.964289257018153,
      "p50": 8.618878229111429,
      "p75": 18.54095310930682,
      "p90": 37.37518339853281,
      "p95": 50.612659760974026,
      "p99": 154.12675218756266
    },
    "latency_ms": {
      "p1": 267.519,
      "p5": 155.693,
      "p10": 140.035,
      "p25": 115.531,
      "p50": 90.232,
      "p75": 76.908,
      "p90": 59.807,
      "p95": 29.0,
      "p99": 26.0
    },
    "packet_loss": {
      "p1": 0.31479157713794587,
      "p5": 0.22652461436570717,
      "p10": 0.17913166386755985,
      "p25": 0.10965130603966472,
      "p50": 0.02204903555735094,
      "p75": 5.735377809690899e-05,
      "p90": 0.0,
      "p95": 0.0,
      "p99": 0.0
    }
  }
}