{
  "metrics": {
    "download_throughput_mbps": {
      "p1": 0.22182229055626118,
      "p5": 1.179862886766293,
      "p10": 2.8716731905820074,
      "p25": 9.493686538190742,
      "p50": 25.505578938014903,
      "p75": 60.290404983289775,
      "p90": 109.74099909242194,
      "p95": 143.99317736491417,
      "p99": 207.98175522006926
    },
    "upload_throughput_mbps": {
      "p1": 0.08304450103979626,
      "p5": 0.4687711509570269,
      "p10": 1.0172177928959167,
      "p25": 3.7611015461619735,
      "p50": 10.515485863298656,
      "p75": 24.581582769639375,
      "p90": 50.0031707334146,
      "p95": 87.04911558193356,
      "p99": 169.93639117641678
    },
    "latency_ms": {
      "p1": 251.555,
      "p5": 143.844,
      "p10": 131.619,
      "p25": 109.172,
      "p50": 93.829,
      "p75": 78.73,
      "p90": 71.754,
      "p95": 29.398,
      "p99": 24.888
    },
    "packet_loss": {
      "p1": 0.33134095015473664,
      "p5": 0.23200594063292818,
      "p10": 0.18671531326499285,
      "p25": 0.11172605573895329,
      "p50": 0.028161009840524807,
      "p75": 0.0002779561268313807,
      "p90": 0.0,
      "p95": 0.0,
      "p99": 0.0
    }
  }
}