{
  "metrics": {
    "download_throughput_mbps": {
      "p1": 1.8201976060507106,
      "p5": 10.506179663580598,
      "p10": 17.59106136726748,
      "p25": 24.003520752117772,
      "p50": 46.27219920394112,
      "p75": 47.581587585120914,
      "p90": 50.455224892512625,
      "p95": 94.84198628871965,
      "p99": 300.3232333170209
    },
    "upload_throughput_mbps": {
      "p1": 0.3122394116003054,
      "p5": 3.0166901098734065,
      "p10": 11.948328723076294,
      "p25": 18.4906076358057,
      "p50": 19.54180383146789,
      "p75": 20.005561971633945,
      "p90": 20.588362693748188,
      "p95": 47.96050400176876,
      "p99": 134.3573408298777
    },
    "latency_ms": {
      "p1": 64.991,
      "p5": 33.601,
      "p10": 26.0,
      "p25": 11.285,
      "p50": 11.0,
      "p75": 10.644,
      "p90": 10.0,
      "p95": 10.0,
      "p99": 4.744
    },
    "packet_loss": {
      "p1": 0.16297171887378495,
      "p5": 0.1292424377137461,
      "p10": 0.12154274166635881,
      "p25": 0.1057855945678495,
      "p50": 0.06157573142607359,
      "p75": 0.03869358451371003,
      "p90": 0.0044378628666324116,
      "p95": 3.376854659588544e-05,
      "p99": 0.0
    }
  }
}