{
  "metrics": {
    "download_throughput_mbps": {
      "p1": 0.24632256362647234,
      "p5": 1.2281356863370183,
      "p10": 3.0900467117862362,
      "p25": 10.81635736421717,
      "p50": 35.527476692033666,
      "p75": 101.49987420310697,
      "p90": 256.87812235969415,
      "p95": 322.7080529808493,
      "p99": 692.4833886524925
    },
    "upload_throughput_mbps": {
      "p1": 0.031148625048035998,
      "p5": 0.08305682423260663,
      "p10": 0.34868077392889624,
      "p25": 2.4323690331513976,
      "p50": 11.56872174451136,
      "p75": 36.93972904108384,
      "p90": 130.06952716667348,
      "p95": 204.2652453307417,
      "p99": 459.69589229944773
    },
    "latency_ms": {
      "p1": 206.7,
      "p5": 58.2,
      "p10": 45.735,
      "p25": 35.361,
      "p50": 26.48,
      "p75": 19.902,
      "p90": 16.57,
      "p95": 13.219,
      "p99": 9.232
    },
    "packet_loss": {
      "p1": 0.2445167092917405,
      "p5": 0.1325294888597641,
      "p10": 0.08653163774193974,
      "p25": 0.02392289350511707,
      "p50": 0.000698767809272609,
      "p75": 0.0,
      "p90": 0.0,
      "p95": 0.0,
      "p99": 0.0
    }
  }
}