{
  "metrics": {
    "download_throughput_mbps": {
      "p1": 1.8847363065314573,
      "p5": 10.534413427589852,
      "p10": 17.593414288869702,
      "p25": 24.01023215427516,
      "p50": 46.26834836029657,
      "p75": 47.58075308276703,
      "p90": 50.455224892512625,
      "p95": 94.82172328242018,
      "p99": 300.9671452790956
    },
    "upload_throughput_mbps": {
      "p1": 0.30067540068354043,
      "p5": 3.0612616061070215,
      "p10": 11.957440493690273,
      "p25": 18.4906076358057,
      "p50": 19.54180187731428,
      "p75": 20.0036731981634,
      "p90": 20.579471756950838,
      "p95": 47.73782536870195,
      "p99": 134.14558164189654
    },
    "latency_ms": {
      "p1": 64.637,
      "p5": 33.593,
      "p10": 26.0,
      "p25": 11.286,
      "p50": 11.0,
      "p75": 10.644,
      "p90": 10.0,
      "p95": 10.0,
      "p99": 4.636
    },
    "packet_loss": {
      "p1": 0.16102359624250667,
      "p5": 0.1292530017191768,
      "p10": 0.12151833237156842,
      "p25": 0.10574023521385348,
      "p50": 0.06154660059660473,
      "p75": 0.038713425716022536,
      "p90": 0.004451237609162894,
      "p95": 3.0225141295490678e-05,
      "p99": 0.0
    }
  }
}