{
  "metrics": {
    "download_throughput_mbps": {
      "p1": 0.25179778389702107,
      "p5": 1.2315330506958047,
      "p10": 3.08483990864781,
      "p25": 10.816072620035056,
      "p50": 35.49404897537178,
      "p75": 101.56048040499475,
      "p90": 256.87812235969415,
      "p95": 322.75960433093144,
      "p99": 692.0099037765511
    },
    "upload_throughput_mbps": {
      "p1": 0.03114696808119714,
      "p5": 0.08307734211219404,
      "p10": 0.34917249588807897,
      "p25": 2.430178115180744,
      "p50": 11.564345307413658,
      "p75": 36.933298681964736,
      "p90": 130.21628853831302,
      "p95": 204.28762373311895,
      "p99": 459.3918400207838
    },
    "latency_ms": {
      "p1": 207.68,
      "p5": 58.143,
      "p10": 45.705,
      "p25": 35.352,
      "p50": 26.485,
      "p75": 19.898,
      "p90": 16.564,
      "p95": 13.203,
      "p99": 9.189
    },
    "packet_loss": {
      "p1": 0.2419784831059364,
      "p5": 0.13251734975847448,
      "p10": 0.08662612976777918,
      "p25": 0.023944786666287795,
      "p50": 0.000698767809272609,
      "p75": 0.0,
      "p90": 0.0,
      "p95": 0.0,
      "p99": 0.0
    }
  }
}