{
  "metrics": {
    "download_throughput_mbps": {
      "p1": 0.06111259361602901,
      "p5": 0.18067493580341779,
      "p10": 0.34138259908072277,
      "p25": 1.115317551830835,
      "p50": 5.249562798793921,
      "p75": 18.49749634125407,
      "p90": 45.35676045320634,
      "p95": 66.46364613171562,
      "p99": 147.8746622374972
    },
    "upload_throughput_mbps": {
      "p1": 0.01575959813024768,
      "p5": 0.07548978776571783,
      "p10": 0.27571393343427836,
      "p25": 1.1004820342593706,
      "p50": 3.61851684235598,
      "p75": 8.26372419365403,
      "p90": 18.730457157436742,
      "p95": 27.347518825533886,
      "p99": 50.021676008244974
    },
    "latency_ms": {
      "p1": 626.464,
      "p5": 157.663,
      "p10": 101.156,
      "p25": 78.8,
      "p50": 53.601,
      "p75": 35.996,
      "p90": 26.495,
      "p95": 23.808,
      "p99": 21.145
    },
    "packet_loss": {
      "p1": 0.2886214962929807,
      "p5": 0.17206960864855209,
      "p10": 0.11502435287982811,
      "p25": 0.039911244446787404,
      "p50": 0.0038536717999002328,
      "p75": 9.915587540880108e-05,
      "p90": 0.0,
      "p95": 0.0,
      "p99": 0.0
    }
  }
}