{
  "metrics": {
    "download_throughput_mbps": {
      "p1": 0.07165514477011466,
      "p5": 0.20601365102683203,
      "p10": 0.3661692917400145,
      "p25": 1.6509313719119676,
      "p50": 7.593993787575549,
      "p75": 23.279027828177437,
      "p90": 63.14665093031833,
      "p95": 99.71550536109706,
      "p99": 206.76318115961666
    },
    "upload_throughput_mbps": {
      "p1": 0.018116789129926522,
      "p5": 0.10919284432679896,
      "p10": 0.4059926800488134,
      "p25": 1.702991253741572,
      "p50": 5.607596592324931,
      "p75": 10.80919096742994,
      "p90": 20.61844707646217,
      "p95": 29.36415255036434,
      "p99": 49.333373464062184
    },
    "latency_ms": {
      "p1": 419.848,
      "p5": 187.857,
      "p10": 147.0,
      "p25": 82.908,
      "p50": 44.649,
      "p75": 29.886,
      "p90": 23.09,
      "p95": 21.748,
      "p99": 20.087
    },
    "packet_loss": {
      "p1": 0.3198562137267911,
      "p5": 0.2205611278281586,
      "p10": 0.1690982040823136,
      "p25": 0.07534501730663684,
      "p50": 0.008138108488166831,
      "p75": 0.0002505236962626199,
      "p90": 0.0,
      "p95": 0.0,
      "p99": 0.0
    }
  }
}