{
  "metrics": {
    "download_throughput_mbps": {
      "p1": 0.2084927246124674,
      "p5": 1.2100849613373015,
      "p10": 3.501068026823818,
      "p25": 15.248396999386038,
      "p50": 62.45601548948756,
      "p75": 218.7340349247216,
      "p90": 461.5994779470423,
      "p95": 600.5930878769365,
      "p99": 801.9118940792997
    },
    "upload_throughput_mbps": {
      "p1": 0.0700047576165361,
      "p5": 0.14792980174130704,
      "p10": 1.1956064033687122,
      "p25": 7.044405106564756,
      "p50": 21.9541094321234,
      "p75": 64.50706131149255,
      "p90": 169.6857070714394,
      "p95": 351.8772630237489,
      "p99": 694.812932861894
    },
    "latency_ms": {
      "p1": 245.513,
      "p5": 60.933,
      "p10": 46.712,
      "p25": 34.464,
      "p50": 26.695,
      "p75": 18.716,
      "p90": 15.093,
      "p95": 13.838,
      "p99": 12.0
    },
    "packet_loss": {
      "p1": 0.23983270516209265,
      "p5": 0.12133945118491027,
      "p10": 0.07877969472674734,
      "p25": 0.02714544979362041,
      "p50": 0.002522075428225876,
      "p75": 0.0,
      "p90": 0.0,
      "p95": 0.0,
      "p99": 0.0
    }
  }
}