{
  "metrics": {
    "download_throughput_mbps": {
      "p1": 0.21036574799010255,
      "p5": 1.218200866164311,
      "p10": 3.517342489996095,
      "p25": 15.222494241541478,
      "p50": 62.42526330395771,
      "p75": 218.81536931259325,
      "p90": 461.70460857423626,
      "p95": 601.2224236224237,
      "p99": 805.6691510601714
    },
    "upload_throughput_mbps": {
      "p1": 0.06996489856279588,
      "p5": 0.1483316242170856,
      "p10": 1.1958060859211812,
      "p25": 7.041466467057007,
      "p50": 21.941594160696056,
      "p75": 64.46988142045853,
      "p90": 169.45259324007284,
      "p95": 351.4004226569991,
      "p99": 696.5578541247547
    },
    "latency_ms": {
      "p1": 238.892,
      "p5": 61.013,
      "p10": 46.723,
      "p25": 34.462,
      "p50": 26.69,
      "p75": 18.713,
      "p90": 15.1,
      "p95": 13.843,
      "p99": 12.0
    },
    "packet_loss": {
      "p1": 0.23780457044846895,
      "p5": 0.12129677904480946,
      "p10": 0.07877915066361942,
      "p25": 0.027193675146743312,
      "p50": 0.0025214739997366444,
      "p75": 0.0,
      "p90": 0.0,
      "p95": 0.0,
      "p99": 0.0
    }
  }
}