{
  "metrics": {
    "download_throughput_mbps": {
      "p1": 0.698923512078625,
      "p5": 5.586944805097529,
      "p10": 14.06347439945275,
      "p25": 32.63910563307324,
      "p50": 45.04110724288088,
      "p75": 64.97597396668897,
      "p90": 360.1267425972209,
      "p95": 623.4687424097294,
      "p99": 866.5371010982703
    },
    "upload_throughput_mbps": {
      "p1": 0.6952020990635351,
      "p5": 7.137805055969614,
      "p10": 11.655486697302061,
      "p25": 17.649953407716332,
      "p50": 19.5408307113329,
      "p75": 20.652807932113873,
      "p90": 111.03781993780753,
      "p95": 204.21344888537956,
      "p99": 473.15227525191483
    },
    "latency_ms": {
      "p1": 67.903,
      "p5": 31.994,
      "p10": 23.624,
      "p25": 16.398,
      "p50": 15.713,
      "p75": 14.42,
      "p90": 13.485,
      "p95": 11.774,
      "p99": 10.458
    },
    "packet_loss": {
      "p1": 0.2948040395938185,
      "p5": 0.1708427383078764,
      "p10": 0.13030018907682672,
      "p25": 0.05851293272669515,
      "p50": 0.012177288555860095,
      "p75": 0.0003250897760248377,
      "p90": 0.0,
      "p95": 0.0,
      "p99": 0.0
    }
  }
}