{
  "metrics": {
    "download_throughput_mbps": {
      "p1": 0.13501175194359066,
      "p5": 0.5112003169519816,
      "p10": 1.1266347302290887,
      "p25": 3.8122976354966895,
      "p50": 11.192333969062599,
      "p75": 28.42410418671179,
      "p90": 54.32283702696441,
      "p95": 83.67248430733322,
      "p99": 190.59314132392484
    },
    "upload_throughput_mbps": {
      "p1": 0.027514160626802547,
      "p5": 0.07501383474820758,
      "p10": 0.07642660428173771,
      "p25": 1.0818422690523695,
      "p50": 6.419273552111295,
      "p75": 16.427025628661653,
      "p90": 34.312208704848345,
      "p95": 50.907636658617356,
      "p99": 114.05196029589085
    },
    "latency_ms": {
      "p1": 225.741,
      "p5": 78.934,
      "p10": 51.703,
      "p25": 31.981,
      "p50": 19.357,
      "p75": 11.946,
      "p90": 4.874,
      "p95": 3.034,
      "p99": 1.332
    },
    "packet_loss": {
      "p1": 0.37797050592990716,
      "p5": 0.24594207054774878,
      "p10": 0.18145135615681054,
      "p25": 0.09710453859911163,
      "p50": 0.01781152852380138,
      "p75": 0.00012289936756842886,
      "p90": 0.0,
      "p95": 0.0,
      "p99": 0.0
    }
  }
}