{
  "metrics": {
    "download_throughput_mbps": {
      "p1": 0.15251889487337894,
      "p5": 0.6046118157839786,
      "p10": 1.3911389673082533,
      "p25": 4.8121513608171735,
      "p50": 14.749737097119269,
      "p75": 37.47305271856804,
      "p90": 77.24710002558632,
      "p95": 102.94665567484694,
      "p99": 253.82510441920041
    },
    "upload_throughput_mbps": {
      "p1": 0.034378479452636945,
      "p5": 0.08183724809983317,
      "p10": 0.08968998918514601,
      "p25": 1.6587036347980395,
      "p50": 9.155550826720575,
      "p75": 24.609555123559012,
      "p90": 47.36498035611,
      "p95": 76.80745595153631,
      "p99": 180.50656558949507
    },
    "latency_ms": {
      "p1": 200.981,
      "p5": 64.748,
      "p10": 42.076,
      "p25": 27.652,
      "p50": 15.813,
      "p75": 8.19,
      "p90": 4.82,
      "p95": 3.488,
      "p99": 1.547
    },
    "packet_loss": {
      "p1": 0.37637079932853634,
      "p5": 0.23882569676717488,
      "p10": 0.1725453535801463,
      "p25": 0.09201559749384672,
      "p50": 0.016500578681867405,
      "p75": 9.397429384366027e-05,
      "p90": 0.0,
      "p95": 0.0,
      "p99": 0.0
    }
  }
}