{
  "metrics": {
    "download_throughput_mbps": {
      "p1": 0.15456323510827513,
      "p5": 0.6042364131285004,
      "p10": 1.3919813460928008,
      "p25": 4.811466700689003,
      "p50": 14.74495059213929,
      "p75": 37.44866674763104,
      "p90": 77.30084724134284,
      "p95": 102.79555278357024,
      "p99": 255.0730802889977
    },
    "upload_throughput_mbps": {
      "p1": 0.034773676502088305,
      "p5": 0.0817951002538972,
      "p10": 0.08968639818222597,
      "p25": 1.656734698448965,
      "p50": 9.163845946848369,
      "p75": 24.614739515756053,
      "p90": 47.38659007275828,
      "p95": 76.46197503314401,
      "p99": 180.94751453285326
    },
    "latency_ms": {
      "p1": 197.823,
      "p5": 64.909,
      "p10": 42.06,
      "p25": 27.655,
      "p50": 15.813,
      "p75": 8.184,
      "p90": 4.815,
      "p95": 3.477,
      "p99": 1.541
    },
    "packet_loss": {
      "p1": 0.3760263227311222,
      "p5": 0.23888114096817117,
      "p10": 0.17264682061234327,
      "p25": 0.09203351815727609,
      "p50": 0.01653307251271628,
      "p75": 9.383726468429811e-05,
      "p90": 0.0,
      "p95": 0.0,
      "p99": 0.0
    }
  }
}