{
  "metrics": {
    "download_throughput_mbps": {
      "p1": 0.25721626006853593,
      "p5": 1.3534251632800345,
      "p10": 3.3365326434947904,
      "p25": 13.691175152958042,
      "p50": 49.518030403188654,
      "p75": 158.07921132251988,
      "p90": 390.9338145905993,
      "p95": 487.7509561413101,
      "p99": 794.1473087777666
    },
    "upload_throughput_mbps": {
      "p1": 0.04824877587561206,
      "p5": 0.07554407170827117,
      "p10": 0.11963323338698137,
      "p25": 3.795230129606652,
      "p50": 18.734128303963768,
      "p75": 49.348005098764816,
      "p90": 88.83207376641475,
      "p95": 100.6261362504545,
      "p99": 195.8004080695988
    },
    "latency_ms": {
      "p1": 208.637,
      "p5": 45.061,
      "p10": 30.369,
      "p25": 19.468,
      "p50": 9.93,
      "p75": 5.995,
      "p90": 3.262,
      "p95": 1.028,
      "p99": 0.332
    },
    "packet_loss": {
      "p1": 0.18631286290719418,
      "p5": 0.08499335321428736,
      "p10": 0.046688938602920706,
      "p25": 0.008304168235581957,
      "p50": 0.00044225524944580577,
      "p75": 0.0,
      "p90": 0.0,
      "p95": 0.0,
      "p99": 0.0
    }
  }
}