{
  "metrics": {
    "download_throughput_mbps": {
      "p1": 0.26711399696149773,
      "p5": 1.4096182909681343,
      "p10": 3.692534615941535,
      "p25": 16.718556122087133,
      "p50": 62.80571000997639,
      "p75": 201.65609697164197,
      "p90": 437.59347116083603,
      "p95": 536.4925924774977,
      "p99": 882.1832308559549
    },
    "upload_throughput_mbps": {
      "p1": 0.05067741545181196,
      "p5": 0.08311479693339391,
      "p10": 0.18498221959423616,
      "p25": 5.202824905761809,
      "p50": 23.32527541230096,
      "p75": 50.6841582667429,
      "p90": 98.60305248931628,
      "p95": 107.3104551061253,
      "p99": 282.9568681088346
    },
    "latency_ms": {
      "p1": 209.147,
      "p5": 43.591,
      "p10": 30.418,
      "p25": 19.903,
      "p50": 10.083,
      "p75": 6.118,
      "p90": 3.585,
      "p95": 1.276,
      "p99": 0.325
    },
    "packet_loss": {
      "p1": 0.19803901373402455,
      "p5": 0.08991311407639893,
      "p10": 0.04747544384785799,
      "p25": 0.00824034953056029,
      "p50": 0.0003747025688505584,
      "p75": 0.0,
      "p90": 0.0,
      "p95": 0.0,
      "p99": 0.0
    }
  }
}