{
  "metrics": {
    "download_throughput_mbps": {
      "p1": 0.2696914892977442,
      "p5": 1.4251761236742915,
      "p10": 3.7096233822544216,
      "p25": 16.6820397971779,
      "p50": 62.733534551783954,
      "p75": 201.68362987185125,
      "p90": 437.6603173548181,
      "p95": 535.9160781863955,
      "p99": 881.8162162162162
    },
    "upload_throughput_mbps": {
      "p1": 0.050362301269266864,
      "p5": 0.08311365247464664,
      "p10": 0.18215520338657132,
      "p25": 5.200476226760896,
      "p50": 23.321146730037004,
      "p75": 50.67489766747644,
      "p90": 98.60484520718724,
      "p95": 107.08837890229493,
      "p99": 282.2256793011825
    },
    "latency_ms": {
      "p1": 212.887,
      "p5": 43.68,
      "p10": 30.389,
      "p25": 19.915,
      "p50": 10.08,
      "p75": 6.113,
      "p90": 3.583,
      "p95": 1.275,
      "p99": 0.324
    },
    "packet_loss": {
      "p1": 0.19539616307381144,
      "p5": 0.0899214800473271,
      "p10": 0.04755038854481623,
      "p25": 0.008231170079437623,
      "p50": 0.00037487379923365914,
      "p75": 0.0,
      "p90": 0.0,
      "p95": 0.0,
      "p99": 0.0
    }
  }
}