{
  "metrics": {
    "download_throughput_mbps": {
      "p1": 0.258720160552625,
      "p5": 1.352328427513073,
      "p10": 3.3525870465372245,
      "p25": 13.698932872681064,
      "p50": 49.444210321112095,
      "p75": 158.004414193884,
      "p90": 391.1475429785734,
      "p95": 487.7049588391729,
      "p99": 797.3833112256964
    },
    "upload_throughput_mbps": {
      "p1": 0.04869254282945911,
      "p5": 0.075544345963857,
      "p10": 0.12051185538577354,
      "p25": 3.7998168866653255,
      "p50": 18.738592901008424,
      "p75": 49.34864288434277,
      "p90": 88.85955648870122,
      "p95": 100.63501140297491,
      "p99": 195.01674535886684
    },
    "latency_ms": {
      "p1": 209.022,
      "p5": 45.034,
      "p10": 30.427,
      "p25": 19.469,
      "p50": 9.928,
      "p75": 5.996,
      "p90": 3.258,
      "p95": 1.026,
      "p99": 0.334
    },
    "packet_loss": {
      "p1": 0.18547641757055505,
      "p5": 0.08513783111613299,
      "p10": 0.04671689760609096,
      "p25": 0.008311339943723588,
      "p50": 0.0004433457170531195,
      "p75": 0.0,
      "p90": 0.0,
      "p95": 0.0,
      "p99": 0.0
    }
  }
}