{
  "metrics": {
    "download_throughput_mbps": {
      "p1": 0.18943953402693137,
      "p5": 0.9475304802562817,
      "p10": 2.602737124337939,
      "p25": 15.577063668808993,
      "p50": 77.88930058300166,
      "p75": 285.15292157147024,
      "p90": 573.8149051818663,
      "p95": 766.6419927575832,
      "p99": 927.6472844104788
    },
    "upload_throughput_mbps": {
      "p1": 0.04362290772651823,
      "p5": 0.08989743774863224,
      "p10": 0.41148896142510977,
      "p25": 4.672019148616173,
      "p50": 32.174290044483094,
      "p75": 89.2782338270025,
      "p90": 102.54613301322901,
      "p95": 212.83238403799967,
      "p99": 484.0539485194677
    },
    "latency_ms": {
      "p1": 261.902,
      "p5": 111.778,
      "p10": 62.763,
      "p25": 19.295,
      "p50": 8.869,
      "p75": 5.725,
      "p90": 4.0,
      "p95": 3.152,
      "p99": 2.138
    },
    "packet_loss": {
      "p1": 0.23104304847755383,
      "p5": 0.11417135196569246,
      "p10": 0.07807024448764409,
      "p25": 0.022793947230976632,
      "p50": 0.0014481052298278856,
      "p75": 0.0,
      "p90": 0.0,
      "p95": 0.0,
      "p99": 0.0
    }
  }
}