{
  "metrics": {
    "download_throughput_mbps": {
      "p1": 0.16164367696923654,
      "p5": 1.1249387660944303,
      "p10": 3.1087352971625615,
      "p25": 19.28073448847599,
      "p50": 79.21104572639398,
      "p75": 244.84121422130792,
      "p90": 535.5178420058473,
      "p95": 752.3619913845666,
      "p99": 909.5475324160824
    },
    "upload_throughput_mbps": {
      "p1": 0.049064510519387934,
      "p5": 0.18994222905199384,
      "p10": 1.0904931658189527,
      "p25": 4.825504312032242,
      "p50": 31.582534388932903,
      "p75": 87.73864040676239,
      "p90": 113.80321312368493,
      "p95": 217.49005911128393,
      "p99": 507.60045327764294
    },
    "latency_ms": {
      "p1": 269.332,
      "p5": 116.701,
      "p10": 100.842,
      "p25": 23.649,
      "p50": 9.907,
      "p75": 6.0,
      "p90": 4.0,
      "p95": 3.0,
      "p99": 2.0
    },
    "packet_loss": {
      "p1": 0.21661461586508432,
      "p5": 0.10671697215868751,
      "p10": 0.07327527752858597,
      "p25": 0.02199906433257537,
      "p50": 0.0016128467650794141,
      "p75": 0.0,
      "p90": 0.0,
      "p95": 0.0,
      "p99": 0.0
    }
  }
}