{
  "metrics": {
    "download_throughput_mbps": {
      "p1": 0.18647142357879237,
      "p5": 0.9445081884633898,
      "p10": 2.6110363445491176,
      "p25": 15.539559625700345,
      "p50": 77.77489704867013,
      "p75": 285.1335410666613,
      "p90": 573.1273759048028,
      "p95": 767.33321544831,
      "p99": 927.4695330451875
    },
    "upload_throughput_mbps": {
      "p1": 0.04386869032827418,
      "p5": 0.08994610005612681,
      "p10": 0.41124861930163814,
      "p25": 4.684109192388174,
      "p50": 32.17012883757594,
      "p75": 89.23436720079864,
      "p90": 102.54613301322901,
      "p95": 212.21219806189671,
      "p99": 481.17298048899755
    },
    "latency_ms": {
      "p1": 262.373,
      "p5": 111.709,
      "p10": 62.283,
      "p25": 19.293,
      "p50": 8.869,
      "p75": 5.725,
      "p90": 4.0,
      "p95": 3.155,
      "p99": 2.12
    },
    "packet_loss": {
      "p1": 0.23200275506941836,
      "p5": 0.11419160741772773,
      "p10": 0.07818760805148227,
      "p25": 0.0227583759219316,
      "p50": 0.0014522895879971742,
      "p75": 0.0,
      "p90": 0.0,
      "p95": 0.0,
      "p99": 0.0
    }
  }
}