{
  "metrics": {
    "download_throughput_mbps": {
      "p1": 0.1584829817179659,
      "p5": 0.6768299950504237,
      "p10": 1.7696485937486017,
      "p25": 7.728821421180677,
      "p50": 27.99978435961373,
      "p75": 81.56062464277097,
      "p90": 191.553049810406,
      "p95": 261.2922111985344,
      "p99": 409.25759004555664
    },
    "upload_throughput_mbps": {
      "p1": 0.0235456159309895,
      "p5": 0.06974759546394631,
      "p10": 0.07564495334488566,
      "p25": 0.5993757718863784,
      "p50": 8.800043759943112,
      "p75": 31.343310262497138,
      "p90": 71.07957461122218,
      "p95": 98.89039565355782,
      "p99": 218.38844817848292
    },
    "latency_ms": {
      "p1": 293.353,
      "p5": 131.0,
      "p10": 87.805,
      "p25": 62.939,
      "p50": 37.805,
      "p75": 18.482,
      "p90": 8.179,
      "p95": 4.684,
      "p99": 1.547
    },
    "packet_loss": {
      "p1": 0.34102747039939196,
      "p5": 0.20367874585537735,
      "p10": 0.14896301104265755,
      "p25": 0.07387786354324027,
      "p50": 0.00541193199230194,
      "p75": 0.0,
      "p90": 0.0,
      "p95": 0.0,
      "p99": 0.0
    }
  }
}