{
  "metrics": {
    "download_throughput_mbps": {
      "p1": 0.16454551260280553,
      "p5": 0.7370956558873558,
      "p10": 1.8797502432876916,
      "p25": 8.48792574563043,
      "p50": 29.92987078158324,
      "p75": 88.68118582092873,
      "p90": 196.53285087259692,
      "p95": 266.6810609876213,
      "p99": 425.0248284573734
    },
    "upload_throughput_mbps": {
      "p1": 0.02540794664331205,
      "p5": 0.07633107048908654,
      "p10": 0.08310502657531663,
      "p25": 0.6344470504005012,
      "p50": 9.003931190565142,
      "p75": 32.48279857236186,
      "p90": 80.33621929393948,
      "p95": 109.99469664189652,
      "p99": 242.00640496477268
    },
    "latency_ms": {
      "p1": 285.235,
      "p5": 97.453,
      "p10": 69.812,
      "p25": 44.263,
      "p50": 25.445,
      "p75": 12.466,
      "p90": 5.169,
      "p95": 3.383,
      "p99": 1.184
    },
    "packet_loss": {
      "p1": 0.3257003304085597,
      "p5": 0.1866870272833067,
      "p10": 0.13603942174912556,
      "p25": 0.06679150467515041,
      "p50": 0.003925418895976235,
      "p75": 0.0,
      "p90": 0.0,
      "p95": 0.0,
      "p99": 0.0
    }
  }
}