{
  "metrics": {
    "download_throughput_mbps": {
      "p1": 0.16168263537788147,
      "p5": 0.7401430312722731,
      "p10": 1.8826874478283004,
      "p25": 8.467626780238685,
      "p50": 29.911758524087027,
      "p75": 88.80237215098583,
      "p90": 196.721677336704,
      "p95": 266.26169872138655,
      "p99": 425.1837909188962
    },
    "upload_throughput_mbps": {
      "p1": 0.025426920950541755,
      "p5": 0.07632829518348475,
      "p10": 0.0831015667593733,
      "p25": 0.6365310452034322,
      "p50": 9.001401961305868,
      "p75": 32.50434399162069,
      "p90": 80.28554609720156,
      "p95": 110.07300398813379,
      "p99": 242.29879986216025
    },
    "latency_ms": {
      "p1": 286.771,
      "p5": 97.117,
      "p10": 69.81,
      "p25": 44.257,
      "p50": 25.458,
      "p75": 12.453,
      "p90": 5.179,
      "p95": 3.382,
      "p99": 1.186
    },
    "packet_loss": {
      "p1": 0.32526297872340426,
      "p5": 0.1866567704055978,
      "p10": 0.136022032601528,
      "p25": 0.0667899549762968,
      "p50": 0.003905391881666626,
      "p75": 0.0,
      "p90": 0.0,
      "p95": 0.0,
      "p99": 0.0
    }
  }
}