{
  "metrics": {
    "download_throughput_mbps": {
      "p1": 0.16018214535934,
      "p5": 0.6819565206772423,
      "p10": 1.7707561706422656,
      "p25": 7.720717869839033,
      "p50": 27.98422319434243,
      "p75": 81.49783863436448,
      "p90": 191.62391824389644,
      "p95": 261.87390806525104,
      "p99": 410.0962878156599
    },
    "upload_throughput_mbps": {
      "p1": 0.024333519699384992,
      "p5": 0.069770305856349,
      "p10": 0.07564548468963525,
      "p25": 0.6002749837759572,
      "p50": 8.7931129999446,
      "p75": 31.358546676002128,
      "p90": 71.08006096767078,
      "p95": 99.2012070148941,
      "p99": 216.70720624375602
    },
    "latency_ms": {
      "p1": 290.285,
      "p5": 130.06,
      "p10": 87.785,
      "p25": 62.944,
      "p50": 37.812,
      "p75": 18.483,
      "p90": 8.201,
      "p95": 4.695,
      "p99": 1.564
    },
    "packet_loss": {
      "p1": 0.34102427377333705,
      "p5": 0.2036746923083228,
      "p10": 0.1487054285121248,
      "p25": 0.07395855880379588,
      "p50": 0.005431526561345979,
      "p75": 0.0,
      "p90": 0.0,
      "p95": 0.0,
      "p99": 0.0
    }
  }
}