{
  "metrics": {
    "download_throughput_mbps": {
      "p1": 0.04302796615477051,
      "p5": 0.08648911203222605,
      "p10": 0.14499285786615015,
      "p25": 0.47087726492862936,
      "p50": 2.7191494111147922,
      "p75": 5.896582597759327,
      "p90": 10.48384269204474,
      "p95": 13.04207655636101,
      "p99": 15.8251098686112
    },
    "upload_throughput_mbps": {
      "p1": 0.016108464943929167,
      "p5": 0.062480394128393325,
      "p10": 0.07618454103487962,
      "p25": 0.26647824011305593,
      "p50": 0.6030807787750219,
      "p75": 1.5502804657831744,
      "p90": 2.763808130668617,
      "p95": 3.3266415215395235,
      "p99": 3.9577981860539624
    },
    "latency_ms": {
      "p1": 1120.0,
      "p5": 671.306,
      "p10": 470.369,
      "p25": 369.701,
      "p50": 273.444,
      "p75": 251.007,
      "p90": 229.0,
      "p95": 223.917,
      "p99": 215.887
    },
    "packet_loss": {
      "p1": 0.3275633395681007,
      "p5": 0.2874273378112634,
      "p10": 0.2484581246807896,
      "p25": 0.18861190327012606,
      "p50": 0.1295725882701395,
      "p75": 0.06362359659536168,
      "p90": 0.01488222971955126,
      "p95": 0.0,
      "p99": 0.0
    }
  }
}