{
  "metrics": {
    "download_throughput_mbps": {
      "p1": 0.06953119486202272,
      "p5": 0.24833461918153688,
      "p10": 0.5324137391655726,
      "p25": 1.699543510780718,
      "p50": 6.009222644671114,
      "p75": 22.727934796628457,
      "p90": 38.148892920740515,
      "p95": 52.859892456580084,
      "p99": 91.56381235250949
    },
    "upload_throughput_mbps": {
      "p1": 0.03339535398117262,
      "p5": 0.24594696615551376,
      "p10": 0.6261971054982733,
      "p25": 2.3379702934554762,
      "p50": 8.091646025804994,
      "p75": 19.770358039100554,
      "p90": 31.566518044499055,
      "p95": 44.01353348361204,
      "p99": 84.67666481535518
    },
    "latency_ms": {
      "p1": 323.436,
      "p5": 195.349,
      "p10": 155.0,
      "p25": 131.809,
      "p50": 122.0,
      "p75": 113.241,
      "p90": 107.465,
      "p95": 102.718,
      "p99": 53.0
    },
    "packet_loss": {
      "p1": 0.42433472208331124,
      "p5": 0.3474236382608926,
      "p10": 0.3000357297208449,
      "p25": 0.20856498873027798,
      "p50": 0.10222031075978191,
      "p75": 0.02025478815839624,
      "p90": 8.481761938567057e-06,
      "p95": 0.0,
      "p99": 0.0
    }
  }
}