{
  "metrics": {
    "download_throughput_mbps": {
      "p1": 0.013938533588095136,
      "p5": 0.15003519314322383,
      "p10": 0.38213878063878237,
      "p25": 1.542639970933761,
      "p50": 4.90969499897231,
      "p75": 12.555570451742648,
      "p90": 25.224834776964823,
      "p95": 39.44484929558156,
      "p99": 92.8475625219953
    },
    "upload_throughput_mbps": {
      "p1": 0.005008738770672898,
      "p5": 0.018261468517426674,
      "p10": 0.03645712588542742,
      "p25": 0.10721578402877568,
      "p50": 0.5267702095354067,
      "p75": 2.973446419663934,
      "p90": 11.591416748861329,
      "p95": 22.264901129397938,
      "p99": 69.8233889164713
    },
    "latency_ms": {
      "p1": 917.786,
      "p5": 347.035,
      "p10": 311.095,
      "p25": 263.078,
      "p50": 163.396,
      "p75": 127.566,
      "p90": 109.501,
      "p95": 96.833,
      "p99": 40.514
    },
    "packet_loss": {
      "p1": 0.29417789871454314,
      "p5": 0.15061859299276856,
      "p10": 0.08791998003840437,
      "p25": 0.026455179561031907,
      "p50": 0.0024786605603645236,
      "p75": 3.6568559839146646e-05,
      "p90": 0.0,
      "p95": 0.0,
      "p99": 0.0
    }
  }
}