{
  "metrics": {
    "download_throughput_mbps": {
      "p1": 0.4988762781583009,
      "p5": 3.0678011764587696,
      "p10": 11.95294957244262,
      "p25": 41.20638218751778,
      "p50": 92.95917903682232,
      "p75": 274.0060191759233,
      "p90": 655.8805808524844,
      "p95": 717.2565887348087,
      "p99": 834.5157850791342
    },
    "upload_throughput_mbps": {
      "p1": 0.08285271808982278,
      "p5": 0.3776886384258427,
      "p10": 1.3052506285411685,
      "p25": 12.282245219785334,
      "p50": 63.61602609786118,
      "p75": 158.2701351227576,
      "p90": 426.9134827941898,
      "p95": 573.7573507713394,
      "p99": 891.7454473163897
    },
    "latency_ms": {
      "p1": 304.985,
      "p5": 192.943,
      "p10": 122.0,
      "p25": 54.95,
      "p50": 35.0,
      "p75": 24.5,
      "p90": 22.986,
      "p95": 22.832,
      "p99": 13.358
    },
    "packet_loss": {
      "p1": 0.2223405807696616,
      "p5": 0.11378666718216048,
      "p10": 0.07477268402570218,
      "p25": 0.02768917552468053,
      "p50": 0.003343875189831505,
      "p75": 0.0,
      "p90": 0.0,
      "p95": 0.0,
      "p99": 0.0
    }
  }
}