{
  "metrics": {
    "download_throughput_mbps": {
      "p1": 0.6393355145283166,
      "p5": 3.890032657614367,
      "p10": 8.677491317528684,
      "p25": 25.956442278434356,
      "p50": 92.67246833607658,
      "p75": 321.99271897788503,
      "p90": 588.8395633945725,
      "p95": 677.0806249538139,
      "p99": 834.0802153731333
    },
    "upload_throughput_mbps": {
      "p1": 0.04414073148035004,
      "p5": 0.3325670445980044,
      "p10": 1.3072324263052153,
      "p25": 9.187248549921634,
      "p50": 43.685245699673224,
      "p75": 151.1541120845888,
      "p90": 402.4330276576143,
      "p95": 451.5250255960129,
      "p99": 766.5619417024095
    },
    "latency_ms": {
      "p1": 309.744,
      "p5": 225.297,
      "p10": 193.664,
      "p25": 74.791,
      "p50": 37.409,
      "p75": 23.815,
      "p90": 22.938,
      "p95": 22.0,
      "p99": 15.168
    },
    "packet_loss": {
      "p1": 0.16018711045850376,
      "p5": 0.08019324411333405,
      "p10": 0.04444545850569237,
      "p25": 0.012069057744349899,
      "p50": 0.00012845968410805553,
      "p75": 0.0,
      "p90": 0.0,
      "p95": 0.0,
      "p99": 0.0
    }
  }
}