{
  "metrics": {
    "download_throughput_mbps": {
      "p1": 0.2487691080999322,
      "p5": 1.285392316423843,
      "p10": 3.211823394996507,
      "p25": 12.37547778372017,
      "p50": 37.78864629730551,
      "p75": 100.33172367466136,
      "p90": 278.3251974437249,
      "p95": 438.8725337640683,
      "p99": 794.8609721566777
    },
    "upload_throughput_mbps": {
      "p1": 0.043814725753990535,
      "p5": 0.08320095484505267,
      "p10": 0.24698834035946415,
      "p25": 2.7858778938156137,
      "p50": 12.506891703347321,
      "p75": 38.03786685768588,
      "p90": 171.7379065679951,
      "p95": 280.1394076933031,
      "p99": 596.0586462944367
    },
    "latency_ms": {
      "p1": 227.892,
      "p5": 88.985,
      "p10": 69.915,
      "p25": 48.78,
      "p50": 29.918,
      "p75": 16.818,
      "p90": 8.239,
      "p95": 5.0,
      "p99": 0.604
    },
    "packet_loss": {
      "p1": 0.24679800126356902,
      "p5": 0.12812146445545133,
      "p10": 0.07708471479156874,
      "p25": 0.015642876776971563,
      "p50": 0.0002554227072239822,
      "p75": 0.0,
      "p90": 0.0,
      "p95": 0.0,
      "p99": 0.0
    }
  }
}