{
  "metrics": {
    "download_throughput_mbps": {
      "p1": 3.0247267027069835,
      "p5": 34.85159752657608,
      "p10": 52.17673002438034,
      "p25": 93.07385193375734,
      "p50": 347.9388235891757,
      "p75": 564.7061221065464,
      "p90": 741.6868682421169,
      "p95": 767.0323057550676,
      "p99": 791.0045935642105
    },
    "upload_throughput_mbps": {
      "p1": 0.10262463580058272,
      "p5": 8.962681440359004,
      "p10": 24.731555797152318,
      "p25": 30.534239235973132,
      "p50": 82.16078288353756,
      "p75": 93.97042590898674,
      "p90": 384.6545283134523,
      "p95": 454.8998532304843,
      "p99": 563.9489902780105
    },
    "latency_ms": {
      "p1": 43.181,
      "p5": 18.667,
      "p10": 17.946,
      "p25": 14.117,
      "p50": 13.0,
      "p75": 11.869,
      "p90": 11.0,
      "p95": 0.897,
      "p99": 0.814
    },
    "packet_loss": {
      "p1": 0.1212808162701169,
      "p5": 0.09668466789423678,
      "p10": 0.0785766480711245,
      "p25": 0.039593333544573395,
      "p50": 0.013234567961817156,
      "p75": 0.0004614702436491765,
      "p90": 0.0,
      "p95": 0.0,
      "p99": 0.0
    }
  }
}