{
  "metrics": {
    "download_throughput_mbps": {
      "p1": 0.410324393540846,
      "p5": 2.2591708861152986,
      "p10": 5.219909475864053,
      "p25": 16.79333848664766,
      "p50": 49.99049324111361,
      "p75": 134.5742240894689,
      "p90": 175.75307498871854,
      "p95": 235.74837847101813,
      "p99": 335.1187190100496
    },
    "upload_throughput_mbps": {
      "p1": 0.07637657655387418,
      "p5": 0.7645350061044921,
      "p10": 2.365762250337576,
      "p25": 6.779735467411802,
      "p50": 22.37923864139497,
      "p75": 60.865892384366376,
      "p90": 108.2130668509469,
      "p95": 149.33986981563848,
      "p99": 210.91531802100178
    },
    "latency_ms": {
      "p1": 136.691,
      "p5": 98.984,
      "p10": 82.774,
      "p25": 62.566,
      "p50": 44.699,
      "p75": 25.56,
      "p90": 20.813,
      "p95": 19.543,
      "p99": 16.846
    },
    "packet_loss": {
      "p1": 0.23556453452134682,
      "p5": 0.1549110365620621,
      "p10": 0.12132938223316658,
      "p25": 0.06603275492180145,
      "p50": 0.004247346357465554,
      "p75": 0.0,
      "p90": 0.0,
      "p95": 0.0,
      "p99": 0.0
    }
  }
}