{
  "metrics": {
    "download_throughput_mbps": {
      "p1": 0.14874754200039614,
      "p5": 0.8851191445874635,
      "p10": 2.137517732524635,
      "p25": 7.4135331120498416,
      "p50": 22.302186331361685,
      "p75": 74.35453701041311,
      "p90": 149.13383914986267,
      "p95": 187.75643558869015,
      "p99": 228.73044989557243
    },
    "upload_throughput_mbps": {
      "p1": 0.07529089130734563,
      "p5": 0.4566846053392049,
      "p10": 0.8741175255346495,
      "p25": 3.316959055206826,
      "p50": 14.212060093788931,
      "p75": 41.66235521961342,
      "p90": 96.761339371265,
      "p95": 159.44085434408544,
      "p99": 215.07165859677966
    },
    "latency_ms": {
      "p1": 257.347,
      "p5": 133.479,
      "p10": 123.626,
      "p25": 114.025,
      "p50": 104.922,
      "p75": 97.34,
      "p90": 88.663,
      "p95": 87.0,
      "p99": 53.698
    },
    "packet_loss": {
      "p1": 0.22315024387133794,
      "p5": 0.12865721658941084,
      "p10": 0.08048038570368064,
      "p25": 0.013936728657904376,
      "p50": 0.00015453256654155057,
      "p75": 0.0,
      "p90": 0.0,
      "p95": 0.0,
      "p99": 0.0
    }
  }
}