{
  "metrics": {
    "download_throughput_mbps": {
      "p1": 0.2147444387124387,
      "p5": 1.352292923776814,
      "p10": 3.110269092525029,
      "p25": 11.111961298470648,
      "p50": 34.25774520643195,
      "p75": 79.72955767879206,
      "p90": 163.84392010781121,
      "p95": 196.3812791251165,
      "p99": 234.23309207137518
    },
    "upload_throughput_mbps": {
      "p1": 0.11171383025946567,
      "p5": 0.6813682415744785,
      "p10": 1.7331619915640977,
      "p25": 6.775277094390392,
      "p50": 23.474470860016027,
      "p75": 44.770334475132984,
      "p90": 121.99821885379062,
      "p95": 180.41683452892755,
      "p99": 225.5285539331738
    },
    "latency_ms": {
      "p1": 243.17,
      "p5": 127.929,
      "p10": 119.243,
      "p25": 110.0,
      "p50": 100.968,
      "p75": 92.256,
      "p90": 88.919,
      "p95": 88.0,
      "p99": 51.18
    },
    "packet_loss": {
      "p1": 0.2286050357417943,
      "p5": 0.12301584453144608,
      "p10": 0.08162902502046702,
      "p25": 0.04402339205925183,
      "p50": 0.0005070387358034796,
      "p75": 0.0,
      "p90": 0.0,
      "p95": 0.0,
      "p99": 0.0
    }
  }
}