{
  "metrics": {
    "download_throughput_mbps": {
      "p1": 0.27707595180569033,
      "p5": 1.9322825510016832,
      "p10": 5.121312582705667,
      "p25": 20.24817400751233,
      "p50": 66.83443967922618,
      "p75": 191.32172503758122,
      "p90": 422.40115019560204,
      "p95": 576.7504991486912,
      "p99": 899.7343597862044
    },
    "upload_throughput_mbps": {
      "p1": 0.062489150078119435,
      "p5": 0.08951975523054327,
      "p10": 0.7750195298671969,
      "p25": 6.9170289782249075,
      "p50": 42.00908552004742,
      "p75": 123.36697067898395,
      "p90": 292.06543905685584,
      "p95": 453.783370005033,
      "p99": 870.9410319297298
    },
    "latency_ms": {
      "p1": 183.0,
      "p5": 49.704,
      "p10": 37.047,
      "p25": 22.753,
      "p50": 11.315,
      "p75": 6.0,
      "p90": 3.078,
      "p95": 2.082,
      "p99": 0.592
    },
    "packet_loss": {
      "p1": 0.2794952528164527,
      "p5": 0.15609243884919607,
      "p10": 0.1132252207890417,
      "p25": 0.04386075568884607,
      "p50": 0.0016551218883594824,
      "p75": 0.0,
      "p90": 0.0,
      "p95": 0.0,
      "p99": 0.0
    }
  }
}