{
  "metrics": {
    "download_throughput_mbps": {
      "p1": 0.11627630902683506,
      "p5": 0.4360540691790246,
      "p10": 0.9343010569894301,
      "p25": 3.0956027116867633,
      "p50": 8.228968988121606,
      "p75": 19.129627979659166,
      "p90": 43.21266362232918,
      "p95": 72.74398888033359,
      "p99": 169.30217678054674
    },
    "upload_throughput_mbps": {
      "p1": 0.02458527055737453,
      "p5": 0.06914270292074762,
      "p10": 0.07572136908718022,
      "p25": 0.44011592607672784,
      "p50": 4.489063885808873,
      "p75": 13.915445359553496,
      "p90": 30.663513096372917,
      "p95": 48.51720211387556,
      "p99": 93.57176249789626
    },
    "latency_ms": {
      "p1": 454.968,
      "p5": 222.338,
      "p10": 85.932,
      "p25": 22.585,
      "p50": 11.918,
      "p75": 5.751,
      "p90": 3.23,
      "p95": 2.373,
      "p99": 1.0
    },
    "packet_loss": {
      "p1": 0.377561702102576,
      "p5": 0.2727062521164917,
      "p10": 0.22016810513017232,
      "p25": 0.14196193223951095,
      "p50": 0.07025709179453804,
      "p75": 0.0037669579123004214,
      "p90": 0.0001571553706566764,
      "p95": 0.0,
      "p99": 0.0
    }
  }
}