{
  "metrics": {
    "download_throughput_mbps": {
      "p1": 0.1305194923943807,
      "p5": 0.47940321512613215,
      "p10": 1.803563100457047,
      "p25": 8.705313751399443,
      "p50": 19.983589986891523,
      "p75": 40.51914440402953,
      "p90": 78.99823495453991,
      "p95": 136.81409137133755,
      "p99": 593.194899346236
    },
    "upload_throughput_mbps": {
      "p1": 0.09395874106564492,
      "p5": 0.16536592141011464,
      "p10": 0.27226256744694693,
      "p25": 0.5111192214355208,
      "p50": 2.452749464602998,
      "p75": 11.347841741832934,
      "p90": 34.542401362216296,
      "p95": 45.48484651885853,
      "p99": 87.32496499079821
    },
    "latency_ms": {
      "p1": 383.968,
      "p5": 358.755,
      "p10": 320.166,
      "p25": 249.927,
      "p50": 228.942,
      "p75": 18.313,
      "p90": 2.392,
      "p95": 2.272,
      "p99": 0.771
    },
    "packet_loss": {
      "p1": 0.4841333825594041,
      "p5": 0.31945838958496936,
      "p10": 0.1868334080444948,
      "p25": 0.08702023809035336,
      "p50": 0.0015010008861533982,
      "p75": 6.322277376919173e-05,
      "p90": 0.0,
      "p95": 0.0,
      "p99": 0.0
    }
  }
}