{
  "metrics": {
    "download_throughput_mbps": {
      "p1": 1.628039646431301,
      "p5": 1.628039646431301,
      "p10": 1.628039646431301,
      "p25": 1.628039646431301,
      "p50": 4.877899843189459,
      "p75": 7.403600516597606,
      "p90": 7.403600516597606,
      "p95": 7.403600516597606,
      "p99": 7.403600516597606
    },
    "upload_throughput_mbps": {
      "p1": 4.064862084372149,
      "p5": 4.064862084372149,
      "p10": 4.064862084372149,
      "p25": 4.064862084372149,
      "p50": 7.302152153568492,
      "p75": 9.19142708671114,
      "p90": 9.19142708671114,
      "p95": 9.19142708671114,
      "p99": 9.19142708671114
    },
    "latency_ms": {
      "p1": 717.309,
      "p5": 717.309,
      "p10": 717.309,
      "p25": 717.309,
      "p50": 712.524,
      "p75": 712.341,
      "p90": 712.341,
      "p95": 712.341,
      "p99": 712.341
    },
    "packet_loss": {
      "p1": 0.006143838968102987,
      "p5": 0.006143838968102987,
      "p10": 0.006143838968102987,
      "p25": 0.006143838968102987,
      "p50": 0.00421828137771034,
      "p75": 0.0,
      "p90": 0.0,
      "p95": 0.0,
      "p99": 0.0
    }
  }
}