{
  "metrics": {
    "download_throughput_mbps": {
      "p1": 0.07041143761312904,
      "p5": 0.8825799033462775,
      "p10": 1.541253313010545,
      "p25": 6.2900461258661595,
      "p50": 16.47679896219665,
      "p75": 44.942879648591685,
      "p90": 64.67834761529603,
      "p95": 65.90026539968866,
      "p99": 118.34880175869256
    },
    "upload_throughput_mbps": {
      "p1": 0.05039332035330839,
      "p5": 0.23379452833656417,
      "p10": 0.5130792858304879,
      "p25": 2.041414333229235,
      "p50": 2.663810662181212,
      "p75": 7.088991849528903,
      "p90": 9.165045638964502,
      "p95": 10.01563014190521,
      "p99": 15.578589302644799
    },
    "latency_ms": {
      "p1": 328.023,
      "p5": 285.856,
      "p10": 269.644,
      "p25": 244.938,
      "p50": 234.185,
      "p75": 127.315,
      "p90": 79.505,
      "p95": 56.606,
      "p99": 52.07
    },
    "packet_loss": {
      "p1": 0.22013956811472205,
      "p5": 0.19464413712311496,
      "p10": 0.18763308831581,
      "p25": 0.1307201457330581,
      "p50": 0.04048540271588001,
      "p75": 0.0023453216124841945,
      "p90": 0.00022121685256008315,
      "p95": 0.00013832452386286926,
      "p99": 0.0
    }
  }
}