{
  "metrics": {
    "download_throughput_mbps": {
      "p1": 0.9379347859780554,
      "p5": 1.7354032649911577,
      "p10": 3.5314142368968224,
      "p25": 16.20771009529719,
      "p50": 38.212848644764186,
      "p75": 55.42885266872832,
      "p90": 83.99455750858927,
      "p95": 297.1987337307321,
      "p99": 670.6577917409942
    },
    "upload_throughput_mbps": {
      "p1": 0.07599525584622158,
      "p5": 0.09000024199849961,
      "p10": 0.10265078804455433,
      "p25": 1.3945760022542577,
      "p50": 6.024525774400912,
      "p75": 14.027729468289866,
      "p90": 20.90407966306457,
      "p95": 29.594849884459588,
      "p99": 66.78256244628153
    },
    "latency_ms": {
      "p1": 236.082,
      "p5": 229.0,
      "p10": 201.168,
      "p25": 134.0,
      "p50": 104.92,
      "p75": 9.0,
      "p90": 9.0,
      "p95": 9.0,
      "p99": 9.0
    },
    "packet_loss": {
      "p1": 0.32100526150866054,
      "p5": 0.2315117090215946,
      "p10": 0.06927657586012183,
      "p25": 0.038466594395138706,
      "p50": 0.010014098304919181,
      "p75": 0.0006703174543256265,
      "p90": 0.0,
      "p95": 0.0,
      "p99": 0.0
    }
  }
}