{
  "metrics": {
    "download_throughput_mbps": {
      "p1": 0.07762703252778687,
      "p5": 0.1914912111458275,
      "p10": 0.3704064436114069,
      "p25": 3.164477173112658,
      "p50": 6.709729878698247,
      "p75": 14.574207127098884,
      "p90": 26.677886817354953,
      "p95": 43.884867964458834,
      "p99": 51.91867382780428
    },
    "upload_throughput_mbps": {
      "p1": 0.29909828651939596,
      "p5": 0.3810660877448176,
      "p10": 0.6968218207583422,
      "p25": 1.604020928234667,
      "p50": 3.9558181684013873,
      "p75": 8.479934226874285,
      "p90": 16.376478239362662,
      "p95": 20.695571843727283,
      "p99": 29.55058444606992
    },
    "latency_ms": {
      "p1": 1213.673,
      "p5": 508.615,
      "p10": 410.558,
      "p25": 350.748,
      "p50": 308.513,
      "p75": 297.237,
      "p90": 245.487,
      "p95": 58.405,
      "p99": 26.762
    },
    "packet_loss": {
      "p1": 0.3916164786168669,
      "p5": 0.36041340064631455,
      "p10": 0.21006024197875353,
      "p25": 0.12134312627591629,
      "p50": 0.0006284468443346351,
      "p75": 0.0,
      "p90": 0.0,
      "p95": 0.0,
      "p99": 0.0
    }
  }
}