{
  "metrics": {
    "download_throughput_mbps": {
      "p1": 0.2953191768773662,
      "p5": 1.147200756992247,
      "p10": 2.9406046483818393,
      "p25": 16.535401942511914,
      "p50": 61.0260775350542,
      "p75": 124.80726216229486,
      "p90": 398.9499929438584,
      "p95": 484.4971623815121,
      "p99": 829.8261607912232
    },
    "upload_throughput_mbps": {
      "p1": 0.0600587687952397,
      "p5": 0.4439173355471907,
      "p10": 2.284652010410298,
      "p25": 7.637962067132765,
      "p50": 24.023170954387883,
      "p75": 82.8095337046214,
      "p90": 315.8528443183832,
      "p95": 465.6179716944812,
      "p99": 790.506904890497
    },
    "latency_ms": {
      "p1": 267.409,
      "p5": 99.529,
      "p10": 88.554,
      "p25": 66.0,
      "p50": 46.329,
      "p75": 8.444,
      "p90": 4.059,
      "p95": 2.916,
      "p99": 1.9
    },
    "packet_loss": {
      "p1": 0.22160443411097194,
      "p5": 0.1170875183579397,
      "p10": 0.07667640634308247,
      "p25": 0.02080328533225174,
      "p50": 1.841311294022837e-05,
      "p75": 0.0,
      "p90": 0.0,
      "p95": 0.0,
      "p99": 0.0
    }
  }
}