{
  "metrics": {
    "download_throughput_mbps": {
      "p1": 0.18334156196574275,
      "p5": 0.9385016516172985,
      "p10": 3.600378220971628,
      "p25": 19.331972436319433,
      "p50": 48.435456703066386,
      "p75": 88.09050050482158,
      "p90": 136.92183047040442,
      "p95": 214.21892101405336,
      "p99": 313.50129048385645
    },
    "upload_throughput_mbps": {
      "p1": 0.07548042977567161,
      "p5": 0.5513452909252423,
      "p10": 1.0963806171629702,
      "p25": 4.984463856152934,
      "p50": 13.736672217607271,
      "p75": 34.48832600396366,
      "p90": 56.707531184537466,
      "p95": 79.78443932933641,
      "p99": 113.85734058185865
    },
    "latency_ms": {
      "p1": 341.399,
      "p5": 175.0,
      "p10": 144.489,
      "p25": 124.522,
      "p50": 48.287,
      "p75": 42.47,
      "p90": 37.225,
      "p95": 34.3,
      "p99": 25.0
    },
    "packet_loss": {
      "p1": 0.18784092892153856,
      "p5": 0.11478476798855623,
      "p10": 0.08280697631148584,
      "p25": 0.02169522334560586,
      "p50": 0.0039009230994839126,
      "p75": 0.0,
      "p90": 0.0,
      "p95": 0.0,
      "p99": 0.0
    }
  }
}