{
  "metrics": {
    "download_throughput_mbps": {
      "p1": 0.4297382978231817,
      "p5": 2.6898701298701297,
      "p10": 5.779294290866908,
      "p25": 20.951508339355332,
      "p50": 75.31119835348967,
      "p75": 154.08936052081202,
      "p90": 252.02908364287066,
      "p95": 299.84900407577635,
      "p99": 366.7518349472738
    },
    "upload_throughput_mbps": {
      "p1": 0.12448955082272353,
      "p5": 0.7590487251275932,
      "p10": 1.8345466017252603,
      "p25": 5.670186828270935,
      "p50": 17.043698043338658,
      "p75": 41.8094277709612,
      "p90": 75.58806373363215,
      "p95": 91.99537254761573,
      "p99": 129.07624648210694
    },
    "latency_ms": {
      "p1": 177.447,
      "p5": 154.288,
      "p10": 125.71,
      "p25": 67.637,
      "p50": 49.369,
      "p75": 44.257,
      "p90": 39.409,
      "p95": 35.901,
      "p99": 29.812
    },
    "packet_loss": {
      "p1": 0.19325695801702653,
      "p5": 0.09411797815157937,
      "p10": 0.0409249230716576,
      "p25": 0.006367920001376208,
      "p50": 0.00017292621118059697,
      "p75": 0.0,
      "p90": 0.0,
      "p95": 0.0,
      "p99": 0.0
    }
  }
}