{
  "metrics": {
    "download_throughput_mbps": {
      "p1": 0.4635796572525943,
      "p5": 3.4926716359243257,
      "p10": 10.207583729933281,
      "p25": 26.43299057540767,
      "p50": 88.73962054501514,
      "p75": 265.229618601122,
      "p90": 434.9745706501954,
      "p95": 506.57353703648334,
      "p99": 780.7724193983203
    },
    "upload_throughput_mbps": {
      "p1": 0.0829449762365955,
      "p5": 1.076239867060068,
      "p10": 4.346150627125554,
      "p25": 15.097205228192433,
      "p50": 62.08216836188271,
      "p75": 234.3774951971018,
      "p90": 387.0249987625365,
      "p95": 454.5774484649226,
      "p99": 514.3953473767494
    },
    "latency_ms": {
      "p1": 117.711,
      "p5": 51.841,
      "p10": 48.791,
      "p25": 38.43,
      "p50": 27.394,
      "p75": 25.999,
      "p90": 24.13,
      "p95": 23.0,
      "p99": 0.583
    },
    "packet_loss": {
      "p1": 0.27535587762400693,
      "p5": 0.13267358868214682,
      "p10": 0.10855827382690444,
      "p25": 0.06254723747333651,
      "p50": 0.012883416667662153,
      "p75": 0.00017626575208270663,
      "p90": 0.0,
      "p95": 0.0,
      "p99": 0.0
    }
  }
}