{
  "metrics": {
    "download_throughput_mbps": {
      "p1": 0.055720535553076295,
      "p5": 0.2730410085543552,
      "p10": 0.5995088904788566,
      "p25": 3.0880954003447494,
      "p50": 9.619818201044664,
      "p75": 27.176162963721485,
      "p90": 51.762130921021146,
      "p95": 69.98286698840154,
      "p99": 96.26036427202922
    },
    "upload_throughput_mbps": {
      "p1": 0.03331180336708708,
      "p5": 0.1819152975069833,
      "p10": 0.4155458794790087,
      "p25": 1.7826246802598038,
      "p50": 8.533790527746381,
      "p75": 25.68748604856324,
      "p90": 55.90324164397042,
      "p95": 71.38046011398362,
      "p99": 87.86934938583656
    },
    "latency_ms": {
      "p1": 478.044,
      "p5": 344.0,
      "p10": 285.188,
      "p25": 253.455,
      "p50": 231.87,
      "p75": 197.579,
      "p90": 87.73,
      "p95": 68.32,
      "p99": 29.659
    },
    "packet_loss": {
      "p1": 0.34111531310473925,
      "p5": 0.22343034034973303,
      "p10": 0.16087003322229942,
      "p25": 0.07679034308150935,
      "p50": 0.011748350869541515,
      "p75": 0.00014519461436005517,
      "p90": 0.0,
      "p95": 0.0,
      "p99": 0.0
    }
  }
}