{
  "metrics": {
    "download_throughput_mbps": {
      "p1": 0.08489800236105306,
      "p5": 0.4410151072017987,
      "p10": 1.3226105011734577,
      "p25": 5.858071583994394,
      "p50": 18.13768146807306,
      "p75": 42.058087740369764,
      "p90": 79.72414239998704,
      "p95": 115.06468527342754,
      "p99": 355.6191957118714
    },
    "upload_throughput_mbps": {
      "p1": 0.05169305081137383,
      "p5": 0.16699164526112656,
      "p10": 0.38123652659551804,
      "p25": 1.528142600358712,
      "p50": 8.330605679213875,
      "p75": 31.10548180882738,
      "p90": 57.87573829766022,
      "p95": 79.34458037199425,
      "p99": 146.69008761558132
    },
    "latency_ms": {
      "p1": 385.037,
      "p5": 275.417,
      "p10": 250.648,
      "p25": 222.267,
      "p50": 131.757,
      "p75": 65.761,
      "p90": 48.704,
      "p95": 6.477,
      "p99": 0.67
    },
    "packet_loss": {
      "p1": 0.3095680925811118,
      "p5": 0.18622012857667994,
      "p10": 0.12389069173910865,
      "p25": 0.040377254731287816,
      "p50": 0.001792346998378886,
      "p75": 0.0,
      "p90": 0.0,
      "p95": 0.0,
      "p99": 0.0
    }
  }
}