{
  "metrics": {
    "download_throughput_mbps": {
      "p1": 0.12406626954397593,
      "p5": 0.4368107901921173,
      "p10": 0.893206065120607,
      "p25": 4.116848416861313,
      "p50": 13.36056800584316,
      "p75": 30.742600803770973,
      "p90": 51.477454820186566,
      "p95": 75.5954246311512,
      "p99": 190.36904610174838
    },
    "upload_throughput_mbps": {
      "p1": 0.022403397547313537,
      "p5": 0.12215603664681099,
      "p10": 0.27050047495618906,
      "p25": 1.2768856825278612,
      "p50": 5.802040378163659,
      "p75": 18.138727500581,
      "p90": 36.402492247226384,
      "p95": 51.1782419166582,
      "p99": 98.05798966314525
    },
    "latency_ms": {
      "p1": 413.613,
      "p5": 372.023,
      "p10": 362.307,
      "p25": 245.876,
      "p50": 89.609,
      "p75": 72.513,
      "p90": 59.955,
      "p95": 43.282,
      "p99": 23.66
    },
    "packet_loss": {
      "p1": 0.345753221400006,
      "p5": 0.23372100092570142,
      "p10": 0.17353457769950842,
      "p25": 0.08303206212948125,
      "p50": 0.005108535963064664,
      "p75": 0.0,
      "p90": 0.0,
      "p95": 0.0,
      "p99": 0.0
    }
  }
}