{
  "metrics": {
    "download_throughput_mbps": {
      "p1": 0.1339677551353614,
      "p5": 0.5282800577596208,
      "p10": 1.069278788565347,
      "p25": 4.894944667027083,
      "p50": 17.977302464404833,
      "p75": 37.66184536962073,
      "p90": 61.13657932994831,
      "p95": 78.37230556890843,
      "p99": 194.05001080982922
    },
    "upload_throughput_mbps": {
      "p1": 0.06330636573344972,
      "p5": 0.34029788056783755,
      "p10": 0.9303045748069377,
      "p25": 4.145749467179732,
      "p50": 16.821213148424242,
      "p75": 34.088681654836506,
      "p90": 50.27701448406976,
      "p95": 72.74951645773581,
      "p99": 111.15590089334704
    },
    "latency_ms": {
      "p1": 395.907,
      "p5": 374.714,
      "p10": 366.568,
      "p25": 152.874,
      "p50": 84.662,
      "p75": 74.517,
      "p90": 65.042,
      "p95": 55.343,
      "p99": 23.318
    },
    "packet_loss": {
      "p1": 0.35705972885326787,
      "p5": 0.23410958496047343,
      "p10": 0.1646257601232729,
      "p25": 0.09302461041595343,
      "p50": 0.016087543046746044,
      "p75": 0.0,
      "p90": 0.0,
      "p95": 0.0,
      "p99": 0.0
    }
  }
}