{
  "metrics": {
    "download_throughput_mbps": {
      "p1": 0.6485128734885404,
      "p5": 3.827334095369552,
      "p10": 13.93437791155755,
      "p25": 40.556267168113855,
      "p50": 151.550511791763,
      "p75": 524.1685082803868,
      "p90": 575.4400452878958,
      "p95": 661.1107175507541,
      "p99": 1070.5108022000666
    },
    "upload_throughput_mbps": {
      "p1": 0.07647934544098978,
      "p5": 0.5137073934158554,
      "p10": 1.9589444574777595,
      "p25": 12.315031013370751,
      "p50": 144.57632754856073,
      "p75": 375.0828157399585,
      "p90": 512.952900817748,
      "p95": 516.2184891428215,
      "p99": 591.6385098922888
    },
    "latency_ms": {
      "p1": 305.296,
      "p5": 295.792,
      "p10": 89.053,
      "p25": 15.0,
      "p50": 4.0,
      "p75": 1.282,
      "p90": 0.774,
      "p95": 0.67,
      "p99": 0.353
    },
    "packet_loss": {
      "p1": 0.1467242720206883,
      "p5": 0.07312997997125674,
      "p10": 0.060801755650076526,
      "p25": 0.052567262221103514,
      "p50": 0.0013878771065258073,
      "p75": 0.00014227333353483942,
      "p90": 0.0,
      "p95": 0.0,
      "p99": 0.0
    }
  }
}