{
  "metrics": {
    "download_throughput_mbps": {
      "p1": 0.0495953042410184,
      "p5": 0.26712988687084815,
      "p10": 0.6232008624058682,
      "p25": 2.288239748870534,
      "p50": 8.939922205107868,
      "p75": 24.98071082860857,
      "p90": 62.38718363575639,
      "p95": 98.95610244745451,
      "p99": 244.83344602924168
    },
    "upload_throughput_mbps": {
      "p1": 0.01892179816245042,
      "p5": 0.09082091053706719,
      "p10": 0.21882370846838584,
      "p25": 0.742067792315399,
      "p50": 2.706032998719511,
      "p75": 12.731046684115968,
      "p90": 44.120922633060346,
      "p95": 74.11343571324292,
      "p99": 119.06584405890237
    },
    "latency_ms": {
      "p1": 490.182,
      "p5": 350.859,
      "p10": 332.14,
      "p25": 206.989,
      "p50": 110.388,
      "p75": 80.735,
      "p90": 72.451,
      "p95": 68.906,
      "p99": 38.278
    },
    "packet_loss": {
      "p1": 0.3784125942764006,
      "p5": 0.21520900386723035,
      "p10": 0.1296475837941076,
      "p25": 0.04218673283916685,
      "p50": 0.005981512871321511,
      "p75": 0.0,
      "p90": 0.0,
      "p95": 0.0,
      "p99": 0.0
    }
  }
}