{
  "metrics": {
    "download_throughput_mbps": {
      "p1": 0.0897098467405269,
      "p5": 0.29876984976801346,
      "p10": 0.6447490691445795,
      "p25": 2.5628658646466618,
      "p50": 8.353685707590591,
      "p75": 25.404444353785657,
      "p90": 48.800194446861695,
      "p95": 63.59933882915922,
      "p99": 93.74680942889907
    },
    "upload_throughput_mbps": {
      "p1": 0.017636140408348728,
      "p5": 0.13188932761199018,
      "p10": 0.46829792263794334,
      "p25": 1.2844354196945367,
      "p50": 3.405463502516792,
      "p75": 10.459562055006813,
      "p90": 21.038170060877516,
      "p95": 29.680658562621964,
      "p99": 41.816373704209
    },
    "latency_ms": {
      "p1": 334.72,
      "p5": 252.595,
      "p10": 242.765,
      "p25": 222.978,
      "p50": 208.976,
      "p75": 153.139,
      "p90": 150.267,
      "p95": 144.005,
      "p99": 137.03
    },
    "packet_loss": {
      "p1": 0.3946413802857269,
      "p5": 0.29593868965716824,
      "p10": 0.24394131146856685,
      "p25": 0.12016645318833581,
      "p50": 0.01735698595187624,
      "p75": 0.0,
      "p90": 0.0,
      "p95": 0.0,
      "p99": 0.0
    }
  }
}