{
  "metrics": {
    "download_throughput_mbps": {
      "p1": 0.18555779140866027,
      "p5": 0.9325928951154631,
      "p10": 2.242713918190091,
      "p25": 4.2075277398759106,
      "p50": 12.045822019890393,
      "p75": 33.294820743425056,
      "p90": 69.56749497637026,
      "p95": 101.11621603312338,
      "p99": 274.62832828877487
    },
    "upload_throughput_mbps": {
      "p1": 0.024844852169949683,
      "p5": 0.3427789379327269,
      "p10": 0.4985706314461082,
      "p25": 4.841566270903416,
      "p50": 12.79354113955632,
      "p75": 22.26994646981901,
      "p90": 30.500073746334806,
      "p95": 46.48254055076937,
      "p99": 66.3652307199387
    },
    "latency_ms": {
      "p1": 122.125,
      "p5": 103.302,
      "p10": 42.167,
      "p25": 32.516,
      "p50": 25.099,
      "p75": 20.795,
      "p90": 12.794,
      "p95": 10.534,
      "p99": 10.0
    },
    "packet_loss": {
      "p1": 0.21917673339528243,
      "p5": 0.15711271075851285,
      "p10": 0.13883184282397432,
      "p25": 0.07352112800997077,
      "p50": 0.00980726502022233,
      "p75": 0.0,
      "p90": 0.0,
      "p95": 0.0,
      "p99": 0.0
    }
  }
}