{
  "metrics": {
    "download_throughput_mbps": {
      "p1": 0.23638543996816344,
      "p5": 1.0416690411109648,
      "p10": 2.8444534546452775,
      "p25": 12.845108090449516,
      "p50": 46.295684861876474,
      "p75": 120.45669099065164,
      "p90": 282.8172457871658,
      "p95": 467.2355841358568,
      "p99": 799.6391109340616
    },
    "upload_throughput_mbps": {
      "p1": 0.058134337357951565,
      "p5": 0.1026780701416702,
      "p10": 0.6321152401272615,
      "p25": 3.2959104514351547,
      "p50": 14.376397224120419,
      "p75": 56.227504120886266,
      "p90": 201.24423649235234,
      "p95": 395.4926410971375,
      "p99": 844.8127233724089
    },
    "latency_ms": {
      "p1": 272.614,
      "p5": 93.404,
      "p10": 63.44,
      "p25": 50.018,
      "p50": 36.53,
      "p75": 15.039,
      "p90": 9.563,
      "p95": 8.645,
      "p99": 7.085
    },
    "packet_loss": {
      "p1": 0.22607960098667962,
      "p5": 0.11650487880290171,
      "p10": 0.07724245972923591,
      "p25": 0.017989753147922286,
      "p50": 0.00034466913548843555,
      "p75": 0.0,
      "p90": 0.0,
      "p95": 0.0,
      "p99": 0.0
    }
  }
}