{
  "metrics": {
    "download_throughput_mbps": {
      "p1": 0.18092672925166328,
      "p5": 0.790057360498739,
      "p10": 1.87581211705886,
      "p25": 8.135901785873358,
      "p50": 29.880922237174353,
      "p75": 92.01260325723078,
      "p90": 254.166991006169,
      "p95": 364.9517922699633,
      "p99": 679.0654532658735
    },
    "upload_throughput_mbps": {
      "p1": 0.05775221696619868,
      "p5": 0.10862764787591446,
      "p10": 0.618604193030815,
      "p25": 3.441237796905508,
      "p50": 10.312228435753944,
      "p75": 35.59503537610025,
      "p90": 101.96145806937548,
      "p95": 242.585677166814,
      "p99": 766.1731898899214
    },
    "latency_ms": {
      "p1": 326.016,
      "p5": 115.0,
      "p10": 63.593,
      "p25": 47.571,
      "p50": 33.868,
      "p75": 21.243,
      "p90": 14.364,
      "p95": 9.765,
      "p99": 9.465
    },
    "packet_loss": {
      "p1": 0.2500746997079553,
      "p5": 0.13427672451158237,
      "p10": 0.0886206812324293,
      "p25": 0.025019239593305244,
      "p50": 0.0004911301718606788,
      "p75": 0.0,
      "p90": 0.0,
      "p95": 0.0,
      "p99": 0.0
    }
  }
}