{
  "metrics": {
    "download_throughput_mbps": {
      "p1": 0.10418155714303362,
      "p5": 0.377992951277502,
      "p10": 0.820047629875181,
      "p25": 3.0963953797816126,
      "p50": 9.510695749511203,
      "p75": 25.726722183620968,
      "p90": 73.00572886201952,
      "p95": 89.05797519597357,
      "p99": 130.52332966808356
    },
    "upload_throughput_mbps": {
      "p1": 0.02221827364013816,
      "p5": 0.06875611243887561,
      "p10": 0.0754750640021711,
      "p25": 0.2924046898827529,
      "p50": 0.999767600836637,
      "p75": 16.131756717229994,
      "p90": 54.16653835050043,
      "p95": 87.1644789368337,
      "p99": 94.12376469600017
    },
    "latency_ms": {
      "p1": 438.067,
      "p5": 121.794,
      "p10": 96.102,
      "p25": 74.252,
      "p50": 55.998,
      "p75": 43.0,
      "p90": 29.563,
      "p95": 21.111,
      "p99": 13.771
    },
    "packet_loss": {
      "p1": 0.40603170996391785,
      "p5": 0.26771525491577863,
      "p10": 0.19699114635409964,
      "p25": 0.10420467646050455,
      "p50": 0.03388781593948721,
      "p75": 0.00014814364113261105,
      "p90": 0.0,
      "p95": 0.0,
      "p99": 0.0
    }
  }
}