{
  "metrics": {
    "download_throughput_mbps": {
      "p1": 0.788241191759854,
      "p5": 9.008649003294497,
      "p10": 17.01899894002552,
      "p25": 51.48601905360519,
      "p50": 93.14591946642115,
      "p75": 233.54642851339673,
      "p90": 284.5669431027263,
      "p95": 435.7829349085325,
      "p99": 874.7698711507951
    },
    "upload_throughput_mbps": {
      "p1": 0.07544196527311436,
      "p5": 0.1941638291808541,
      "p10": 1.202818507967686,
      "p25": 16.09333962678355,
      "p50": 79.39842763996897,
      "p75": 167.13535604118883,
      "p90": 265.6963874727272,
      "p95": 284.5146236497437,
      "p99": 369.83994948608694
    },
    "latency_ms": {
      "p1": 504.007,
      "p5": 108.674,
      "p10": 49.0,
      "p25": 40.0,
      "p50": 31.375,
      "p75": 10.044,
      "p90": 2.822,
      "p95": 2.575,
      "p99": 2.0
    },
    "packet_loss": {
      "p1": 0.17730122918176588,
      "p5": 0.07487222876944698,
      "p10": 0.023564062396406064,
      "p25": 0.01023041384612103,
      "p50": 0.0011758403365601663,
      "p75": 9.621287182778154e-05,
      "p90": 0.0,
      "p95": 0.0,
      "p99": 0.0
    }
  }
}