{
  "metrics": {
    "download_throughput_mbps": {
      "p1": 2.231483801722169,
      "p5": 15.276307514597118,
      "p10": 30.61358845137029,
      "p25": 73.33641779329996,
      "p50": 225.24549458587362,
      "p75": 383.8435098553367,
      "p90": 566.1495987590371,
      "p95": 690.9808713567519,
      "p99": 1207.8545219010607
    },
    "upload_throughput_mbps": {
      "p1": 0.07630078657862596,
      "p5": 0.08953602816414405,
      "p10": 1.705029776644915,
      "p25": 17.070012683761544,
      "p50": 161.92016757733043,
      "p75": 385.93053991181193,
      "p90": 555.323327525817,
      "p95": 590.5420709158582,
      "p99": 634.4167799832201
    },
    "latency_ms": {
      "p1": 131.0,
      "p5": 69.468,
      "p10": 44.15,
      "p25": 39.855,
      "p50": 16.0,
      "p75": 3.039,
      "p90": 2.882,
      "p95": 2.693,
      "p99": 2.31
    },
    "packet_loss": {
      "p1": 0.14339864291416915,
      "p5": 0.05663816166634818,
      "p10": 0.015523313147049139,
      "p25": 0.0035194809806136013,
      "p50": 0.00019552687564500072,
      "p75": 5.265539218024807e-05,
      "p90": 0.0,
      "p95": 0.0,
      "p99": 0.0
    }
  }
}