{
  "metrics": {
    "download_throughput_mbps": {
      "p1": 0.1742852521385288,
      "p5": 1.8503862564729943,
      "p10": 4.571919829454564,
      "p25": 18.705994690346373,
      "p50": 93.4628251750937,
      "p75": 496.35793293657133,
      "p90": 521.9628641984198,
      "p95": 554.6248526802151,
      "p99": 617.123088487936
    },
    "upload_throughput_mbps": {
      "p1": 0.06914090533252792,
      "p5": 0.5527721433231921,
      "p10": 1.6206391793608206,
      "p25": 4.211629179254106,
      "p50": 20.136760095266492,
      "p75": 53.54715964533791,
      "p90": 54.89921703788281,
      "p95": 55.42021344251043,
      "p99": 204.44442195667094
    },
    "latency_ms": {
      "p1": 96.941,
      "p5": 41.099,
      "p10": 34.825,
      "p25": 21.05,
      "p50": 14.995,
      "p75": 0.742,
      "p90": 0.51,
      "p95": 0.376,
      "p99": 0.348
    },
    "packet_loss": {
      "p1": 0.27374692453324473,
      "p5": 0.12367833487569162,
      "p10": 0.1138134385570239,
      "p25": 0.09751636809023907,
      "p50": 0.02426936133635693,
      "p75": 0.0005653995987518709,
      "p90": 0.0,
      "p95": 0.0,
      "p99": 0.0
    }
  }
}