{
  "metrics": {
    "download_throughput_mbps": {
      "p1": 0.45729983920265593,
      "p5": 1.9491111435496273,
      "p10": 4.956779572837022,
      "p25": 15.205842522606055,
      "p50": 44.785191224956485,
      "p75": 106.0458502576902,
      "p90": 151.70722567987005,
      "p95": 183.05650497672423,
      "p99": 328.5753929753162
    },
    "upload_throughput_mbps": {
      "p1": 0.053329461343400504,
      "p5": 0.2364981234775849,
      "p10": 0.9960704239858328,
      "p25": 3.003621243978051,
      "p50": 5.018249603944446,
      "p75": 15.727445938630018,
      "p90": 92.25994727955336,
      "p95": 185.87718552810222,
      "p99": 349.7111729264256
    },
    "latency_ms": {
      "p1": 273.904,
      "p5": 148.524,
      "p10": 137.865,
      "p25": 105.221,
      "p50": 90.948,
      "p75": 83.581,
      "p90": 67.435,
      "p95": 60.588,
      "p99": 53.099
    },
    "packet_loss": {
      "p1": 0.27139336899368605,
      "p5": 0.22528992868019895,
      "p10": 0.16319301642895914,
      "p25": 0.09385045954383396,
      "p50": 0.03319251745905603,
      "p75": 0.0003046153688214726,
      "p90": 0.0,
      "p95": 0.0,
      "p99": 0.0
    }
  }
}