{
  "metrics": {
    "download_throughput_mbps": {
      "p1": 0.09026820746864322,
      "p5": 0.28734184533138246,
      "p10": 0.5910102769462329,
      "p25": 2.2972446171173773,
      "p50": 7.806486813455561,
      "p75": 25.305393905010632,
      "p90": 62.76205039877665,
      "p95": 91.37518383413584,
      "p99": 188.5687053127885
    },
    "upload_throughput_mbps": {
      "p1": 0.024297131689725797,
      "p5": 0.07593880842801502,
      "p10": 0.08330750114694907,
      "p25": 0.4585351932460454,
      "p50": 2.9872299977311596,
      "p75": 6.212161926105418,
      "p90": 19.039550746634145,
      "p95": 57.4457061620303,
      "p99": 181.97113415422425
    },
    "latency_ms": {
      "p1": 544.129,
      "p5": 394.722,
      "p10": 184.0,
      "p25": 108.525,
      "p50": 80.028,
      "p75": 18.0,
      "p90": 3.986,
      "p95": 2.507,
      "p99": 1.121
    },
    "packet_loss": {
      "p1": 0.3811718660752867,
      "p5": 0.2763513176904299,
      "p10": 0.21771047875620414,
      "p25": 0.126351292658014,
      "p50": 0.036628094848530746,
      "p75": 0.0030338648510789294,
      "p90": 0.0,
      "p95": 0.0,
      "p99": 0.0
    }
  }
}