{
  "metrics": {
    "download_throughput_mbps": {
      "p1": 0.18131294634020023,
      "p5": 0.32891649504600556,
      "p10": 1.093180165324325,
      "p25": 2.8096053260440867,
      "p50": 4.471926170123354,
      "p75": 6.171896370748856,
      "p90": 10.99365206744213,
      "p95": 21.627722006289858,
      "p99": 41.034801053407534
    },
    "upload_throughput_mbps": {
      "p1": 0.10634244558507024,
      "p5": 0.4608303667474133,
      "p10": 0.55261093006038,
      "p25": 0.6454083765214849,
      "p50": 2.630889201873709,
      "p75": 3.9958536290245967,
      "p90": 10.001887374520445,
      "p95": 23.69428813676097,
      "p99": 39.891081916958264
    },
    "latency_ms": {
      "p1": 450.177,
      "p5": 231.341,
      "p10": 213.977,
      "p25": 186.574,
      "p50": 115.479,
      "p75": 81.019,
      "p90": 74.602,
      "p95": 70.412,
      "p99": 68.368
    },
    "packet_loss": {
      "p1": 0.3328270621868943,
      "p5": 0.13306140636514766,
      "p10": 0.12534994132108118,
      "p25": 0.07995766904169606,
      "p50": 0.04558093404308785,
      "p75": 0.00588275920907765,
      "p90": 0.0012148427189274972,
      "p95": 0.00023540832145529423,
      "p99": 0.0
    }
  }
}