{
  "metrics": {
    "download_throughput_mbps": {
      "p1": 0.046119918659326076,
      "p5": 0.21142982092562554,
      "p10": 0.3714277380778766,
      "p25": 1.1998673478705968,
      "p50": 5.884308704657607,
      "p75": 20.05200940851412,
      "p90": 38.88730173659452,
      "p95": 41.69855996416879,
      "p99": 60.98606530910185
    },
    "upload_throughput_mbps": {
      "p1": 0.07570430087260126,
      "p5": 0.09854066204307314,
      "p10": 0.14936586162855656,
      "p25": 0.577484250327381,
      "p50": 2.212177836307921,
      "p75": 3.424241854563912,
      "p90": 5.332703516611133,
      "p95": 8.993392962766853,
      "p99": 37.86578726859305
    },
    "latency_ms": {
      "p1": 471.253,
      "p5": 321.213,
      "p10": 275.025,
      "p25": 240.662,
      "p50": 224.204,
      "p75": 213.858,
      "p90": 205.438,
      "p95": 117.922,
      "p99": 59.779
    },
    "packet_loss": {
      "p1": 0.4206172150957427,
      "p5": 0.2342439368748609,
      "p10": 0.2170938509058984,
      "p25": 0.12045461635246285,
      "p50": 0.03930631630666206,
      "p75": 0.0005417747425587819,
      "p90": 0.0,
      "p95": 0.0,
      "p99": 0.0
    }
  }
}