{
  "metrics": {
    "download_throughput_mbps": {
      "p1": 0.2829315328832208,
      "p5": 1.6941767401875047,
      "p10": 4.267820622443308,
      "p25": 13.3665774790411,
      "p50": 36.854399430767245,
      "p75": 84.8155898436836,
      "p90": 184.3616337391504,
      "p95": 355.7712574512597,
      "p99": 779.2721667006805
    },
    "upload_throughput_mbps": {
      "p1": 0.08447820512502982,
      "p5": 0.39402072671284555,
      "p10": 0.7051644937914542,
      "p25": 2.5511749200269227,
      "p50": 12.350119551105397,
      "p75": 38.916074378950405,
      "p90": 86.7454184129831,
      "p95": 272.5483125089243,
      "p99": 593.9114006373951
    },
    "latency_ms": {
      "p1": 130.037,
      "p5": 65.384,
      "p10": 58.042,
      "p25": 49.744,
      "p50": 42.449,
      "p75": 29.597,
      "p90": 9.668,
      "p95": 6.882,
      "p99": 4.146
    },
    "packet_loss": {
      "p1": 0.2244780412133121,
      "p5": 0.1615681028575083,
      "p10": 0.12470020173189827,
      "p25": 0.07390317945464546,
      "p50": 0.014533141197142205,
      "p75": 0.0003159513999250852,
      "p90": 0.0,
      "p95": 0.0,
      "p99": 0.0
    }
  }
}