{
  "metrics": {
    "download_throughput_mbps": {
      "p1": 0.07466315754304542,
      "p5": 0.281096906719285,
      "p10": 0.5887078537830621,
      "p25": 2.399562713996636,
      "p50": 6.964715735703001,
      "p75": 15.41317573376605,
      "p90": 31.892922086564575,
      "p95": 43.749299318147216,
      "p99": 77.34206335437946
    },
    "upload_throughput_mbps": {
      "p1": 0.025761688977384224,
      "p5": 0.11983455083692018,
      "p10": 0.32658780068463933,
      "p25": 0.8586263174009008,
      "p50": 1.8078578759958943,
      "p75": 4.243550150662721,
      "p90": 10.647630911397446,
      "p95": 19.193827463081366,
      "p99": 28.23082778192203
    },
    "latency_ms": {
      "p1": 488.467,
      "p5": 298.499,
      "p10": 240.269,
      "p25": 220.484,
      "p50": 206.262,
      "p75": 200.273,
      "p90": 190.255,
      "p95": 153.897,
      "p99": 98.0
    },
    "packet_loss": {
      "p1": 0.3620463409438326,
      "p5": 0.28542046031135454,
      "p10": 0.23677568479502645,
      "p25": 0.10650412393735159,
      "p50": 0.003890005256872069,
      "p75": 0.0,
      "p90": 0.0,
      "p95": 0.0,
      "p99": 0.0
    }
  }
}