{
  "metrics": {
    "download_throughput_mbps": {
      "p1": 0.06458702646654013,
      "p5": 0.1967747057805415,
      "p10": 0.42577554275040264,
      "p25": 1.6700944568049605,
      "p50": 5.591645062759825,
      "p75": 8.825709688919938,
      "p90": 18.746381483699494,
      "p95": 26.048687377478135,
      "p99": 39.98321960818821
    },
    "upload_throughput_mbps": {
      "p1": 0.024743162885255673,
      "p5": 0.1068019532562572,
      "p10": 0.35707751023376594,
      "p25": 0.9754401507474126,
      "p50": 2.315979808603933,
      "p75": 2.823978727299982,
      "p90": 8.49016516768421,
      "p95": 9.082607327490223,
      "p99": 20.410663710035784
    },
    "latency_ms": {
      "p1": 621.448,
      "p5": 296.168,
      "p10": 264.0,
      "p25": 239.273,
      "p50": 221.75,
      "p75": 207.715,
      "p90": 191.908,
      "p95": 105.354,
      "p99": 55.916
    },
    "packet_loss": {
      "p1": 0.3615038933386285,
      "p5": 0.2953512112616634,
      "p10": 0.24463716409225122,
      "p25": 0.12271296748519624,
      "p50": 0.010962310664019533,
      "p75": 0.0,
      "p90": 0.0,
      "p95": 0.0,
      "p99": 0.0
    }
  }
}