{
  "metrics": {
    "download_throughput_mbps": {
      "p1": 0.06031654452041189,
      "p5": 0.30400577629671416,
      "p10": 0.8827665181763511,
      "p25": 3.482340722661179,
      "p50": 12.678702546711492,
      "p75": 28.63655541409925,
      "p90": 49.11575953700305,
      "p95": 58.38970554541267,
      "p99": 100.49780829616311
    },
    "upload_throughput_mbps": {
      "p1": 0.05784975375615609,
      "p5": 0.29448800976474726,
      "p10": 0.7392727683971501,
      "p25": 2.8375217098784247,
      "p50": 8.54896983486467,
      "p75": 24.20464595183647,
      "p90": 48.782394184938894,
      "p95": 56.67951120131977,
      "p99": 85.73502130092757
    },
    "latency_ms": {
      "p1": 451.0,
      "p5": 350.41,
      "p10": 328.757,
      "p25": 186.894,
      "p50": 107.546,
      "p75": 95.688,
      "p90": 92.0,
      "p95": 90.689,
      "p99": 88.754
    },
    "packet_loss": {
      "p1": 0.4101967439925233,
      "p5": 0.2940755763169575,
      "p10": 0.2380116378674894,
      "p25": 0.15502519438491516,
      "p50": 0.05538395246948146,
      "p75": 0.0006571983527866062,
      "p90": 0.0,
      "p95": 0.0,
      "p99": 0.0
    }
  }
}