{
  "metrics": {
    "download_throughput_mbps": {
      "p1": 0.48196515765586784,
      "p5": 1.489079406059059,
      "p10": 6.334853226414416,
      "p25": 26.261088759562078,
      "p50": 101.27644807589678,
      "p75": 416.76345169625546,
      "p90": 787.4210885621052,
      "p95": 797.8943432067312,
      "p99": 932.1384960483763
    },
    "upload_throughput_mbps": {
      "p1": 0.11970497314865292,
      "p5": 1.10133107307842,
      "p10": 3.5458304742930364,
      "p25": 28.331533446330813,
      "p50": 75.33909812921291,
      "p75": 109.3968393141354,
      "p90": 556.2761283171615,
      "p95": 582.4375851408978,
      "p99": 732.9419766853969
    },
    "latency_ms": {
      "p1": 255.867,
      "p5": 184.682,
      "p10": 181.416,
      "p25": 49.969,
      "p50": 6.745,
      "p75": 4.441,
      "p90": 3.801,
      "p95": 3.666,
      "p99": 1.324
    },
    "packet_loss": {
      "p1": 0.32787774629569416,
      "p5": 0.15723514718142811,
      "p10": 0.08804089592361432,
      "p25": 0.007535484504851686,
      "p50": 0.0008765847720070958,
      "p75": 0.0,
      "p90": 0.0,
      "p95": 0.0,
      "p99": 0.0
    }
  }
}