{
  "metrics": {
    "download_throughput_mbps": {
      "p1": 0.3625690163618157,
      "p5": 3.002243055931166,
      "p10": 7.317846889952153,
      "p25": 18.51397126245278,
      "p50": 41.16327946492055,
      "p75": 77.98836113465738,
      "p90": 159.3628604088618,
      "p95": 443.9414774513592,
      "p99": 855.5374685074312
    },
    "upload_throughput_mbps": {
      "p1": 0.07648963332918017,
      "p5": 0.32277781821934276,
      "p10": 0.9392308474605763,
      "p25": 5.669935439176393,
      "p50": 28.01124403624225,
      "p75": 155.61423251160946,
      "p90": 523.7934271474189,
      "p95": 559.4989029387523,
      "p99": 810.8793588841672
    },
    "latency_ms": {
      "p1": 249.919,
      "p5": 180.813,
      "p10": 151.574,
      "p25": 47.38,
      "p50": 5.66,
      "p75": 3.0,
      "p90": 1.937,
      "p95": 1.682,
      "p99": 0.994
    },
    "packet_loss": {
      "p1": 0.3020408634022848,
      "p5": 0.18922504992191064,
      "p10": 0.14663765050918642,
      "p25": 0.09715340424292908,
      "p50": 0.018231401803440413,
      "p75": 0.00017150662444336912,
      "p90": 0.0,
      "p95": 0.0,
      "p99": 0.0
    }
  }
}