{
  "metrics": {
    "download_throughput_mbps": {
      "p1": 2.0372800290566793,
      "p5": 4.699590225968211,
      "p10": 9.711226819126612,
      "p25": 19.03689444067305,
      "p50": 40.59298251259917,
      "p75": 77.13457040684972,
      "p90": 150.4227825822109,
      "p95": 190.0763269594377,
      "p99": 231.23151075725306
    },
    "upload_throughput_mbps": {
      "p1": 0.14949553656383666,
      "p5": 1.6747679924881615,
      "p10": 1.9925729631821003,
      "p25": 2.9503772195303166,
      "p50": 4.812241349052345,
      "p75": 5.764384252018895,
      "p90": 10.194158761168248,
      "p95": 40.77231778214578,
      "p99": 93.06989431503571
    },
    "latency_ms": {
      "p1": 276.765,
      "p5": 239.185,
      "p10": 230.893,
      "p25": 219.59,
      "p50": 133.993,
      "p75": 64.472,
      "p90": 46.672,
      "p95": 40.966,
      "p99": 36.05
    },
    "packet_loss": {
      "p1": 0.2179281187637547,
      "p5": 0.1625501891123834,
      "p10": 0.10237668647806768,
      "p25": 0.04100159750994423,
      "p50": 0.016536107392804818,
      "p75": 0.003733453706323323,
      "p90": 0.0,
      "p95": 0.0,
      "p99": 0.0
    }
  }
}