{
  "metrics": {
    "download_throughput_mbps": {
      "p1": 0.11801616209224124,
      "p5": 0.9811645817234287,
      "p10": 2.535569636722554,
      "p25": 10.423362945909874,
      "p50": 41.16492289306299,
      "p75": 102.48210921558032,
      "p90": 174.78598781029612,
      "p95": 236.844921586754,
      "p99": 339.25730607585587
    },
    "upload_throughput_mbps": {
      "p1": 0.04348328252583832,
      "p5": 0.08950985176355768,
      "p10": 0.22096961487807143,
      "p25": 0.8209781855004065,
      "p50": 5.5797515499629835,
      "p75": 37.24257257479774,
      "p90": 161.13848790144357,
      "p95": 229.69398572788992,
      "p99": 346.93889567155884
    },
    "latency_ms": {
      "p1": 380.223,
      "p5": 173.918,
      "p10": 156.9,
      "p25": 140.326,
      "p50": 108.042,
      "p75": 92.329,
      "p90": 69.0,
      "p95": 56.068,
      "p99": 44.599
    },
    "packet_loss": {
      "p1": 0.3621425964941187,
      "p5": 0.18778283575239116,
      "p10": 0.12583913270508784,
      "p25": 0.04998897897976885,
      "p50": 0.00041577058127979555,
      "p75": 0.0,
      "p90": 0.0,
      "p95": 0.0,
      "p99": 0.0
    }
  }
}