{
  "metrics": {
    "download_throughput_mbps": {
      "p1": 0.13158568101309562,
      "p5": 0.7382766101434349,
      "p10": 1.861131752792436,
      "p25": 6.945758700099528,
      "p50": 28.262801128955168,
      "p75": 84.5102618408397,
      "p90": 149.94458587808893,
      "p95": 225.07737704210174,
      "p99": 273.610056699433
    },
    "upload_throughput_mbps": {
      "p1": 0.03539454191157884,
      "p5": 0.08302552161674669,
      "p10": 0.24617332832290015,
      "p25": 0.7520681774890497,
      "p50": 4.130451568119985,
      "p75": 22.892613957045583,
      "p90": 138.70542364793874,
      "p95": 200.81399126440283,
      "p99": 254.65107781366456
    },
    "latency_ms": {
      "p1": 355.744,
      "p5": 166.408,
      "p10": 152.963,
      "p25": 131.998,
      "p50": 100.837,
      "p75": 90.306,
      "p90": 84.017,
      "p95": 63.173,
      "p99": 47.087
    },
    "packet_loss": {
      "p1": 0.3046254380618572,
      "p5": 0.20134366265011855,
      "p10": 0.14915412863072067,
      "p25": 0.07031748565264705,
      "p50": 0.010236345968956777,
      "p75": 0.0,
      "p90": 0.0,
      "p95": 0.0,
      "p99": 0.0
    }
  }
}