{
  "metrics": {
    "download_throughput_mbps": {
      "p1": 0.09127153418325892,
      "p5": 0.37905937569064324,
      "p10": 0.8351064383532025,
      "p25": 3.4412914289516108,
      "p50": 15.28037710735371,
      "p75": 43.49434727994015,
      "p90": 81.0901233862967,
      "p95": 88.0200223061129,
      "p99": 120.94744383903576
    },
    "upload_throughput_mbps": {
      "p1": 0.0633971075379656,
      "p5": 0.31761328045938575,
      "p10": 0.7189271863920851,
      "p25": 1.96563057902129,
      "p50": 8.881917445413654,
      "p75": 21.92003050959279,
      "p90": 40.21998617009279,
      "p95": 43.54500040199823,
      "p99": 59.54742991170535
    },
    "latency_ms": {
      "p1": 440.231,
      "p5": 150.677,
      "p10": 124.189,
      "p25": 101.142,
      "p50": 80.926,
      "p75": 64.839,
      "p90": 52.006,
      "p95": 47.912,
      "p99": 10.85
    },
    "packet_loss": {
      "p1": 0.31338541189352315,
      "p5": 0.2327548963963546,
      "p10": 0.17138746889683187,
      "p25": 0.07028858124581011,
      "p50": 0.002787398534797901,
      "p75": 7.293264321987828e-05,
      "p90": 0.0,
      "p95": 0.0,
      "p99": 0.0
    }
  }
}