{
  "metrics": {
    "download_throughput_mbps": {
      "p1": 55.435503418903465,
      "p5": 55.435503418903465,
      "p10": 55.435503418903465,
      "p25": 55.435503418903465,
      "p50": 105.31721720203741,
      "p75": 119.6514775468277,
      "p90": 119.6514775468277,
      "p95": 119.6514775468277,
      "p99": 119.6514775468277
    },
    "upload_throughput_mbps": {
      "p1": 54.75736879370997,
      "p5": 54.75736879370997,
      "p10": 54.75736879370997,
      "p25": 54.75736879370997,
      "p50": 54.75736879370997,
      "p75": 54.75736879370997,
      "p90": 54.75736879370997,
      "p95": 54.75736879370997,
      "p99": 54.75736879370997
    },
    "latency_ms": {
      "p1": 107.039,
      "p5": 107.039,
      "p10": 107.039,
      "p25": 107.039,
      "p50": 103.63,
      "p75": 100.741,
      "p90": 100.741,
      "p95": 100.741,
      "p99": 100.741
    },
    "packet_loss": {
      "p1": 0.0,
      "p5": 0.0,
      "p10": 0.0,
      "p25": 0.0,
      "p50": 0.0,
      "p75": 0.0,
      "p90": 0.0,
      "p95": 0.0,
      "p99": 0.0
    }
  }
}