{
  "metrics": {
    "download_throughput_mbps": {
      "p1": 0.7615491587162779,
      "p5": 6.966047628692431,
      "p10": 12.691146751153502,
      "p25": 45.79627282612771,
      "p50": 164.26378943547505,
      "p75": 295.5293008075451,
      "p90": 353.6156667388001,
      "p95": 393.25908646375194,
      "p99": 486.8354965718682
    },
    "upload_throughput_mbps": {
      "p1": 0.0891367843720256,
      "p5": 1.1526893281669561,
      "p10": 2.4256062511711844,
      "p25": 10.513626528738474,
      "p50": 26.54836962994228,
      "p75": 40.90941178694027,
      "p90": 55.68980241116042,
      "p95": 59.69531854980641,
      "p99": 125.12410813124308
    },
    "latency_ms": {
      "p1": 221.736,
      "p5": 121.587,
      "p10": 79.647,
      "p25": 66.704,
      "p50": 61.192,
      "p75": 51.475,
      "p90": 33.555,
      "p95": 29.885,
      "p99": 10.186
    },
    "packet_loss": {
      "p1": 0.19849041943817525,
      "p5": 0.10906009905213832,
      "p10": 0.06711746649498754,
      "p25": 0.02058635208056426,
      "p50": 0.0008765005755449404,
      "p75": 0.0,
      "p90": 0.0,
      "p95": 0.0,
      "p99": 0.0
    }
  }
}