{
  "metrics": {
    "download_throughput_mbps": {
      "p1": 0.15556506870258885,
      "p5": 0.7621237318560555,
      "p10": 1.8764806516898043,
      "p25": 7.163984450594129,
      "p50": 36.11762990037292,
      "p75": 78.38399776644556,
      "p90": 95.11685672963702,
      "p95": 187.16391834045902,
      "p99": 347.48587474413404
    },
    "upload_throughput_mbps": {
      "p1": 0.048867456144956016,
      "p5": 0.08956258201818408,
      "p10": 0.3939837482763831,
      "p25": 4.930205537453388,
      "p50": 19.85490463188014,
      "p75": 75.79782066283313,
      "p90": 78.61574684394425,
      "p95": 92.51530871266418,
      "p99": 411.5080720020967
    },
    "latency_ms": {
      "p1": 358.422,
      "p5": 197.104,
      "p10": 114.04,
      "p25": 100.633,
      "p50": 81.74,
      "p75": 6.715,
      "p90": 3.243,
      "p95": 2.491,
      "p99": 0.964
    },
    "packet_loss": {
      "p1": 0.36649449954540625,
      "p5": 0.24834283096528795,
      "p10": 0.19509056657079196,
      "p25": 0.10473200927039635,
      "p50": 0.004643128938750032,
      "p75": 2.577889551795233e-05,
      "p90": 0.0,
      "p95": 0.0,
      "p99": 0.0
    }
  }
}