{
  "metrics": {
    "download_throughput_mbps": {
      "p1": 0.13706577037115802,
      "p5": 0.5339599848214573,
      "p10": 0.9823814458082409,
      "p25": 3.070602195362133,
      "p50": 5.514149291463482,
      "p75": 28.625061062408406,
      "p90": 74.16192817330055,
      "p95": 101.4450724744261,
      "p99": 204.0709558163616
    },
    "upload_throughput_mbps": {
      "p1": 0.09341662846706394,
      "p5": 0.4238276609378713,
      "p10": 1.3412219661406344,
      "p25": 3.62658483411128,
      "p50": 5.118978873119722,
      "p75": 16.595099713868983,
      "p90": 31.155130872555034,
      "p95": 39.06435474111436,
      "p99": 76.46449858368725
    },
    "latency_ms": {
      "p1": 240.0,
      "p5": 166.992,
      "p10": 150.131,
      "p25": 114.245,
      "p50": 88.609,
      "p75": 80.567,
      "p90": 62.786,
      "p95": 56.0,
      "p99": 25.235
    },
    "packet_loss": {
      "p1": 0.40601909321983803,
      "p5": 0.27873271082537115,
      "p10": 0.24207090983492544,
      "p25": 0.15722513950209516,
      "p50": 0.04873926849705776,
      "p75": 0.006008489027988367,
      "p90": 0.0,
      "p95": 0.0,
      "p99": 0.0
    }
  }
}