{
  "metrics": {
    "download_throughput_mbps": {
      "p1": 0.14068052307757617,
      "p5": 0.2816680300544252,
      "p10": 1.2448528276949307,
      "p25": 3.9134546710477136,
      "p50": 14.986567730833654,
      "p75": 31.74411059599632,
      "p90": 82.68255131099716,
      "p95": 102.7830452207441,
      "p99": 189.5083115401569
    },
    "upload_throughput_mbps": {
      "p1": 0.11056009686079528,
      "p5": 0.5736774520236568,
      "p10": 1.1872013756482225,
      "p25": 1.9997420007739977,
      "p50": 5.240317800891584,
      "p75": 14.215394762933842,
      "p90": 26.47694393675411,
      "p95": 47.63334105539586,
      "p99": 64.47226257467314
    },
    "latency_ms": {
      "p1": 373.456,
      "p5": 247.517,
      "p10": 219.023,
      "p25": 209.851,
      "p50": 95.639,
      "p75": 75.525,
      "p90": 61.933,
      "p95": 35.825,
      "p99": 32.482
    },
    "packet_loss": {
      "p1": 0.41781605328668503,
      "p5": 0.35002567397077583,
      "p10": 0.2796227086882504,
      "p25": 0.16081787855784832,
      "p50": 0.059894513771229944,
      "p75": 0.005425715177081779,
      "p90": 0.0,
      "p95": 0.0,
      "p99": 0.0
    }
  }
}