{
  "metrics": {
    "download_throughput_mbps": {
      "p1": 0.0572467623802231,
      "p5": 0.1564601364952117,
      "p10": 0.28955072754355415,
      "p25": 1.001994083291073,
      "p50": 4.358314654758893,
      "p75": 11.324811721895237,
      "p90": 20.262980095628347,
      "p95": 26.649448391071463,
      "p99": 52.843791496945826
    },
    "upload_throughput_mbps": {
      "p1": 0.016143975784036323,
      "p5": 0.06409361047846013,
      "p10": 0.11765335262837437,
      "p25": 0.46947935798897983,
      "p50": 1.5379555431119822,
      "p75": 3.0751786439261064,
      "p90": 6.946331547824752,
      "p95": 11.745038371434122,
      "p99": 30.199030321308314
    },
    "latency_ms": {
      "p1": 731.793,
      "p5": 470.606,
      "p10": 433.74,
      "p25": 375.474,
      "p50": 305.66,
      "p75": 224.366,
      "p90": 71.138,
      "p95": 59.401,
      "p99": 48.351
    },
    "packet_loss": {
      "p1": 0.35082302499481893,
      "p5": 0.27140176756743717,
      "p10": 0.22212873750822565,
      "p25": 0.1380774140806348,
      "p50": 0.0513444191717814,
      "p75": 0.006098697407066418,
      "p90": 0.00027529148630445275,
      "p95": 0.0,
      "p99": 0.0
    }
  }
}