{
  "metrics": {
    "download_throughput_mbps": {
      "p1": 0.14223572640269788,
      "p5": 0.6085866695276378,
      "p10": 1.5878665654698407,
      "p25": 7.548081557321638,
      "p50": 30.92927975782865,
      "p75": 79.86826194088233,
      "p90": 152.2565441073309,
      "p95": 230.53586342155495,
      "p99": 371.81641534158007
    },
    "upload_throughput_mbps": {
      "p1": 0.04151324552131203,
      "p5": 0.08304621164353194,
      "p10": 0.14853412664914564,
      "p25": 1.9531666920656405,
      "p50": 10.91447807299691,
      "p75": 50.302305926548414,
      "p90": 101.9172201132353,
      "p95": 175.69820522251268,
      "p99": 309.97044694776525
    },
    "latency_ms": {
      "p1": 264.106,
      "p5": 118.0,
      "p10": 100.824,
      "p25": 82.248,
      "p50": 58.173,
      "p75": 27.711,
      "p90": 9.314,
      "p95": 5.038,
      "p99": 2.77
    },
    "packet_loss": {
      "p1": 0.3587451260323601,
      "p5": 0.2204497099099268,
      "p10": 0.16445985151261366,
      "p25": 0.08750558574810784,
      "p50": 0.017574795979900918,
      "p75": 3.318054547625197e-05,
      "p90": 0.0,
      "p95": 0.0,
      "p99": 0.0
    }
  }
}