{
  "metrics": {
    "download_throughput_mbps": {
      "p1": 0.09410430912369956,
      "p5": 0.3168921183277003,
      "p10": 0.6295110286002863,
      "p25": 2.0961832339041617,
      "p50": 6.883005204071049,
      "p75": 17.167619410383818,
      "p90": 33.726995425726344,
      "p95": 51.949051918252835,
      "p99": 94.41472712026531
    },
    "upload_throughput_mbps": {
      "p1": 0.022623004587798135,
      "p5": 0.06957712687553724,
      "p10": 0.07657697520947923,
      "p25": 0.5930602637203386,
      "p50": 2.8900797780159557,
      "p75": 8.396029916823933,
      "p90": 19.525929768624895,
      "p95": 29.777160813326432,
      "p99": 59.33209306157743
    },
    "latency_ms": {
      "p1": 583.83,
      "p5": 361.299,
      "p10": 307.63,
      "p25": 57.746,
      "p50": 27.137,
      "p75": 12.0,
      "p90": 3.593,
      "p95": 2.59,
      "p99": 1.144
    },
    "packet_loss": {
      "p1": 0.3342179304991982,
      "p5": 0.2268838355056345,
      "p10": 0.17115752269011478,
      "p25": 0.0874632109281553,
      "p50": 0.00989685906839485,
      "p75": 1.1895745684818252e-05,
      "p90": 0.0,
      "p95": 0.0,
      "p99": 0.0
    }
  }
}