{
  "metrics": {
    "download_throughput_mbps": {
      "p1": 0.09634427540306399,
      "p5": 0.33675486042141517,
      "p10": 0.6798617857645913,
      "p25": 2.3915326328219817,
      "p50": 8.652912956120648,
      "p75": 27.267005743100853,
      "p90": 67.70120242516941,
      "p95": 110.88153978204926,
      "p99": 242.42471051017094
    },
    "upload_throughput_mbps": {
      "p1": 0.029242409212938816,
      "p5": 0.07643692723552513,
      "p10": 0.0894483046603641,
      "p25": 0.9029638892402706,
      "p50": 5.016466194230797,
      "p75": 11.839778377374637,
      "p90": 22.443817225966846,
      "p95": 35.40720091967485,
      "p99": 92.11808380342804
    },
    "latency_ms": {
      "p1": 537.322,
      "p5": 223.156,
      "p10": 162.877,
      "p25": 52.183,
      "p50": 30.593,
      "p75": 13.824,
      "p90": 4.0,
      "p95": 3.07,
      "p99": 1.853
    },
    "packet_loss": {
      "p1": 0.3441034760796034,
      "p5": 0.20237109029036185,
      "p10": 0.14257481397286184,
      "p25": 0.07321731392784817,
      "p50": 0.010041905644709654,
      "p75": 3.9047815802252555e-05,
      "p90": 0.0,
      "p95": 0.0,
      "p99": 0.0
    }
  }
}