{
  "metrics": {
    "download_throughput_mbps": {
      "p1": 0.007586419897825315,
      "p5": 0.058316965924818324,
      "p10": 0.14077848023148556,
      "p25": 0.5438809835910232,
      "p50": 3.0800881218016953,
      "p75": 9.474400864641959,
      "p90": 23.29034710691576,
      "p95": 36.54791779710111,
      "p99": 78.60269155773373
    },
    "upload_throughput_mbps": {
      "p1": 0.009091376233632159,
      "p5": 0.04993356005315196,
      "p10": 0.09719264165034311,
      "p25": 0.27756632282000593,
      "p50": 0.87530009399812,
      "p75": 6.452563582196295,
      "p90": 13.430167132963776,
      "p95": 26.663633379398583,
      "p99": 78.76258653557238
    },
    "latency_ms": {
      "p1": 1006.605,
      "p5": 550.965,
      "p10": 296.772,
      "p25": 188.024,
      "p50": 72.7,
      "p75": 52.348,
      "p90": 34.76,
      "p95": 32.187,
      "p99": 17.306
    },
    "packet_loss": {
      "p1": 0.33933985447073856,
      "p5": 0.22962670948966046,
      "p10": 0.1654277126678573,
      "p25": 0.0941511079974471,
      "p50": 0.03787644165512796,
      "p75": 0.005677905933961217,
      "p90": 0.0,
      "p95": 0.0,
      "p99": 0.0
    }
  }
}