{
  "metrics": {
    "download_throughput_mbps": {
      "p1": 0.013554938313699293,
      "p5": 0.05059725481703061,
      "p10": 0.09894774524565872,
      "p25": 0.47897272167498794,
      "p50": 2.79860243879362,
      "p75": 11.127955128542279,
      "p90": 34.85527023506984,
      "p95": 48.68767294156353,
      "p99": 102.50339385111211
    },
    "upload_throughput_mbps": {
      "p1": 0.009092176287461888,
      "p5": 0.03884702882427939,
      "p10": 0.0765476945751386,
      "p25": 0.21839277338268082,
      "p50": 0.6438696015534556,
      "p75": 3.7060366414775383,
      "p90": 18.02869785672551,
      "p95": 30.51292562462144,
      "p99": 85.91866401960715
    },
    "latency_ms": {
      "p1": 1113.922,
      "p5": 782.692,
      "p10": 506.36,
      "p25": 173.803,
      "p50": 75.595,
      "p75": 47.603,
      "p90": 20.711,
      "p95": 11.651,
      "p99": 4.153
    },
    "packet_loss": {
      "p1": 0.3459238710412209,
      "p5": 0.26193979588772537,
      "p10": 0.2102045755455155,
      "p25": 0.13045662690380833,
      "p50": 0.055966060475728906,
      "p75": 0.005809352329945757,
      "p90": 0.0,
      "p95": 0.0,
      "p99": 0.0
    }
  }
}