{
  "metrics": {
    "download_throughput_mbps": {
      "p1": 0.08146484827694904,
      "p5": 0.2765832493908307,
      "p10": 0.47943740458274436,
      "p25": 1.405068938005893,
      "p50": 6.377554814331658,
      "p75": 24.440134001514235,
      "p90": 62.016157739340365,
      "p95": 87.73969050954399,
      "p99": 191.39077046456666
    },
    "upload_throughput_mbps": {
      "p1": 0.05406228106298166,
      "p5": 0.1950883714939671,
      "p10": 0.4220564574099438,
      "p25": 1.253137841053762,
      "p50": 4.547473018927373,
      "p75": 9.3830248155733,
      "p90": 13.51314828638183,
      "p95": 16.528708311731513,
      "p99": 24.879529970613163
    },
    "latency_ms": {
      "p1": 396.006,
      "p5": 253.732,
      "p10": 168.032,
      "p25": 61.148,
      "p50": 39.677,
      "p75": 28.311,
      "p90": 23.528,
      "p95": 22.582,
      "p99": 19.513
    },
    "packet_loss": {
      "p1": 0.36722276307637847,
      "p5": 0.24619905355979368,
      "p10": 0.20754962047792092,
      "p25": 0.13054456999091288,
      "p50": 0.04662210142265971,
      "p75": 0.006085429810596635,
      "p90": 0.0009967046749741286,
      "p95": 0.00012258392234349908,
      "p99": 0.0
    }
  }
}