{
  "metrics": {
    "download_throughput_mbps": {
      "p1": 1.6497004815786382,
      "p5": 1.6497004815786382,
      "p10": 11.462044146329147,
      "p25": 17.319532300249065,
      "p50": 20.57204405058921,
      "p75": 32.32974604164748,
      "p90": 32.79322261973877,
      "p95": 189.6327211308888,
      "p99": 189.6327211308888
    },
    "upload_throughput_mbps": {
      "p1": 3.2159120326647823,
      "p5": 3.2159120326647823,
      "p10": 3.2159120326647823,
      "p25": 4.840147362835833,
      "p50": 7.773592301746267,
      "p75": 16.841999834805055,
      "p90": 24.818937383525494,
      "p95": 24.818937383525494,
      "p99": 24.818937383525494
    },
    "latency_ms": {
      "p1": 336.967,
      "p5": 336.967,
      "p10": 332.157,
      "p25": 331.131,
      "p50": 327.281,
      "p75": 326.166,
      "p90": 325.063,
      "p95": 33.097,
      "p99": 33.097
    },
    "packet_loss": {
      "p1": 0.028845039755277718,
      "p5": 0.028845039755277718,
      "p10": 0.006484507974221787,
      "p25": 0.0,
      "p50": 0.0,
      "p75": 0.0,
      "p90": 0.0,
      "p95": 0.0,
      "p99": 0.0
    }
  }
}