{
  "metrics": {
    "download_throughput_mbps": {
      "p1": 0.17141624195673885,
      "p5": 1.2739525486656211,
      "p10": 4.20270765044042,
      "p25": 13.214340757378812,
      "p50": 38.64964272184128,
      "p75": 81.83960779760781,
      "p90": 119.92321628166307,
      "p95": 146.47942971094187,
      "p99": 185.2841412903191
    },
    "upload_throughput_mbps": {
      "p1": 0.11218085340937486,
      "p5": 0.7408727351705758,
      "p10": 1.8883120415330097,
      "p25": 7.20893284706303,
      "p50": 17.64742076890593,
      "p75": 22.64652150119007,
      "p90": 57.66456030489682,
      "p95": 108.78467848076761,
      "p99": 114.49580190650352
    },
    "latency_ms": {
      "p1": 290.365,
      "p5": 146.92,
      "p10": 136.963,
      "p25": 113.359,
      "p50": 101.165,
      "p75": 94.65,
      "p90": 90.132,
      "p95": 87.389,
      "p99": 43.269
    },
    "packet_loss": {
      "p1": 0.3143536047534682,
      "p5": 0.21335836883557208,
      "p10": 0.1669457424593582,
      "p25": 0.10056262515501276,
      "p50": 0.020319299550475296,
      "p75": 0.0,
      "p90": 0.0,
      "p95": 0.0,
      "p99": 0.0
    }
  }
}