{
  "metrics": {
    "download_throughput_mbps": {
      "p1": 0.1981991387396399,
      "p5": 1.3315263255916254,
      "p10": 3.7388237436622744,
      "p25": 10.998152170389341,
      "p50": 35.77366396577135,
      "p75": 77.90388801816925,
      "p90": 130.6247443317812,
      "p95": 165.03332782052593,
      "p99": 190.4358899797407
    },
    "upload_throughput_mbps": {
      "p1": 0.09709346560976446,
      "p5": 0.49350087279022475,
      "p10": 1.558819394378154,
      "p25": 6.437320314835907,
      "p50": 14.45896833294404,
      "p75": 23.91642607351476,
      "p90": 35.923575943908254,
      "p95": 48.45615566962703,
      "p99": 95.82005403794656
    },
    "latency_ms": {
      "p1": 257.273,
      "p5": 148.0,
      "p10": 136.0,
      "p25": 111.195,
      "p50": 101.461,
      "p75": 95.0,
      "p90": 88.36,
      "p95": 81.752,
      "p99": 45.773
    },
    "packet_loss": {
      "p1": 0.3011211400002994,
      "p5": 0.21660829217049038,
      "p10": 0.1731574822794269,
      "p25": 0.09124896308829117,
      "p50": 0.010478221953055072,
      "p75": 0.0,
      "p90": 0.0,
      "p95": 0.0,
      "p99": 0.0
    }
  }
}