{
  "metrics": {
    "download_throughput_mbps": {
      "p1": 0.38584610217456183,
      "p5": 2.9097885297756787,
      "p10": 8.08508644415817,
      "p25": 33.69229844205555,
      "p50": 93.77416305261926,
      "p75": 269.53193491097096,
      "p90": 634.4551311842033,
      "p95": 780.3277506694097,
      "p99": 927.4208498339613
    },
    "upload_throughput_mbps": {
      "p1": 0.062381540477996766,
      "p5": 0.088307188898086,
      "p10": 0.9874114657757663,
      "p25": 12.256410005140744,
      "p50": 45.66885975679449,
      "p75": 107.22652648811962,
      "p90": 373.1365174112836,
      "p95": 507.70533864384066,
      "p99": 899.397792790446
    },
    "latency_ms": {
      "p1": 231.899,
      "p5": 58.845,
      "p10": 25.051,
      "p25": 12.931,
      "p50": 8.196,
      "p75": 5.206,
      "p90": 3.0,
      "p95": 1.0,
      "p99": 0.314
    },
    "packet_loss": {
      "p1": 0.2676009440995253,
      "p5": 0.11903607149381261,
      "p10": 0.07781301559002012,
      "p25": 0.02278876135144308,
      "p50": 0.0011533015996185662,
      "p75": 0.0,
      "p90": 0.0,
      "p95": 0.0,
      "p99": 0.0
    }
  }
}