{
  "metrics": {
    "download_throughput_mbps": {
      "p1": 0.1433118065290612,
      "p5": 0.6283910436892005,
      "p10": 1.6521143273916497,
      "p25": 6.640173990575433,
      "p50": 20.551226584251438,
      "p75": 44.8997401928319,
      "p90": 90.85244458746097,
      "p95": 122.70796161777491,
      "p99": 190.54951224770863
    },
    "upload_throughput_mbps": {
      "p1": 0.05520247132737848,
      "p5": 0.3463338280820406,
      "p10": 0.8724633256447222,
      "p25": 4.811995641962588,
      "p50": 17.584812054150035,
      "p75": 37.47447666995965,
      "p90": 65.8594793640178,
      "p95": 83.36243336693632,
      "p99": 136.4344239270835
    },
    "latency_ms": {
      "p1": 285.27,
      "p5": 234.012,
      "p10": 208.629,
      "p25": 156.0,
      "p50": 91.0,
      "p75": 68.859,
      "p90": 39.652,
      "p95": 25.39,
      "p99": 17.887
    },
    "packet_loss": {
      "p1": 0.327419625196956,
      "p5": 0.21611353855870888,
      "p10": 0.17214452762698054,
      "p25": 0.0983906040532847,
      "p50": 0.023113496672466392,
      "p75": 0.00023407038195437735,
      "p90": 0.0,
      "p95": 0.0,
      "p99": 0.0
    }
  }
}