{
  "metrics": {
    "download_throughput_mbps": {
      "p1": 41.102587526374116,
      "p5": 41.102587526374116,
      "p10": 41.102587526374116,
      "p25": 41.102587526374116,
      "p50": 41.102587526374116,
      "p75": 50.838734374228125,
      "p90": 50.838734374228125,
      "p95": 50.838734374228125,
      "p99": 50.838734374228125
    },
    "upload_throughput_mbps": {
      "p1": 3.8572261696956702,
      "p5": 3.8572261696956702,
      "p10": 3.8572261696956702,
      "p25": 3.8572261696956702,
      "p50": 3.8572261696956702,
      "p75": 4.194310998672569,
      "p90": 4.194310998672569,
      "p95": 4.194310998672569,
      "p99": 4.194310998672569
    },
    "latency_ms": {
      "p1": 231.818,
      "p5": 231.818,
      "p10": 231.818,
      "p25": 231.818,
      "p50": 225.206,
      "p75": 225.206,
      "p90": 225.206,
      "p95": 225.206,
      "p99": 225.206
    },
    "packet_loss": {
      "p1": 0.12511390212068926,
      "p5": 0.12511390212068926,
      "p10": 0.12511390212068926,
      "p25": 0.12511390212068926,
      "p50": 0.0267367247234841,
      "p75": 0.0267367247234841,
      "p90": 0.0267367247234841,
      "p95": 0.0267367247234841,
      "p99": 0.0267367247234841
    }
  }
}