{
  "metrics": {
    "download_throughput_mbps": {
      "p1": 0.20472782647609425,
      "p5": 1.4666794869295547,
      "p10": 3.890332204309704,
      "p25": 14.031265416031022,
      "p50": 41.267353763865984,
      "p75": 91.63467665434005,
      "p90": 204.51704260604026,
      "p95": 312.7924250464805,
      "p99": 493.1851080339501
    },
    "upload_throughput_mbps": {
      "p1": 0.07178646526352818,
      "p5": 0.6676879963232132,
      "p10": 2.0635470493384456,
      "p25": 8.00537119785152,
      "p50": 21.250403646865813,
      "p75": 45.459544327106656,
      "p90": 75.29735868014806,
      "p95": 107.7301210255401,
      "p99": 210.639826475939
    },
    "latency_ms": {
      "p1": 254.011,
      "p5": 123.515,
      "p10": 62.563,
      "p25": 40.187,
      "p50": 29.307,
      "p75": 22.711,
      "p90": 19.898,
      "p95": 18.727,
      "p99": 17.0
    },
    "packet_loss": {
      "p1": 0.2376126660164122,
      "p5": 0.15120985369145806,
      "p10": 0.1139298377770081,
      "p25": 0.05724719151187793,
      "p50": 0.004555250191963413,
      "p75": 0.0,
      "p90": 0.0,
      "p95": 0.0,
      "p99": 0.0
    }
  }
}