{
  "metrics": {
    "download_throughput_mbps": {
      "p1": 0.33968667584657664,
      "p5": 1.648691987009591,
      "p10": 5.2583855042626375,
      "p25": 20.12081426670427,
      "p50": 62.97791950027307,
      "p75": 121.38279445617788,
      "p90": 177.90244706756155,
      "p95": 198.66697812517313,
      "p99": 256.4509648655024
    },
    "upload_throughput_mbps": {
      "p1": 0.07753429207931138,
      "p5": 0.9919208924636929,
      "p10": 2.3671517168821654,
      "p25": 5.991564227693656,
      "p50": 12.732504125640244,
      "p75": 26.938467206042763,
      "p90": 72.12069869645408,
      "p95": 133.38944317144626,
      "p99": 210.4010848634016
    },
    "latency_ms": {
      "p1": 232.473,
      "p5": 137.0,
      "p10": 123.774,
      "p25": 114.164,
      "p50": 106.207,
      "p75": 97.0,
      "p90": 85.0,
      "p95": 26.0,
      "p99": 19.386
    },
    "packet_loss": {
      "p1": 0.3175516282957368,
      "p5": 0.19168725402674733,
      "p10": 0.1346340045516754,
      "p25": 0.05676027821044371,
      "p50": 0.005847307094327195,
      "p75": 0.0,
      "p90": 0.0,
      "p95": 0.0,
      "p99": 0.0
    }
  }
}