{
  "metrics": {
    "download_throughput_mbps": {
      "p1": 0.1346718585088063,
      "p5": 0.5718605064724556,
      "p10": 1.4495602513704464,
      "p25": 6.722923120491677,
      "p50": 27.170551119327673,
      "p75": 90.04922650927708,
      "p90": 210.21673842400148,
      "p95": 327.2841976870761,
      "p99": 729.4648143992989
    },
    "upload_throughput_mbps": {
      "p1": 0.03651890832054899,
      "p5": 0.07550363003221285,
      "p10": 0.08929480344963378,
      "p25": 2.6847775587815006,
      "p50": 17.268472733505178,
      "p75": 55.812512568497375,
      "p90": 164.7468920431625,
      "p95": 260.40968846477574,
      "p99": 624.1920527483463
    },
    "latency_ms": {
      "p1": 298.98,
      "p5": 163.91,
      "p10": 150.905,
      "p25": 117.505,
      "p50": 25.674,
      "p75": 8.338,
      "p90": 3.222,
      "p95": 2.228,
      "p99": 1.014
    },
    "packet_loss": {
      "p1": 0.33654169105722265,
      "p5": 0.1966287682675116,
      "p10": 0.13461466358912663,
      "p25": 0.05494259224438081,
      "p50": 0.002765812014680503,
      "p75": 0.0,
      "p90": 0.0,
      "p95": 0.0,
      "p99": 0.0
    }
  }
}