{
  "metrics": {
    "download_throughput_mbps": {
      "p1": 0.09592188529947797,
      "p5": 0.41016787449859443,
      "p10": 0.9503376178767289,
      "p25": 3.349219524428182,
      "p50": 8.01639301970774,
      "p75": 24.85975110734763,
      "p90": 46.26959601247377,
      "p95": 56.218137778385724,
      "p99": 68.98097312217891
    },
    "upload_throughput_mbps": {
      "p1": 0.02653892752999773,
      "p5": 0.07565045671636389,
      "p10": 0.1416335785934804,
      "p25": 0.49950281789855566,
      "p50": 2.9838886296260707,
      "p75": 9.158876826285208,
      "p90": 20.619967424993643,
      "p95": 29.692617942397927,
      "p99": 43.441481142109794
    },
    "latency_ms": {
      "p1": 483.102,
      "p5": 321.737,
      "p10": 303.696,
      "p25": 287.197,
      "p50": 270.514,
      "p75": 255.0,
      "p90": 236.353,
      "p95": 183.849,
      "p99": 159.156
    },
    "packet_loss": {
      "p1": 0.3563722974353353,
      "p5": 0.27097688659345714,
      "p10": 0.2201607414608879,
      "p25": 0.1515541154485762,
      "p50": 0.05823854351086163,
      "p75": 0.0011998496033391937,
      "p90": 0.0,
      "p95": 0.0,
      "p99": 0.0
    }
  }
}