{
  "metrics": {
    "download_throughput_mbps": {
      "p1": 0.1222333980255894,
      "p5": 0.39253293362607666,
      "p10": 0.9068173132794187,
      "p25": 4.293667353931822,
      "p50": 23.391466727082985,
      "p75": 80.08509493652849,
      "p90": 194.1616769778115,
      "p95": 283.73151986698593,
      "p99": 472.9384436920865
    },
    "upload_throughput_mbps": {
      "p1": 0.030101325382683838,
      "p5": 0.07820348385700654,
      "p10": 0.08963156080535205,
      "p25": 0.9801101553313942,
      "p50": 10.953353341981993,
      "p75": 54.101838508345345,
      "p90": 146.46724397970615,
      "p95": 234.16111999505782,
      "p99": 388.8639092258857
    },
    "latency_ms": {
      "p1": 353.0,
      "p5": 205.331,
      "p10": 124.973,
      "p25": 77.346,
      "p50": 47.743,
      "p75": 24.487,
      "p90": 7.055,
      "p95": 4.742,
      "p99": 2.71
    },
    "packet_loss": {
      "p1": 0.41640861384019734,
      "p5": 0.3164972265570523,
      "p10": 0.23665956393685475,
      "p25": 0.1131221064349348,
      "p50": 0.019251879701392347,
      "p75": 4.517004791204063e-05,
      "p90": 0.0,
      "p95": 0.0,
      "p99": 0.0
    }
  }
}