{
  "metrics": {
    "download_throughput_mbps": {
      "p1": 0.5370530947104094,
      "p5": 2.576842078560119,
      "p10": 6.006703777157887,
      "p25": 27.47578091860495,
      "p50": 65.7266384499603,
      "p75": 97.9771623990956,
      "p90": 113.77253557973263,
      "p95": 115.3501308725802,
      "p99": 116.26659575300395
    },
    "upload_throughput_mbps": {
      "p1": 0.07576056031297726,
      "p5": 0.157562409500637,
      "p10": 2.0963004362892583,
      "p25": 6.865483275897811,
      "p50": 8.764641827129315,
      "p75": 9.876139542032274,
      "p90": 14.165673509291496,
      "p95": 33.47636034648054,
      "p99": 98.60159324303676
    },
    "latency_ms": {
      "p1": 79.557,
      "p5": 59.091,
      "p10": 56.329,
      "p25": 48.848,
      "p50": 45.953,
      "p75": 42.716,
      "p90": 40.956,
      "p95": 37.371,
      "p99": 17.536
    },
    "packet_loss": {
      "p1": 0.16316621298420356,
      "p5": 0.097286749433023,
      "p10": 0.08405668164942073,
      "p25": 0.05843530840948385,
      "p50": 0.012530953971490037,
      "p75": 0.0,
      "p90": 0.0,
      "p95": 0.0,
      "p99": 0.0
    }
  }
}