{
  "metrics": {
    "download_throughput_mbps": {
      "p1": 1.0073040241916724,
      "p5": 3.50926899315549,
      "p10": 5.200867669799918,
      "p25": 21.25643514124361,
      "p50": 45.50557156256608,
      "p75": 99.77141492607998,
      "p90": 114.94518722660236,
      "p95": 116.79753126638288,
      "p99": 505.64809481166316
    },
    "upload_throughput_mbps": {
      "p1": 0.01631967720620821,
      "p5": 0.14238876402786593,
      "p10": 1.4364652640298514,
      "p25": 4.927365962741664,
      "p50": 8.652778249977901,
      "p75": 9.963502086203617,
      "p90": 33.549011015736106,
      "p95": 39.36494477951555,
      "p99": 204.2913092673249
    },
    "latency_ms": {
      "p1": 258.52,
      "p5": 67.769,
      "p10": 62.351,
      "p25": 46.369,
      "p50": 40.123,
      "p75": 37.581,
      "p90": 36.007,
      "p95": 34.0,
      "p99": 12.32
    },
    "packet_loss": {
      "p1": 0.23763357158021373,
      "p5": 0.16010416648766074,
      "p10": 0.10926934174159815,
      "p25": 0.05842049744351058,
      "p50": 0.005179896072171962,
      "p75": 0.0,
      "p90": 0.0,
      "p95": 0.0,
      "p99": 0.0
    }
  }
}