{
  "metrics": {
    "download_throughput_mbps": {
      "p1": 0.3930144185012035,
      "p5": 2.8808779614486846,
      "p10": 7.193770436392585,
      "p25": 24.629018590061442,
      "p50": 85.11756167692312,
      "p75": 195.4605868898438,
      "p90": 355.68245688153115,
      "p95": 432.88905740990333,
      "p99": 543.62088546995
    },
    "upload_throughput_mbps": {
      "p1": 0.07611190169365979,
      "p5": 0.4885190413314512,
      "p10": 1.4199812748482494,
      "p25": 5.727118911182808,
      "p50": 14.415656430203835,
      "p75": 31.30962673445847,
      "p90": 139.15587160584295,
      "p95": 235.3066151362628,
      "p99": 391.3058198577783
    },
    "latency_ms": {
      "p1": 246.026,
      "p5": 147.767,
      "p10": 125.552,
      "p25": 71.93,
      "p50": 45.842,
      "p75": 33.365,
      "p90": 28.907,
      "p95": 26.617,
      "p99": 0.619
    },
    "packet_loss": {
      "p1": 0.23722346145013484,
      "p5": 0.14727777236305425,
      "p10": 0.0938766486841713,
      "p25": 0.025334985251534124,
      "p50": 0.0015948965166537178,
      "p75": 0.0,
      "p90": 0.0,
      "p95": 0.0,
      "p99": 0.0
    }
  }
}