{
  "metrics": {
    "download_throughput_mbps": {
      "p1": 0.1241645459884225,
      "p5": 0.46053128564553625,
      "p10": 1.311954869600501,
      "p25": 9.824318848464346,
      "p50": 50.28398078348381,
      "p75": 98.51897658814184,
      "p90": 170.7638767668703,
      "p95": 199.51288406551,
      "p99": 320.1070692529883
    },
    "upload_throughput_mbps": {
      "p1": 0.07767569688574838,
      "p5": 0.3117003947894868,
      "p10": 0.679114732780443,
      "p25": 5.566991645431747,
      "p50": 36.735900687352334,
      "p75": 80.84130081375608,
      "p90": 122.26977618600716,
      "p95": 161.15871340105573,
      "p99": 218.28371099406576
    },
    "latency_ms": {
      "p1": 241.143,
      "p5": 125.837,
      "p10": 110.601,
      "p25": 98.648,
      "p50": 87.419,
      "p75": 80.0,
      "p90": 46.768,
      "p95": 44.416,
      "p99": 8.794
    },
    "packet_loss": {
      "p1": 0.32785427757961916,
      "p5": 0.2168648191134117,
      "p10": 0.1595514565198697,
      "p25": 0.09267324098262011,
      "p50": 0.04029290784571272,
      "p75": 0.0010072564690870225,
      "p90": 0.0,
      "p95": 0.0,
      "p99": 0.0
    }
  }
}