{
  "metrics": {
    "download_throughput_mbps": {
      "p1": 0.28030183766415134,
      "p5": 1.5494830461367426,
      "p10": 4.008078460864833,
      "p25": 17.51573738556867,
      "p50": 70.00276838348688,
      "p75": 234.02944329160388,
      "p90": 466.6348382041909,
      "p95": 597.6653101551316,
      "p99": 893.2797899603715
    },
    "upload_throughput_mbps": {
      "p1": 0.06361648993752866,
      "p5": 0.09584774304559106,
      "p10": 0.616607982141959,
      "p25": 6.845213842159004,
      "p50": 33.44044210089921,
      "p75": 98.9438608515757,
      "p90": 233.43143424884067,
      "p95": 351.14820253697724,
      "p99": 508.59608418665687
    },
    "latency_ms": {
      "p1": 180.38,
      "p5": 71.734,
      "p10": 62.176,
      "p25": 37.41,
      "p50": 23.668,
      "p75": 10.764,
      "p90": 6.797,
      "p95": 4.387,
      "p99": 1.087
    },
    "packet_loss": {
      "p1": 0.2219856408101589,
      "p5": 0.11232057194426319,
      "p10": 0.06909450543585674,
      "p25": 0.01248928483401399,
      "p50": 0.00015652692533585095,
      "p75": 0.0,
      "p90": 0.0,
      "p95": 0.0,
      "p99": 0.0
    }
  }
}