{
  "metrics": {
    "download_throughput_mbps": {
      "p1": 0.2163750461867841,
      "p5": 1.1654312118603662,
      "p10": 3.134903708825254,
      "p25": 13.27783623592779,
      "p50": 51.510881530358205,
      "p75": 192.9739715942851,
      "p90": 390.74745670979127,
      "p95": 497.18449386116424,
      "p99": 802.1099964125469
    },
    "upload_throughput_mbps": {
      "p1": 0.05458772462182495,
      "p5": 0.08260449436337086,
      "p10": 0.44842355748958307,
      "p25": 5.95521799303599,
      "p50": 26.902167231762935,
      "p75": 87.96618806354728,
      "p90": 125.98934650227358,
      "p95": 204.17622778852666,
      "p99": 379.4333814361712
    },
    "latency_ms": {
      "p1": 236.293,
      "p5": 77.48,
      "p10": 66.153,
      "p25": 42.359,
      "p50": 27.649,
      "p75": 10.709,
      "p90": 6.78,
      "p95": 4.465,
      "p99": 1.831
    },
    "packet_loss": {
      "p1": 0.23842231755800633,
      "p5": 0.12564415991579012,
      "p10": 0.08128073790384086,
      "p25": 0.019589074638826438,
      "p50": 0.0003747278131943835,
      "p75": 0.0,
      "p90": 0.0,
      "p95": 0.0,
      "p99": 0.0
    }
  }
}