{
  "metrics": {
    "download_throughput_mbps": {
      "p1": 0.4457158070632363,
      "p5": 0.6530437651661757,
      "p10": 0.7719182416116838,
      "p25": 2.9440312650907203,
      "p50": 6.518239108902969,
      "p75": 9.330997018635108,
      "p90": 24.32583279054788,
      "p95": 30.193065299870018,
      "p99": 37.70239656191725
    },
    "upload_throughput_mbps": {
      "p1": 0.11119428461377086,
      "p5": 0.15597199409387286,
      "p10": 0.3292960852380079,
      "p25": 0.5087009456888842,
      "p50": 0.7042022585988832,
      "p75": 2.6053615205176914,
      "p90": 4.029826636599638,
      "p95": 15.94667460263651,
      "p99": 57.867084150387335
    },
    "latency_ms": {
      "p1": 486.745,
      "p5": 315.108,
      "p10": 281.047,
      "p25": 243.033,
      "p50": 135.753,
      "p75": 104.848,
      "p90": 83.888,
      "p95": 82.835,
      "p99": 80.124
    },
    "packet_loss": {
      "p1": 0.37433184312446416,
      "p5": 0.3295692493067155,
      "p10": 0.2608355577238973,
      "p25": 0.11873169354795655,
      "p50": 0.07451134469730221,
      "p75": 0.006892057776635855,
      "p90": 0.0,
      "p95": 0.0,
      "p99": 0.0
    }
  }
}