{
  "metrics": {
    "download_throughput_mbps": {
      "p1": 0.2922589814038067,
      "p5": 1.7915905052574783,
      "p10": 4.699334043360633,
      "p25": 17.85288644099547,
      "p50": 53.072901907038165,
      "p75": 109.76787077414077,
      "p90": 209.47932020622596,
      "p95": 299.58672205559657,
      "p99": 364.11240828228074
    },
    "upload_throughput_mbps": {
      "p1": 0.09068480197374264,
      "p5": 0.7262092415747163,
      "p10": 2.333659455187177,
      "p25": 6.3996392003608,
      "p50": 18.886628523312055,
      "p75": 33.429593454178985,
      "p90": 75.71507077573679,
      "p95": 114.69414812925936,
      "p99": 239.74479688884787
    },
    "latency_ms": {
      "p1": 268.28,
      "p5": 185.756,
      "p10": 177.587,
      "p25": 166.375,
      "p50": 43.755,
      "p75": 31.029,
      "p90": 24.528,
      "p95": 21.877,
      "p99": 18.251
    },
    "packet_loss": {
      "p1": 0.26866728423915354,
      "p5": 0.17850424037180423,
      "p10": 0.12656470034106831,
      "p25": 0.05460859075911898,
      "p50": 0.007087319844763081,
      "p75": 2.612653260442566e-05,
      "p90": 0.0,
      "p95": 0.0,
      "p99": 0.0
    }
  }
}