{
  "metrics": {
    "download_throughput_mbps": {
      "p1": 0.19348750791641825,
      "p5": 1.9930966944070543,
      "p10": 5.754144265582758,
      "p25": 19.519355055424924,
      "p50": 62.093232582897976,
      "p75": 152.53712633172603,
      "p90": 548.3586301732582,
      "p95": 738.3667999775621,
      "p99": 935.5212541381975
    },
    "upload_throughput_mbps": {
      "p1": 0.06355080080440406,
      "p5": 0.33331696744404643,
      "p10": 1.7201397539407535,
      "p25": 6.569410844268522,
      "p50": 32.5473628974022,
      "p75": 97.27090225947755,
      "p90": 372.18366102659655,
      "p95": 532.092588531581,
      "p99": 923.2941223527469
    },
    "latency_ms": {
      "p1": 315.659,
      "p5": 223.0,
      "p10": 159.178,
      "p25": 47.046,
      "p50": 5.309,
      "p75": 3.058,
      "p90": 1.534,
      "p95": 1.082,
      "p99": 0.853
    },
    "packet_loss": {
      "p1": 0.22440674710441158,
      "p5": 0.11286059277891673,
      "p10": 0.07558081765723738,
      "p25": 0.017205889287296352,
      "p50": 0.00026808171161033715,
      "p75": 0.0,
      "p90": 0.0,
      "p95": 0.0,
      "p99": 0.0
    }
  }
}