{
  "metrics": {
    "download_throughput_mbps": {
      "p1": 0.7189199108664307,
      "p5": 5.307511095315817,
      "p10": 12.660875654265562,
      "p25": 29.640050102563194,
      "p50": 51.74971754213042,
      "p75": 169.9582243416766,
      "p90": 333.7027901043693,
      "p95": 420.4229495233598,
      "p99": 660.9698871799138
    },
    "upload_throughput_mbps": {
      "p1": 0.07526852581370724,
      "p5": 0.8253579579497903,
      "p10": 3.1275852407211526,
      "p25": 12.397453133243706,
      "p50": 18.07101164727654,
      "p75": 83.66317533472987,
      "p90": 247.86442723982682,
      "p95": 357.2663049309284,
      "p99": 479.98726895149946
    },
    "latency_ms": {
      "p1": 183.074,
      "p5": 69.559,
      "p10": 60.36,
      "p25": 48.265,
      "p50": 37.737,
      "p75": 31.0,
      "p90": 20.575,
      "p95": 7.617,
      "p99": 7.0
    },
    "packet_loss": {
      "p1": 0.227361321265248,
      "p5": 0.10617995315060899,
      "p10": 0.05026828572617338,
      "p25": 0.0121586903469836,
      "p50": 0.00021379482293338426,
      "p75": 0.0,
      "p90": 0.0,
      "p95": 0.0,
      "p99": 0.0
    }
  }
}