{
  "metrics": {
    "download_throughput_mbps": {
      "p1": 0.2817118426754397,
      "p5": 1.520051129178359,
      "p10": 4.092234258488196,
      "p25": 18.582321738392626,
      "p50": 57.591207071811006,
      "p75": 178.72379924256893,
      "p90": 341.4589972699578,
      "p95": 434.35773492982275,
      "p99": 682.7850509640768
    },
    "upload_throughput_mbps": {
      "p1": 0.05188773482819712,
      "p5": 0.089680430971626,
      "p10": 0.38509983955473315,
      "p25": 4.3581492947502305,
      "p50": 26.762216187611074,
      "p75": 89.2002062278738,
      "p90": 289.0725753001988,
      "p95": 394.116660006712,
      "p99": 599.5528137141139
    },
    "latency_ms": {
      "p1": 195.325,
      "p5": 80.15,
      "p10": 65.434,
      "p25": 53.43,
      "p50": 39.54,
      "p75": 30.029,
      "p90": 13.975,
      "p95": 7.63,
      "p99": 7.0
    },
    "packet_loss": {
      "p1": 0.3088738029991444,
      "p5": 0.1705365986213743,
      "p10": 0.11479606210645728,
      "p25": 0.040498146954967985,
      "p50": 0.0034959388210706313,
      "p75": 0.0,
      "p90": 0.0,
      "p95": 0.0,
      "p99": 0.0
    }
  }
}