{
  "metrics": {
    "download_throughput_mbps": {
      "p1": 0.2950483724502959,
      "p5": 1.6781899653055694,
      "p10": 3.9912867503784475,
      "p25": 12.295526959283226,
      "p50": 37.51435653073781,
      "p75": 122.53967470527428,
      "p90": 368.00069114567594,
      "p95": 843.2881274109076,
      "p99": 920.3416318918405
    },
    "upload_throughput_mbps": {
      "p1": 0.04825482843782103,
      "p5": 0.07566526296926798,
      "p10": 0.1849051113720867,
      "p25": 2.687574145314016,
      "p50": 12.133512781696266,
      "p75": 52.86218915054633,
      "p90": 314.95259432056633,
      "p95": 905.5414839336257,
      "p99": 909.0633646683177
    },
    "latency_ms": {
      "p1": 132.95,
      "p5": 46.413,
      "p10": 35.072,
      "p25": 18.856,
      "p50": 6.522,
      "p75": 2.3,
      "p90": 0.529,
      "p95": 0.449,
      "p99": 0.355
    },
    "packet_loss": {
      "p1": 0.2589855495960862,
      "p5": 0.12630194057669114,
      "p10": 0.09375661346023942,
      "p25": 0.0351585350206287,
      "p50": 0.0010474127789667092,
      "p75": 0.0,
      "p90": 0.0,
      "p95": 0.0,
      "p99": 0.0
    }
  }
}