{
  "metrics": {
    "download_throughput_mbps": {
      "p1": 0.1319786014467313,
      "p5": 0.5143042561400281,
      "p10": 1.885266585165284,
      "p25": 9.604596581630247,
      "p50": 34.09399101015377,
      "p75": 81.4836986749218,
      "p90": 154.1624188652607,
      "p95": 260.11903284810944,
      "p99": 473.5463509712091
    },
    "upload_throughput_mbps": {
      "p1": 0.04976527661841541,
      "p5": 0.23915694114265904,
      "p10": 0.7185559094326597,
      "p25": 5.483207396973445,
      "p50": 24.391643359894886,
      "p75": 71.77922347660045,
      "p90": 119.16844599572961,
      "p95": 220.87408238148453,
      "p99": 380.9661744194372
    },
    "latency_ms": {
      "p1": 400.372,
      "p5": 170.0,
      "p10": 129.672,
      "p25": 99.008,
      "p50": 51.586,
      "p75": 31.357,
      "p90": 18.664,
      "p95": 14.739,
      "p99": 6.0
    },
    "packet_loss": {
      "p1": 0.3888090609415941,
      "p5": 0.2322232076352555,
      "p10": 0.1673829152780214,
      "p25": 0.08717452266476788,
      "p50": 0.028386145678954262,
      "p75": 0.0011632509360402976,
      "p90": 0.0,
      "p95": 0.0,
      "p99": 0.0
    }
  }
}