{
  "metrics": {
    "download_throughput_mbps": {
      "p1": 0.05788046370641781,
      "p5": 0.361459813327939,
      "p10": 1.0096006375105049,
      "p25": 4.06192111446121,
      "p50": 11.731686073215291,
      "p75": 25.98128076409873,
      "p90": 61.39109459129685,
      "p95": 91.53336185243784,
      "p99": 189.69719185811346
    },
    "upload_throughput_mbps": {
      "p1": 0.01844791818951054,
      "p5": 0.09001929630578435,
      "p10": 0.11850343822837996,
      "p25": 1.0529653767226093,
      "p50": 6.030983522834809,
      "p75": 14.391863956905514,
      "p90": 26.164686598115665,
      "p95": 39.307921592846306,
      "p99": 89.18991990707556
    },
    "latency_ms": {
      "p1": 470.834,
      "p5": 207.551,
      "p10": 189.502,
      "p25": 127.253,
      "p50": 32.333,
      "p75": 17.386,
      "p90": 1.772,
      "p95": 1.616,
      "p99": 1.0
    },
    "packet_loss": {
      "p1": 0.31511269064644903,
      "p5": 0.18392823815341877,
      "p10": 0.138691576229752,
      "p25": 0.06929155371750771,
      "p50": 0.005274432222642783,
      "p75": 0.0001552836252560824,
      "p90": 0.0,
      "p95": 0.0,
      "p99": 0.0
    }
  }
}