{
  "metrics": {
    "download_throughput_mbps": {
      "p1": 0.0755411098438149,
      "p5": 0.30278262786097293,
      "p10": 0.7494276523498065,
      "p25": 4.1351447489750095,
      "p50": 21.48244347465133,
      "p75": 68.31863129362493,
      "p90": 132.48542628597255,
      "p95": 176.23202974730094,
      "p99": 257.0375305861848
    },
    "upload_throughput_mbps": {
      "p1": 0.032211760708463544,
      "p5": 0.18834612736915662,
      "p10": 0.5305630095172382,
      "p25": 2.4597760595691867,
      "p50": 9.614731859470067,
      "p75": 29.19303887592918,
      "p90": 65.04155216840704,
      "p95": 87.57461416671549,
      "p99": 144.16202858725674
    },
    "latency_ms": {
      "p1": 406.851,
      "p5": 180.751,
      "p10": 149.067,
      "p25": 132.698,
      "p50": 118.974,
      "p75": 104.909,
      "p90": 57.396,
      "p95": 41.433,
      "p99": 32.0
    },
    "packet_loss": {
      "p1": 0.3212251528148648,
      "p5": 0.17819555301849893,
      "p10": 0.11555957154843652,
      "p25": 0.03247609402585864,
      "p50": 0.0011442352265433901,
      "p75": 0.0,
      "p90": 0.0,
      "p95": 0.0,
      "p99": 0.0
    }
  }
}