{
  "metrics": {
    "download_throughput_mbps": {
      "p1": 0.08862404845706802,
      "p5": 0.289598124279616,
      "p10": 0.4120475016969749,
      "p25": 3.8094880990879334,
      "p50": 23.037057658849285,
      "p75": 47.85013262519897,
      "p90": 71.63813867698968,
      "p95": 132.00445998655925,
      "p99": 269.09172549788207
    },
    "upload_throughput_mbps": {
      "p1": 0.022573283528228454,
      "p5": 0.10814523065797454,
      "p10": 0.2894983243347235,
      "p25": 2.116367210022433,
      "p50": 6.495680188241261,
      "p75": 9.108632540626738,
      "p90": 13.82833964082213,
      "p95": 22.976501777507977,
      "p99": 30.89797973737786
    },
    "latency_ms": {
      "p1": 433.143,
      "p5": 195.801,
      "p10": 127.0,
      "p25": 73.293,
      "p50": 51.98,
      "p75": 42.03,
      "p90": 35.818,
      "p95": 19.028,
      "p99": 1.19
    },
    "packet_loss": {
      "p1": 0.24829374853756253,
      "p5": 0.174123786021803,
      "p10": 0.14064406561962595,
      "p25": 0.05856932663833732,
      "p50": 0.005716647731498043,
      "p75": 0.0,
      "p90": 0.0,
      "p95": 0.0,
      "p99": 0.0
    }
  }
}