{
  "metrics": {
    "download_throughput_mbps": {
      "p1": 0.19155026168292572,
      "p5": 1.1450110224197048,
      "p10": 2.8636344583623536,
      "p25": 9.708339895803338,
      "p50": 13.750660061617118,
      "p75": 23.580446077836775,
      "p90": 51.98293200924773,
      "p95": 80.13898653005259,
      "p99": 125.3822746517302
    },
    "upload_throughput_mbps": {
      "p1": 0.049927187351848534,
      "p5": 0.22784559755880318,
      "p10": 0.6605869203789765,
      "p25": 3.606948553994463,
      "p50": 13.088898108226019,
      "p75": 13.897865994352877,
      "p90": 24.816325404161386,
      "p95": 39.20784529959119,
      "p99": 89.20047901087614
    },
    "latency_ms": {
      "p1": 397.264,
      "p5": 242.84,
      "p10": 181.295,
      "p25": 155.875,
      "p50": 111.236,
      "p75": 33.128,
      "p90": 32.816,
      "p95": 32.277,
      "p99": 5.0
    },
    "packet_loss": {
      "p1": 0.2943696651097611,
      "p5": 0.16344270215050313,
      "p10": 0.1130937812567642,
      "p25": 0.03569234719491741,
      "p50": 0.008773244708087175,
      "p75": 0.000824446887571459,
      "p90": 0.0,
      "p95": 0.0,
      "p99": 0.0
    }
  }
}