{
  "metrics": {
    "download_throughput_mbps": {
      "p1": 0.3631842796992293,
      "p5": 2.225730007868298,
      "p10": 6.473157480870206,
      "p25": 27.9280095590506,
      "p50": 92.23256886253763,
      "p75": 235.66104062843468,
      "p90": 450.8293186525808,
      "p95": 579.6149709896955,
      "p99": 876.7365311796002
    },
    "upload_throughput_mbps": {
      "p1": 0.06864797622428531,
      "p5": 0.19747357617937542,
      "p10": 2.226844361780051,
      "p25": 11.176043082772141,
      "p50": 58.59488743687146,
      "p75": 162.75784882735465,
      "p90": 331.4377513156355,
      "p95": 425.7333169874872,
      "p99": 835.5155266882078
    },
    "latency_ms": {
      "p1": 259.389,
      "p5": 101.717,
      "p10": 45.804,
      "p25": 27.009,
      "p50": 14.0,
      "p75": 5.158,
      "p90": 1.843,
      "p95": 1.0,
      "p99": 0.516
    },
    "packet_loss": {
      "p1": 0.2312338389101154,
      "p5": 0.12388832028391013,
      "p10": 0.08704175997722798,
      "p25": 0.041747895745509626,
      "p50": 0.0033278616364818604,
      "p75": 3.24892704380097e-06,
      "p90": 0.0,
      "p95": 0.0,
      "p99": 0.0
    }
  }
}