{
  "metrics": {
    "download_throughput_mbps": {
      "p1": 0.2515002368309499,
      "p5": 1.3826122370538088,
      "p10": 3.567792915710671,
      "p25": 17.413435984159648,
      "p50": 72.30280273729785,
      "p75": 267.3007069646539,
      "p90": 576.0197854100899,
      "p95": 830.0258154825543,
      "p99": 1574.1177345474853
    },
    "upload_throughput_mbps": {
      "p1": 0.04400738896011605,
      "p5": 0.08300416086796132,
      "p10": 0.10159269582500716,
      "p25": 2.9751229383569773,
      "p50": 28.325892613415135,
      "p75": 147.91539293067777,
      "p90": 447.3692606211683,
      "p95": 699.2159178770725,
      "p99": 1347.4937031327293
    },
    "latency_ms": {
      "p1": 367.807,
      "p5": 205.019,
      "p10": 112.16,
      "p25": 36.3,
      "p50": 6.065,
      "p75": 2.828,
      "p90": 0.663,
      "p95": 0.49,
      "p99": 0.211
    },
    "packet_loss": {
      "p1": 0.29792765212802697,
      "p5": 0.1478786284499466,
      "p10": 0.07907545566617388,
      "p25": 0.008405291003665022,
      "p50": 0.00014007283162777287,
      "p75": 0.0,
      "p90": 0.0,
      "p95": 0.0,
      "p99": 0.0
    }
  }
}