{
  "metrics": {
    "download_throughput_mbps": {
      "p1": 0.2187835936694514,
      "p5": 1.1195455343345864,
      "p10": 2.877266622891252,
      "p25": 13.653126199363246,
      "p50": 54.046925172338725,
      "p75": 200.69113209000196,
      "p90": 473.00370665014987,
      "p95": 694.820109517384,
      "p99": 995.8673281597113
    },
    "upload_throughput_mbps": {
      "p1": 0.04080203798208416,
      "p5": 0.07551993753869833,
      "p10": 0.08857389442372401,
      "p25": 2.156690467398457,
      "p50": 19.094245192660576,
      "p75": 110.95936232828973,
      "p90": 363.18942579912454,
      "p95": 539.2309227841394,
      "p99": 922.7540243411464
    },
    "latency_ms": {
      "p1": 352.819,
      "p5": 211.91,
      "p10": 116.139,
      "p25": 37.771,
      "p50": 6.394,
      "p75": 2.963,
      "p90": 0.841,
      "p95": 0.544,
      "p99": 0.188
    },
    "packet_loss": {
      "p1": 0.31838637488500654,
      "p5": 0.14489135978206963,
      "p10": 0.07915915216292307,
      "p25": 0.009402239324748266,
      "p50": 0.00020292972863332327,
      "p75": 0.0,
      "p90": 0.0,
      "p95": 0.0,
      "p99": 0.0
    }
  }
}