{
  "metrics": {
    "download_throughput_mbps": {
      "p1": 2.140786350472595,
      "p5": 2.140786350472595,
      "p10": 2.140786350472595,
      "p25": 2.929306865157102,
      "p50": 3.3843754654623064,
      "p75": 4.958650322319978,
      "p90": 31.170642167164296,
      "p95": 31.170642167164296,
      "p99": 31.170642167164296
    },
    "upload_throughput_mbps": {
      "p1": 26.61778215580693,
      "p5": 26.61778215580693,
      "p10": 26.61778215580693,
      "p25": 26.61778215580693,
      "p50": 26.61778215580693,
      "p75": 32.524414097165625,
      "p90": 32.524414097165625,
      "p95": 32.524414097165625,
      "p99": 32.524414097165625
    },
    "latency_ms": {
      "p1": 169.197,
      "p5": 169.197,
      "p10": 169.197,
      "p25": 149.529,
      "p50": 149.0,
      "p75": 148.755,
      "p90": 58.481,
      "p95": 58.481,
      "p99": 58.481
    },
    "packet_loss": {
      "p1": 0.15974207793051154,
      "p5": 0.15974207793051154,
      "p10": 0.15974207793051154,
      "p25": 0.15211970706096484,
      "p50": 0.11514116017113486,
      "p75": 0.1015356748728274,
      "p90": 0.09173482710079284,
      "p95": 0.09173482710079284,
      "p99": 0.09173482710079284
    }
  }
}