{
  "metrics": {
    "download_throughput_mbps": {
      "p1": 10.979331666741599,
      "p5": 10.979331666741599,
      "p10": 10.979331666741599,
      "p25": 10.979331666741599,
      "p50": 10.979331666741599,
      "p75": 10.979331666741599,
      "p90": 10.979331666741599,
      "p95": 10.979331666741599,
      "p99": 10.979331666741599
    },
    "upload_throughput_mbps": {
      "p1": 2.537420487495039,
      "p5": 2.537420487495039,
      "p10": 2.537420487495039,
      "p25": 2.537420487495039,
      "p50": 2.537420487495039,
      "p75": 2.537420487495039,
      "p90": 2.537420487495039,
      "p95": 2.537420487495039,
      "p99": 2.537420487495039
    },
    "latency_ms": {
      "p1": 57.0,
      "p5": 57.0,
      "p10": 57.0,
      "p25": 57.0,
      "p50": 57.0,
      "p75": 57.0,
      "p90": 57.0,
      "p95": 57.0,
      "p99": 57.0
    },
    "packet_loss": {
      "p1": 0.11882860702817394,
      "p5": 0.11882860702817394,
      "p10": 0.11882860702817394,
      "p25": 0.11882860702817394,
      "p50": 0.11882860702817394,
      "p75": 0.11882860702817394,
      "p90": 0.11882860702817394,
      "p95": 0.11882860702817394,
      "p99": 0.11882860702817394
    }
  }
}