{
  "metrics": {
    "download_throughput_mbps": {
      "p1": 0.6796087662518839,
      "p5": 4.996780071430798,
      "p10": 10.078446600687343,
      "p25": 26.336038866284333,
      "p50": 91.60836010555502,
      "p75": 300.9051829190938,
      "p90": 514.8339363699313,
      "p95": 693.8380844287336,
      "p99": 897.2788567092713
    },
    "upload_throughput_mbps": {
      "p1": 0.10834032554455501,
      "p5": 1.4134827701137507,
      "p10": 3.6372644146893407,
      "p25": 9.63935815700884,
      "p50": 35.036230103672146,
      "p75": 78.97102715926323,
      "p90": 136.1972234207812,
      "p95": 285.83876565762785,
      "p99": 417.65761185597034
    },
    "latency_ms": {
      "p1": 201.616,
      "p5": 76.503,
      "p10": 49.336,
      "p25": 39.544,
      "p50": 27.291,
      "p75": 20.22,
      "p90": 14.585,
      "p95": 14.0,
      "p99": 8.988
    },
    "packet_loss": {
      "p1": 0.22209931806355113,
      "p5": 0.15698340953035886,
      "p10": 0.13535892918445444,
      "p25": 0.053226387914555515,
      "p50": 0.0025329098291037417,
      "p75": 0.0,
      "p90": 0.0,
      "p95": 0.0,
      "p99": 0.0
    }
  }
}