{
  "metrics": {
    "download_throughput_mbps": {
      "p1": 0.6840377929984326,
      "p5": 4.510106752804615,
      "p10": 10.264406050756447,
      "p25": 27.859774702398806,
      "p50": 70.06123270202768,
      "p75": 93.38424467039856,
      "p90": 287.87218176829566,
      "p95": 441.51420852511507,
      "p99": 699.7250552727338
    },
    "upload_throughput_mbps": {
      "p1": 0.07543584912830174,
      "p5": 0.738116132748283,
      "p10": 1.5298727649363826,
      "p25": 6.867779442873237,
      "p50": 25.580628184032253,
      "p75": 65.66973916787583,
      "p90": 84.3860683264563,
      "p95": 92.50314491570794,
      "p99": 112.66936321636497
    },
    "latency_ms": {
      "p1": 221.984,
      "p5": 66.543,
      "p10": 49.455,
      "p25": 36.289,
      "p50": 19.921,
      "p75": 6.962,
      "p90": 2.626,
      "p95": 2.0,
      "p99": 1.0
    },
    "packet_loss": {
      "p1": 0.21627073396438604,
      "p5": 0.14607975195364742,
      "p10": 0.11352399873082444,
      "p25": 0.05264039294012254,
      "p50": 0.006296288119576223,
      "p75": 0.0,
      "p90": 0.0,
      "p95": 0.0,
      "p99": 0.0
    }
  }
}