{
  "metrics": {
    "download_throughput_mbps": {
      "p1": 59.22861770494087,
      "p5": 59.22861770494087,
      "p10": 59.22861770494087,
      "p25": 59.22861770494087,
      "p50": 59.22861770494087,
      "p75": 59.22861770494087,
      "p90": 59.22861770494087,
      "p95": 59.22861770494087,
      "p99": 59.22861770494087
    },
    "upload_throughput_mbps": {
      "p1": 0.40505294197292574,
      "p5": 0.40505294197292574,
      "p10": 0.40505294197292574,
      "p25": 0.40505294197292574,
      "p50": 0.40505294197292574,
      "p75": 0.40505294197292574,
      "p90": 0.40505294197292574,
      "p95": 0.40505294197292574,
      "p99": 0.40505294197292574
    },
    "latency_ms": {
      "p1": 45.884,
      "p5": 45.884,
      "p10": 45.884,
      "p25": 45.884,
      "p50": 45.884,
      "p75": 45.884,
      "p90": 45.884,
      "p95": 45.884,
      "p99": 45.884
    },
    "packet_loss": {
      "p1": 0.05903679687372821,
      "p5": 0.05903679687372821,
      "p10": 0.05903679687372821,
      "p25": 0.05903679687372821,
      "p50": 0.05903679687372821,
      "p75": 0.05903679687372821,
      "p90": 0.05903679687372821,
      "p95": 0.05903679687372821,
      "p99": 0.05903679687372821
    }
  }
}