{
  "metrics": {
    "download_throughput_mbps": {
      "p1": 0.348670831318288,
      "p5": 3.1901108015559916,
      "p10": 7.510098729383681,
      "p25": 20.02286073096184,
      "p50": 65.19043877584996,
      "p75": 211.15046705430444,
      "p90": 466.1632819625474,
      "p95": 643.7522667462123,
      "p99": 813.8545324878511
    },
    "upload_throughput_mbps": {
      "p1": 0.055292715612692604,
      "p5": 0.7233246727065056,
      "p10": 1.931310893759973,
      "p25": 5.854499608409712,
      "p50": 28.759789128238523,
      "p75": 68.58875591660446,
      "p90": 143.51733509368324,
      "p95": 183.06581790912807,
      "p99": 534.1395068465424
    },
    "latency_ms": {
      "p1": 259.944,
      "p5": 139.284,
      "p10": 45.349,
      "p25": 31.0,
      "p50": 20.041,
      "p75": 14.073,
      "p90": 10.0,
      "p95": 8.363,
      "p99": 5.0
    },
    "packet_loss": {
      "p1": 0.24830910133542963,
      "p5": 0.1448763078067012,
      "p10": 0.10316402678194375,
      "p25": 0.05665962826511176,
      "p50": 0.010201994682450885,
      "p75": 0.0002260810043095154,
      "p90": 0.0,
      "p95": 0.0,
      "p99": 0.0
    }
  }
}