{
  "metrics": {
    "download_throughput_mbps": {
      "p1": 0.0433021329642008,
      "p5": 0.14911073432505714,
      "p10": 0.28122744955234985,
      "p25": 0.9063626661229552,
      "p50": 2.870576846015573,
      "p75": 8.023997239667606,
      "p90": 20.160896643628003,
      "p95": 34.4498939998522,
      "p99": 66.11954535855529
    },
    "upload_throughput_mbps": {
      "p1": 0.020637885099703792,
      "p5": 0.16122022470484645,
      "p10": 0.3454693666610221,
      "p25": 0.690545200262352,
      "p50": 2.120077191237301,
      "p75": 8.107341399730204,
      "p90": 9.14160221296675,
      "p95": 15.794603849267922,
      "p99": 28.505905947804955
    },
    "latency_ms": {
      "p1": 358.9,
      "p5": 250.827,
      "p10": 241.146,
      "p25": 234.0,
      "p50": 227.187,
      "p75": 217.434,
      "p90": 205.624,
      "p95": 149.681,
      "p99": 56.67
    },
    "packet_loss": {
      "p1": 0.4187712092805832,
      "p5": 0.3601284643479709,
      "p10": 0.31777014111759033,
      "p25": 0.1977206493952847,
      "p50": 0.06255830998631641,
      "p75": 0.0,
      "p90": 0.0,
      "p95": 0.0,
      "p99": 0.0
    }
  }
}