{
  "metrics": {
    "download_throughput_mbps": {
      "p1": 0.0732509492161405,
      "p5": 0.25857014623178554,
      "p10": 0.6114041117730135,
      "p25": 2.443279433004748,
      "p50": 8.091974628823907,
      "p75": 15.73205041867765,
      "p90": 30.493010031901974,
      "p95": 48.01038739649226,
      "p99": 75.86432212910222
    },
    "upload_throughput_mbps": {
      "p1": 0.02752403588860283,
      "p5": 0.185844882141014,
      "p10": 0.38077334699362436,
      "p25": 1.5209008919284466,
      "p50": 2.9305243437079214,
      "p75": 5.015873263466537,
      "p90": 11.390944829768095,
      "p95": 17.13072330086166,
      "p99": 31.40113896094499
    },
    "latency_ms": {
      "p1": 711.279,
      "p5": 273.114,
      "p10": 210.481,
      "p25": 181.659,
      "p50": 172.674,
      "p75": 164.496,
      "p90": 160.931,
      "p95": 114.683,
      "p99": 47.781
    },
    "packet_loss": {
      "p1": 0.3345672628937702,
      "p5": 0.24768254032165996,
      "p10": 0.20699697174696033,
      "p25": 0.1386805523269329,
      "p50": 0.03470474548462897,
      "p75": 0.00012278514735743776,
      "p90": 0.0,
      "p95": 0.0,
      "p99": 0.0
    }
  }
}