{
  "metrics": {
    "download_throughput_mbps": {
      "p1": 0.08338045452122923,
      "p5": 0.2903062579031701,
      "p10": 0.6143926140268758,
      "p25": 1.9402716423498392,
      "p50": 6.41715614449789,
      "p75": 13.620238727135874,
      "p90": 25.65157567691966,
      "p95": 42.557361829908224,
      "p99": 88.19639469734317
    },
    "upload_throughput_mbps": {
      "p1": 0.07000673041647289,
      "p5": 0.19402687784977202,
      "p10": 0.5368902685486088,
      "p25": 1.7122145434621505,
      "p50": 5.238034783394751,
      "p75": 10.39197183092958,
      "p90": 17.832028729938497,
      "p95": 24.593585219574205,
      "p99": 54.836788402456385
    },
    "latency_ms": {
      "p1": 483.766,
      "p5": 417.049,
      "p10": 334.766,
      "p25": 297.0,
      "p50": 262.597,
      "p75": 227.408,
      "p90": 141.815,
      "p95": 65.728,
      "p99": 23.464
    },
    "packet_loss": {
      "p1": 0.31209323712507075,
      "p5": 0.2123447483512009,
      "p10": 0.1783812360397676,
      "p25": 0.1004634679466802,
      "p50": 0.01145800039801475,
      "p75": 7.085455907228308e-05,
      "p90": 0.0,
      "p95": 0.0,
      "p99": 0.0
    }
  }
}