{
  "metrics": {
    "download_throughput_mbps": {
      "p1": 0.3297499901659427,
      "p5": 1.1751957964729445,
      "p10": 2.6866888994317843,
      "p25": 5.332525647045653,
      "p50": 11.834700806550455,
      "p75": 19.020811153489426,
      "p90": 42.23839447723591,
      "p95": 73.55425176770393,
      "p99": 143.40223817311585
    },
    "upload_throughput_mbps": {
      "p1": 0.08306539689091733,
      "p5": 0.4745584554665728,
      "p10": 1.067769491194593,
      "p25": 2.310107401377072,
      "p50": 8.201847622767302,
      "p75": 18.44216143957306,
      "p90": 35.00506983168159,
      "p95": 43.10538204342984,
      "p99": 126.67074857222967
    },
    "latency_ms": {
      "p1": 288.954,
      "p5": 188.692,
      "p10": 170.151,
      "p25": 161.459,
      "p50": 140.55,
      "p75": 120.437,
      "p90": 115.0,
      "p95": 113.0,
      "p99": 59.537
    },
    "packet_loss": {
      "p1": 0.37885935355048045,
      "p5": 0.2689772485647459,
      "p10": 0.19983811206307334,
      "p25": 0.12624717076229322,
      "p50": 0.06458214040983376,
      "p75": 0.006240407703211108,
      "p90": 0.0,
      "p95": 0.0,
      "p99": 0.0
    }
  }
}