{
  "metrics": {
    "download_throughput_mbps": {
      "p1": 0.05651702891005726,
      "p5": 0.13610405115259833,
      "p10": 0.29055169114020424,
      "p25": 2.140641754850558,
      "p50": 5.360936497535729,
      "p75": 8.115115206305374,
      "p90": 13.903796860562384,
      "p95": 17.14469241762179,
      "p99": 29.013687554028305
    },
    "upload_throughput_mbps": {
      "p1": 0.01350985690375247,
      "p5": 0.058257885689650526,
      "p10": 0.14954957766458668,
      "p25": 1.3534509162195687,
      "p50": 2.6409188248393902,
      "p75": 3.575908643812861,
      "p90": 6.842633027721091,
      "p95": 11.85605201224794,
      "p99": 78.19077342241378
    },
    "latency_ms": {
      "p1": 602.706,
      "p5": 492.549,
      "p10": 235.083,
      "p25": 213.704,
      "p50": 186.992,
      "p75": 181.316,
      "p90": 179.67,
      "p95": 177.613,
      "p99": 118.069
    },
    "packet_loss": {
      "p1": 0.32564973733314645,
      "p5": 0.20891482851404145,
      "p10": 0.1852372852973855,
      "p25": 0.12351911401363247,
      "p50": 0.06939854593522803,
      "p75": 0.03069189217130599,
      "p90": 0.0014579263065726518,
      "p95": 0.0,
      "p99": 0.0
    }
  }
}