{
  "metrics": {
    "download_throughput_mbps": {
      "p1": 0.3714481098267502,
      "p5": 2.4974576610161354,
      "p10": 5.641290889725471,
      "p25": 18.580708514684538,
      "p50": 40.66016694485476,
      "p75": 67.49666487687458,
      "p90": 100.34650398483362,
      "p95": 133.73120621967362,
      "p99": 182.81346379765193
    },
    "upload_throughput_mbps": {
      "p1": 0.1544362319591247,
      "p5": 0.8871353979429236,
      "p10": 2.359048895691817,
      "p25": 5.940201819235076,
      "p50": 12.689614817864877,
      "p75": 20.537638161151854,
      "p90": 27.38479368266177,
      "p95": 45.339415814612885,
      "p99": 91.3099631435394
    },
    "latency_ms": {
      "p1": 170.271,
      "p5": 143.316,
      "p10": 132.051,
      "p25": 114.0,
      "p50": 95.704,
      "p75": 87.938,
      "p90": 82.313,
      "p95": 79.443,
      "p99": 66.0
    },
    "packet_loss": {
      "p1": 0.30684265518050197,
      "p5": 0.20696230495546822,
      "p10": 0.16045139005850356,
      "p25": 0.0806079159909195,
      "p50": 0.009602300598644233,
      "p75": 0.0,
      "p90": 0.0,
      "p95": 0.0,
      "p99": 0.0
    }
  }
}