{
  "metrics": {
    "download_throughput_mbps": {
      "p1": 0.08667071320259706,
      "p5": 0.37013120212793965,
      "p10": 1.1179376617832517,
      "p25": 5.921084177653061,
      "p50": 25.0066014872214,
      "p75": 72.02813959076016,
      "p90": 98.84358409103977,
      "p95": 124.5306939991988,
      "p99": 175.01331460178838
    },
    "upload_throughput_mbps": {
      "p1": 0.04471219499220616,
      "p5": 0.10282886987198589,
      "p10": 0.5096055344901218,
      "p25": 1.8288538276223314,
      "p50": 5.042279649251501,
      "p75": 21.198579349043637,
      "p90": 31.545449272881232,
      "p95": 46.985328236290535,
      "p99": 93.3057556967368
    },
    "latency_ms": {
      "p1": 481.315,
      "p5": 161.0,
      "p10": 114.388,
      "p25": 103.802,
      "p50": 92.816,
      "p75": 78.099,
      "p90": 42.034,
      "p95": 37.665,
      "p99": 25.704
    },
    "packet_loss": {
      "p1": 0.3205648373473597,
      "p5": 0.2145398250421953,
      "p10": 0.17137936494757783,
      "p25": 0.11431240950935645,
      "p50": 0.050544567527374636,
      "p75": 0.003944747304003945,
      "p90": 0.0,
      "p95": 0.0,
      "p99": 0.0
    }
  }
}