{
  "metrics": {
    "download_throughput_mbps": {
      "p1": 0.10839946363833236,
      "p5": 0.49079165901667215,
      "p10": 1.3700430138070263,
      "p25": 4.93070023641591,
      "p50": 11.953386765264334,
      "p75": 25.471525543965704,
      "p90": 42.08349419432182,
      "p95": 60.89965570088363,
      "p99": 126.29123773027277
    },
    "upload_throughput_mbps": {
      "p1": 0.030049852109508057,
      "p5": 0.08297933466416367,
      "p10": 0.3363761699615509,
      "p25": 1.2230804407083757,
      "p50": 4.239067497927897,
      "p75": 9.52984262702156,
      "p90": 14.771173865527118,
      "p95": 24.081797199193723,
      "p99": 62.2879832421329
    },
    "latency_ms": {
      "p1": 444.909,
      "p5": 190.602,
      "p10": 128.068,
      "p25": 105.007,
      "p50": 96.154,
      "p75": 90.084,
      "p90": 86.387,
      "p95": 81.195,
      "p99": 38.0
    },
    "packet_loss": {
      "p1": 0.30387567399680454,
      "p5": 0.23252211371312914,
      "p10": 0.1955609591648707,
      "p25": 0.12376507605692054,
      "p50": 0.07219890015376966,
      "p75": 0.009642212648079216,
      "p90": 0.0,
      "p95": 0.0,
      "p99": 0.0
    }
  }
}