{
  "metrics": {
    "download_throughput_mbps": {
      "p1": 0.00900371921364041,
      "p5": 0.06480082636408034,
      "p10": 0.15713168889413376,
      "p25": 0.4406853359893794,
      "p50": 1.3763999983062403,
      "p75": 3.0251846185147833,
      "p90": 6.69509379388721,
      "p95": 11.852176464850862,
      "p99": 33.876666438353766
    },
    "upload_throughput_mbps": {
      "p1": 0.02033022008339198,
      "p5": 0.06394145513008583,
      "p10": 0.1254453696406774,
      "p25": 0.24850605497717684,
      "p50": 0.3811779331132895,
      "p75": 0.7503221713911805,
      "p90": 1.8216542371037452,
      "p95": 3.6634695226042617,
      "p99": 13.885707805816669
    },
    "latency_ms": {
      "p1": 1389.811,
      "p5": 591.737,
      "p10": 361.03,
      "p25": 188.982,
      "p50": 130.054,
      "p75": 116.951,
      "p90": 104.921,
      "p95": 97.224,
      "p99": 62.303
    },
    "packet_loss": {
      "p1": 0.4577582204902544,
      "p5": 0.3080024701849026,
      "p10": 0.25874460560044127,
      "p25": 0.14584852246002666,
      "p50": 0.047040219535837986,
      "p75": 0.0003872241690372988,
      "p90": 0.0,
      "p95": 0.0,
      "p99": 0.0
    }
  }
}