{
  "metrics": {
    "download_throughput_mbps": {
      "p1": 0.06663293078217104,
      "p5": 0.16964034617004167,
      "p10": 0.2943417408407887,
      "p25": 0.823038368887844,
      "p50": 2.1563962758239246,
      "p75": 5.08415279568189,
      "p90": 21.010520538052116,
      "p95": 41.45043051840517,
      "p99": 99.09406338780504
    },
    "upload_throughput_mbps": {
      "p1": 0.01929247706198257,
      "p5": 0.07325484590320773,
      "p10": 0.1593474209767589,
      "p25": 0.4267495387859088,
      "p50": 1.7289578040438642,
      "p75": 4.2833012891376425,
      "p90": 11.736401559670107,
      "p95": 21.015925534633613,
      "p99": 45.19657731584038
    },
    "latency_ms": {
      "p1": 528.337,
      "p5": 250.762,
      "p10": 188.199,
      "p25": 145.465,
      "p50": 118.98,
      "p75": 107.959,
      "p90": 95.887,
      "p95": 84.488,
      "p99": 55.389
    },
    "packet_loss": {
      "p1": 0.40836629039534894,
      "p5": 0.33059838323348734,
      "p10": 0.2861832735831957,
      "p25": 0.2008084137130396,
      "p50": 0.1051213494750129,
      "p75": 0.004119370737430676,
      "p90": 0.0,
      "p95": 0.0,
      "p99": 0.0
    }
  }
}