{
  "metrics": {
    "download_throughput_mbps": {
      "p1": 0.38337369987663683,
      "p5": 1.3134037221339443,
      "p10": 2.298473936443092,
      "p25": 16.222308934499548,
      "p50": 86.40009455644467,
      "p75": 260.46842548815437,
      "p90": 310.8639504659517,
      "p95": 330.1604590619096,
      "p99": 362.9055646841702
    },
    "upload_throughput_mbps": {
      "p1": 0.1450996442124502,
      "p5": 1.0653204759152826,
      "p10": 2.029516182624643,
      "p25": 3.4227702247936467,
      "p50": 12.018756477388589,
      "p75": 15.676735638468553,
      "p90": 18.376728147692045,
      "p95": 21.400016579414746,
      "p99": 33.4353787624628
    },
    "latency_ms": {
      "p1": 357.959,
      "p5": 213.25,
      "p10": 209.812,
      "p25": 35.892,
      "p50": 28.783,
      "p75": 26.556,
      "p90": 15.802,
      "p95": 13.267,
      "p99": 11.176
    },
    "packet_loss": {
      "p1": 0.32568033448250566,
      "p5": 0.1770111450018893,
      "p10": 0.12460691929119513,
      "p25": 0.0633971450256241,
      "p50": 0.01226267982944619,
      "p75": 0.0013178796676257968,
      "p90": 8.699828642618862e-05,
      "p95": 1.3826402468256836e-05,
      "p99": 0.0
    }
  }
}