{
  "metrics": {
    "download_throughput_mbps": {
      "p1": 0.26517729876313,
      "p5": 1.0611189726457284,
      "p10": 2.69315681203978,
      "p25": 13.076095940033229,
      "p50": 46.09052167241734,
      "p75": 83.66849039286556,
      "p90": 163.09095153585776,
      "p95": 223.22488836289418,
      "p99": 329.8218184463624
    },
    "upload_throughput_mbps": {
      "p1": 0.06879565799207733,
      "p5": 0.16493218975089793,
      "p10": 1.7437559203449677,
      "p25": 10.108528706911533,
      "p50": 34.57101060204805,
      "p75": 78.22004737799526,
      "p90": 93.44722457003665,
      "p95": 134.48588883980327,
      "p99": 281.0862759627226
    },
    "latency_ms": {
      "p1": 141.055,
      "p5": 80.867,
      "p10": 73.0,
      "p25": 62.361,
      "p50": 44.906,
      "p75": 28.54,
      "p90": 20.358,
      "p95": 19.008,
      "p99": 13.15
    },
    "packet_loss": {
      "p1": 0.31310854237613317,
      "p5": 0.17827673537915917,
      "p10": 0.12634284060958204,
      "p25": 0.07046609228758746,
      "p50": 0.0155441662660315,
      "p75": 6.890932984552164e-05,
      "p90": 0.0,
      "p95": 0.0,
      "p99": 0.0
    }
  }
}