{
  "metrics": {
    "download_throughput_mbps": {
      "p1": 0.06786286147448908,
      "p5": 0.19547459406033071,
      "p10": 0.42507493399390106,
      "p25": 2.010825012861494,
      "p50": 7.1252149323704845,
      "p75": 18.29920753999623,
      "p90": 31.446411598575384,
      "p95": 41.36738727544163,
      "p99": 73.80961316736924
    },
    "upload_throughput_mbps": {
      "p1": 0.01900038017559273,
      "p5": 0.10474923728346615,
      "p10": 0.2564686996244089,
      "p25": 1.1807168607228282,
      "p50": 4.769980603113381,
      "p75": 8.899465457216328,
      "p90": 18.97644472123127,
      "p95": 32.492777149748285,
      "p99": 41.85978985658112
    },
    "latency_ms": {
      "p1": 596.231,
      "p5": 346.776,
      "p10": 304.672,
      "p25": 284.037,
      "p50": 226.0,
      "p75": 207.0,
      "p90": 149.611,
      "p95": 136.683,
      "p99": 88.807
    },
    "packet_loss": {
      "p1": 0.294350276829427,
      "p5": 0.24215837898893375,
      "p10": 0.19979039634146342,
      "p25": 0.13003049093485,
      "p50": 0.05084789008342162,
      "p75": 0.004838904736578769,
      "p90": 0.0,
      "p95": 0.0,
      "p99": 0.0
    }
  }
}