{
  "metrics": {
    "download_throughput_mbps": {
      "p1": 0.1564006305281671,
      "p5": 0.6805520779744242,
      "p10": 1.8771181366091358,
      "p25": 7.687954747238444,
      "p50": 28.70329703735021,
      "p75": 87.36191088727625,
      "p90": 254.12029382227735,
      "p95": 363.2630720079781,
      "p99": 574.509894493839
    },
    "upload_throughput_mbps": {
      "p1": 0.05050475961923046,
      "p5": 0.08314978568220333,
      "p10": 0.10297447027094644,
      "p25": 2.775142091746914,
      "p50": 14.768080903142987,
      "p75": 67.22454127692728,
      "p90": 182.06293025545511,
      "p95": 287.54694833262914,
      "p99": 496.8380006421852
    },
    "latency_ms": {
      "p1": 303.862,
      "p5": 237.285,
      "p10": 218.771,
      "p25": 87.312,
      "p50": 46.234,
      "p75": 31.686,
      "p90": 27.764,
      "p95": 26.281,
      "p99": 23.725
    },
    "packet_loss": {
      "p1": 0.40039656539880686,
      "p5": 0.27655546838713707,
      "p10": 0.20509558763121633,
      "p25": 0.08632120594113396,
      "p50": 0.006274406941758525,
      "p75": 0.0,
      "p90": 0.0,
      "p95": 0.0,
      "p99": 0.0
    }
  }
}