{
  "metrics": {
    "download_throughput_mbps": {
      "p1": 0.03184019119866193,
      "p5": 0.2814870727542514,
      "p10": 0.5350553839189867,
      "p25": 1.2784027316764728,
      "p50": 3.1777839479004597,
      "p75": 13.016459677061937,
      "p90": 47.507682683223216,
      "p95": 80.37212209663984,
      "p99": 86.16515790090526
    },
    "upload_throughput_mbps": {
      "p1": 0.07662823602347836,
      "p5": 0.08328736701601068,
      "p10": 0.47711860525441585,
      "p25": 1.0816387224283437,
      "p50": 2.3768822573929365,
      "p75": 4.34424040340566,
      "p90": 10.181805351005035,
      "p95": 45.053780797816486,
      "p99": 47.793768664242485
    },
    "latency_ms": {
      "p1": 1559.0,
      "p5": 176.113,
      "p10": 165.032,
      "p25": 104.907,
      "p50": 56.486,
      "p75": 8.954,
      "p90": 5.899,
      "p95": 4.217,
      "p99": 3.0
    },
    "packet_loss": {
      "p1": 0.4694264647387747,
      "p5": 0.3933608357082175,
      "p10": 0.3458050423457293,
      "p25": 0.22010828005995167,
      "p50": 0.10734051502918004,
      "p75": 0.015630791786759513,
      "p90": 0.0009703962520282637,
      "p95": 0.0002078080121599173,
      "p99": 0.0
    }
  }
}