{
  "metrics": {
    "download_throughput_mbps": {
      "p1": 0.053328949230367004,
      "p5": 0.14014364826221604,
      "p10": 0.2448154639824261,
      "p25": 0.6718984433368946,
      "p50": 1.7207946931896487,
      "p75": 3.0457445196613575,
      "p90": 4.91976987922862,
      "p95": 6.552412786911612,
      "p99": 28.21555152655081
    },
    "upload_throughput_mbps": {
      "p1": 0.02500561982466147,
      "p5": 0.08012803238207326,
      "p10": 0.1279037350120935,
      "p25": 0.26892719298482454,
      "p50": 0.5539138762640479,
      "p75": 2.978007567929275,
      "p90": 6.545026053931789,
      "p95": 7.882843396059146,
      "p99": 27.988361466522417
    },
    "latency_ms": {
      "p1": 515.804,
      "p5": 333.789,
      "p10": 311.0,
      "p25": 271.992,
      "p50": 251.91,
      "p75": 232.146,
      "p90": 217.759,
      "p95": 213.778,
      "p99": 209.807
    },
    "packet_loss": {
      "p1": 0.4650467499719126,
      "p5": 0.42428139363196876,
      "p10": 0.40989660101556985,
      "p25": 0.3533797135613727,
      "p50": 0.2557512162925714,
      "p75": 0.08839398370330005,
      "p90": 0.00787313320630616,
      "p95": 0.0,
      "p99": 0.0
    }
  }
}