{
  "metrics": {
    "download_throughput_mbps": {
      "p1": 0.921581845154963,
      "p5": 0.921581845154963,
      "p10": 0.921581845154963,
      "p25": 1.1215023533683743,
      "p50": 5.585333249639128,
      "p75": 11.170551401313148,
      "p90": 22.80108621355454,
      "p95": 22.80108621355454,
      "p99": 22.80108621355454
    },
    "upload_throughput_mbps": {
      "p1": 0.10289673808484827,
      "p5": 0.10289673808484827,
      "p10": 0.10289673808484827,
      "p25": 0.24207641027917803,
      "p50": 0.7210653325944634,
      "p75": 1.7471311421197133,
      "p90": 30.27223355846077,
      "p95": 30.27223355846077,
      "p99": 30.27223355846077
    },
    "latency_ms": {
      "p1": 229.19,
      "p5": 229.19,
      "p10": 229.19,
      "p25": 195.0,
      "p50": 183.0,
      "p75": 169.358,
      "p90": 168.072,
      "p95": 168.072,
      "p99": 168.072
    },
    "packet_loss": {
      "p1": 0.41033061274576593,
      "p5": 0.41033061274576593,
      "p10": 0.41033061274576593,
      "p25": 0.13994452977256655,
      "p50": 0.04851752021563342,
      "p75": 0.0,
      "p90": 0.0,
      "p95": 0.0,
      "p99": 0.0
    }
  }
}