{
  "metrics": {
    "download_throughput_mbps": {
      "p1": 0.14805071221450058,
      "p5": 0.6293287681295683,
      "p10": 1.441440323793721,
      "p25": 4.9068807149098745,
      "p50": 12.2805166755659,
      "p75": 26.016756428955922,
      "p90": 44.29160425134461,
      "p95": 59.3877063761696,
      "p99": 148.56959195133277
    },
    "upload_throughput_mbps": {
      "p1": 0.0356838564226532,
      "p5": 0.07788790534160404,
      "p10": 0.08992122982823035,
      "p25": 0.6763001925018571,
      "p50": 4.0787068837673575,
      "p75": 9.673964712423452,
      "p90": 22.72645333123215,
      "p95": 30.38403168096321,
      "p99": 57.79236675785001
    },
    "latency_ms": {
      "p1": 348.0,
      "p5": 101.526,
      "p10": 75.049,
      "p25": 53.495,
      "p50": 34.355,
      "p75": 17.983,
      "p90": 8.382,
      "p95": 2.764,
      "p99": 0.157
    },
    "packet_loss": {
      "p1": 0.3205134362767465,
      "p5": 0.2016317087012849,
      "p10": 0.15291500181620052,
      "p25": 0.07959898141365479,
      "p50": 0.010302455271108351,
      "p75": 0.00015862174311838607,
      "p90": 0.0,
      "p95": 0.0,
      "p99": 0.0
    }
  }
}