{
  "metrics": {
    "download_throughput_mbps": {
      "p1": 0.15167115553448704,
      "p5": 0.6775935070139751,
      "p10": 1.7184432849970037,
      "p25": 6.770996645342663,
      "p50": 19.74531200339019,
      "p75": 44.324377805708025,
      "p90": 84.30234019968033,
      "p95": 113.64505046080286,
      "p99": 275.72238998960336
    },
    "upload_throughput_mbps": {
      "p1": 0.048451191975758805,
      "p5": 0.08868205085642344,
      "p10": 0.3978297345564575,
      "p25": 2.198351746975211,
      "p50": 6.1632200923188485,
      "p75": 13.257517411487086,
      "p90": 23.72943501199501,
      "p95": 41.9750708069123,
      "p99": 114.3563582692224
    },
    "latency_ms": {
      "p1": 279.781,
      "p5": 126.047,
      "p10": 112.416,
      "p25": 100.274,
      "p50": 83.508,
      "p75": 66.391,
      "p90": 49.273,
      "p95": 31.315,
      "p99": 11.596
    },
    "packet_loss": {
      "p1": 0.3473979604215021,
      "p5": 0.2262035301750309,
      "p10": 0.17313431370311777,
      "p25": 0.1005547277725614,
      "p50": 0.03652267488076617,
      "p75": 0.0006465189185214243,
      "p90": 0.0,
      "p95": 0.0,
      "p99": 0.0
    }
  }
}