{
  "metrics": {
    "download_throughput_mbps": {
      "p1": 0.5139253136777535,
      "p5": 0.5139253136777535,
      "p10": 0.5139253136777535,
      "p25": 55.11791957130423,
      "p50": 76.95546366208434,
      "p75": 149.80492100069452,
      "p90": 159.99323551387215,
      "p95": 220.49116696183125,
      "p99": 220.49116696183125
    },
    "upload_throughput_mbps": {
      "p1": 0.7784322568194159,
      "p5": 0.7784322568194159,
      "p10": 0.7784322568194159,
      "p25": 8.389081167701066,
      "p50": 8.961747820833486,
      "p75": 9.696241142800577,
      "p90": 10.120890254931695,
      "p95": 10.28864126941019,
      "p99": 10.28864126941019
    },
    "latency_ms": {
      "p1": 81.246,
      "p5": 81.246,
      "p10": 73.078,
      "p25": 63.983,
      "p50": 50.867,
      "p75": 48.883,
      "p90": 46.517,
      "p95": 46.517,
      "p99": 46.517
    },
    "packet_loss": {
      "p1": 0.0952858675530271,
      "p5": 0.0952858675530271,
      "p10": 0.060707783905505255,
      "p25": 0.02923901600786719,
      "p50": 0.003654360213264222,
      "p75": 0.00014286017894270446,
      "p90": 0.0,
      "p95": 0.0,
      "p99": 0.0
    }
  }
}