{
  "metrics": {
    "download_throughput_mbps": {
      "p1": 0.07416808590534785,
      "p5": 0.2567862367071757,
      "p10": 0.5797266513447198,
      "p25": 2.406708212598738,
      "p50": 8.833185940124693,
      "p75": 20.926870890096335,
      "p90": 34.61237772494291,
      "p95": 45.28834664272702,
      "p99": 93.91190164837039
    },
    "upload_throughput_mbps": {
      "p1": 0.027850218284765003,
      "p5": 0.0764049684907297,
      "p10": 0.08956666468346919,
      "p25": 0.7829469913763631,
      "p50": 4.44451101776181,
      "p75": 14.327167910160833,
      "p90": 24.90317035133731,
      "p95": 35.729605536575775,
      "p99": 82.22711054054805
    },
    "latency_ms": {
      "p1": 445.176,
      "p5": 357.898,
      "p10": 331.455,
      "p25": 219.04,
      "p50": 96.743,
      "p75": 31.069,
      "p90": 16.43,
      "p95": 15.314,
      "p99": 13.925
    },
    "packet_loss": {
      "p1": 0.4192338810710044,
      "p5": 0.3092398317918477,
      "p10": 0.24928211529664837,
      "p25": 0.15563508109601443,
      "p50": 0.0662019790970082,
      "p75": 0.002938305255120287,
      "p90": 0.0,
      "p95": 0.0,
      "p99": 0.0
    }
  }
}