{
  "metrics": {
    "download_throughput_mbps": {
      "p1": 0.08042755327412594,
      "p5": 0.263650272558107,
      "p10": 0.48593944740651707,
      "p25": 1.9399163396078407,
      "p50": 7.5803020873953,
      "p75": 16.84200560144878,
      "p90": 30.017073124585366,
      "p95": 41.53913377428322,
      "p99": 88.49043205500071
    },
    "upload_throughput_mbps": {
      "p1": 0.018052579758526945,
      "p5": 0.06851398931276322,
      "p10": 0.07593231674384703,
      "p25": 0.42448344832703316,
      "p50": 3.1686492221251727,
      "p75": 9.951455935961976,
      "p90": 19.689899460603236,
      "p95": 26.793585960003142,
      "p99": 53.53629301085457
    },
    "latency_ms": {
      "p1": 518.685,
      "p5": 336.252,
      "p10": 294.537,
      "p25": 213.348,
      "p50": 171.758,
      "p75": 46.047,
      "p90": 23.063,
      "p95": 15.295,
      "p99": 12.53
    },
    "packet_loss": {
      "p1": 0.4326567582033019,
      "p5": 0.3200930773705643,
      "p10": 0.25119589662291697,
      "p25": 0.1401122627592139,
      "p50": 0.034392893354598046,
      "p75": 0.00048307997364372497,
      "p90": 0.0,
      "p95": 0.0,
      "p99": 0.0
    }
  }
}