{
  "metrics": {
    "download_throughput_mbps": {
      "p1": 0.10453520705690149,
      "p5": 0.36004950996975393,
      "p10": 0.7297913844923805,
      "p25": 2.745483242728394,
      "p50": 9.203210807942803,
      "p75": 28.35512327359727,
      "p90": 54.70905206591225,
      "p95": 74.65396227254364,
      "p99": 197.20159113266112
    },
    "upload_throughput_mbps": {
      "p1": 0.025118584540843498,
      "p5": 0.06967854677636327,
      "p10": 0.07638730838074857,
      "p25": 0.6112661947462262,
      "p50": 5.367301362259076,
      "p75": 15.938255570466577,
      "p90": 38.073237609033825,
      "p95": 52.27548499372247,
      "p99": 94.72791835756743
    },
    "latency_ms": {
      "p1": 343.244,
      "p5": 166.0,
      "p10": 88.333,
      "p25": 40.255,
      "p50": 25.83,
      "p75": 12.934,
      "p90": 10.874,
      "p95": 10.008,
      "p99": 9.0
    },
    "packet_loss": {
      "p1": 0.4148929063758206,
      "p5": 0.29228794874608816,
      "p10": 0.2237067342375584,
      "p25": 0.13501159265024198,
      "p50": 0.04649804062789139,
      "p75": 0.0019992585602709658,
      "p90": 0.0,
      "p95": 0.0,
      "p99": 0.0
    }
  }
}