{
  "metrics": {
    "download_throughput_mbps": {
      "p1": 0.14894680767799326,
      "p5": 0.5537871569423637,
      "p10": 1.2497906144063877,
      "p25": 4.76307529250383,
      "p50": 15.33568174123732,
      "p75": 44.1683083652234,
      "p90": 88.18969856808893,
      "p95": 108.82540576577655,
      "p99": 220.92802093857284
    },
    "upload_throughput_mbps": {
      "p1": 0.030744690595202906,
      "p5": 0.08271932749749897,
      "p10": 0.09617140583098191,
      "p25": 1.8145208868893317,
      "p50": 9.804536220358987,
      "p75": 29.69437281052695,
      "p90": 71.94810806659528,
      "p95": 93.15276666952664,
      "p99": 187.5403830681088
    },
    "latency_ms": {
      "p1": 329.579,
      "p5": 165.995,
      "p10": 110.167,
      "p25": 38.202,
      "p50": 26.054,
      "p75": 15.772,
      "p90": 11.153,
      "p95": 10.189,
      "p99": 8.797
    },
    "packet_loss": {
      "p1": 0.36729961801209243,
      "p5": 0.26003415748639747,
      "p10": 0.2040163448253203,
      "p25": 0.12486842363656861,
      "p50": 0.0450824062101989,
      "p75": 0.0012507590657373586,
      "p90": 0.0,
      "p95": 0.0,
      "p99": 0.0
    }
  }
}