{
  "metadata": {
    "country_code": "US",
    "country_name": "United States",
    "period": "2024-10",
    "period_description": "October 2024",
    "dataset": "M-Lab NDT",
    "download_samples": 31443312,
    "upload_samples": 24288961
  },
  "metrics": {
    "download_throughput_mbps": {
      "p1": 0.3812327371493097,
      "p5": 2.7476349376135296,
      "p10": 7.638638876969803,
      "p25": 29.89884264277766,
      "p50": 96.2643838797045,
      "p75": 268.4085597033553,
      "p90": 474.14118932768235,
      "p95": 626.3132682965055,
      "p99": 893.0568504937463
    },
    "upload_throughput_mbps": {
      "p1": 0.06257042412674083,
      "p5": 0.15144845324010167,
      "p10": 0.9992760254839029,
      "p25": 8.03213984894271,
      "p50": 20.98046809727222,
      "p75": 65.669501568909,
      "p90": 224.29692902729298,
      "p95": 368.91185081459395,
      "p99": 819.839280930373
    },
    "latency_ms": {
      "p1": 255.993,
      "p5": 80.759,
      "p10": 51.2,
      "p25": 30.0,
      "p50": 16.119,
      "p75": 7.783,
      "p90": 2.895,
      "p95": 0.804,
      "p99": 0.161
    },
    "packet_loss": {
      "p1": 0.2517569864889713,
      "p5": 0.11998957375627733,
      "p10": 0.07340665854872248,
      "p25": 0.019064946948168876,
      "p50": 0.0005185937475477769,
      "p75": 0.0,
      "p90": 0.0,
      "p95": 0.0,
      "p99": 0.0
    }
  }
}