{
  "metadata": {
    "country_code": "US",
    "country_name": "United States",
    "period": "2024-10",
    "period_description": "October 2024",
    "dataset": "M-Lab NDT",
    "download_samples": 31443312,
    "upload_samples": 24288961
  },
  "metrics": {
    "download_throughput_mbps": {
      "p1": 0.37354810526833476,
      "p5": 2.7494108827310177,
      "p10": 7.6575433038007406,
      "p25": 29.94873577502137,
      "p50": 96.36533017831101,
      "p75": 268.1810327939917,
      "p90": 474.1768162996085,
      "p95": 625.4494125653449,
      "p99": 893.2782851912168
    },
    "upload_throughput_mbps": {
      "p1": 0.06279911698366483,
      "p5": 0.15105079102447938,
      "p10": 1.0130561597157441,
      "p25": 8.030055616329323,
      "p50": 20.95814566696693,
      "p75": 65.73945359925672,
      "p90": 223.9767416770114,
      "p95": 370.4336035390081,
      "p99": 813.7319533731953
    },
    "latency_ms": {
      "p1": 0.16,
      "p5": 0.808,
      "p10": 2.886,
      "p25": 7.778,
      "p50": 16.124,
      "p75": 30.0,
      "p90": 51.303,
      "p95": 80.55,
      "p99": 251.545
    },
    "packet_loss": {
      "p1": 0.0,
      "p5": 0.0,
      "p10": 0.0,
      "p25": 0.0,
      "p50": 0.000516724336793541,
      "p75": 0.019090240380880846,
      "p90": 0.07332944466732425,
      "p95": 0.12018590164702943,
      "p99": 0.253111989432024
    }
  }
}