{
  "metrics": {
    "download_throughput_mbps": {
      "p1": 0.41107802983328284,
      "p5": 3.1239978918773006,
      "p10": 9.08884641089202,
      "p25": 38.917033870213395,
      "p50": 121.10404871676103,
      "p75": 322.16935414956976,
      "p90": 533.4818050613959,
      "p95": 696.942650691082,
      "p99": 914.4049607581749
    },
    "upload_throughput_mbps": {
      "p1": 0.06784075669090123,
      "p5": 0.1568056487888417,
      "p10": 1.3118656520766185,
      "p25": 9.576463381673003,
      "p50": 28.99900969805535,
      "p75": 93.297757636331,
      "p90": 301.3152434062252,
      "p95": 461.2355366512565,
      "p99": 886.3304398466997
    },
    "latency_ms": {
      "p1": 203.239,
      "p5": 71.808,
      "p10": 45.842,
      "p25": 27.837,
      "p50": 14.969,
      "p75": 7.41,
      "p90": 2.742,
      "p95": 0.809,
      "p99": 0.195
    },
    "packet_loss": {
      "p1": 0.24352864473221178,
      "p5": 0.11109319172932738,
      "p10": 0.06665918894043028,
      "p25": 0.015398991582960365,
      "p50": 0.00031292368863400995,
      "p75": 0.0,
      "p90": 0.0,
      "p95": 0.0,
      "p99": 0.0
    }
  }
}