{
  "metrics": {
    "download_throughput_mbps": {
      "p1": 0.41009226520670655,
      "p5": 3.1285212784044734,
      "p10": 9.083776685624342,
      "p25": 38.89258971871969,
      "p50": 121.2414870179209,
      "p75": 322.0132113676442,
      "p90": 533.9182595321199,
      "p95": 697.2630766316927,
      "p99": 915.6068149745105
    },
    "upload_throughput_mbps": {
      "p1": 0.06812716297142903,
      "p5": 0.15581276102849126,
      "p10": 1.3149767359257325,
      "p25": 9.585033110251779,
      "p50": 29.04834753176485,
      "p75": 93.18613636043216,
      "p90": 302.15342228001737,
      "p95": 460.95354708361526,
      "p99": 886.3457821206061
    },
    "latency_ms": {
      "p1": 207.729,
      "p5": 71.572,
      "p10": 45.799,
      "p25": 27.847,
      "p50": 14.967,
      "p75": 7.411,
      "p90": 2.737,
      "p95": 0.812,
      "p99": 0.195
    },
    "packet_loss": {
      "p1": 0.2417151145504863,
      "p5": 0.11113659594282,
      "p10": 0.06664333143760388,
      "p25": 0.01539882843864261,
      "p50": 0.00031226330626928566,
      "p75": 0.0,
      "p90": 0.0,
      "p95": 0.0,
      "p99": 0.0
    }
  }
}