{
  "metrics": {
    "download_throughput_mbps": {
      "p1": 0.37261919979547486,
      "p5": 2.7379298281808517,
      "p10": 7.629602975468807,
      "p25": 29.95906238090993,
      "p50": 96.3508380279331,
      "p75": 268.35976315981924,
      "p90": 474.18899909446424,
      "p95": 625.1148304046875,
      "p99": 894.1682692105773
    },
    "upload_throughput_mbps": {
      "p1": 0.06264088494469096,
      "p5": 0.15161606515155257,
      "p10": 1.0107542106692553,
      "p25": 8.041255128468313,
      "p50": 20.962493075567803,
      "p75": 65.53110998267817,
      "p90": 224.3394088339409,
      "p95": 369.6717622899345,
      "p99": 818.8494133799862
    },
    "latency_ms": {
      "p1": 254.09,
      "p5": 80.474,
      "p10": 51.246,
      "p25": 30.0,
      "p50": 16.13,
      "p75": 7.784,
      "p90": 2.903,
      "p95": 0.807,
      "p99": 0.16
    },
    "packet_loss": {
      "p1": 0.2534977767774697,
      "p5": 0.12005778494243032,
      "p10": 0.07336962669180373,
      "p25": 0.019108220056589496,
      "p50": 0.0005160638023370318,
      "p75": 0.0,
      "p90": 0.0,
      "p95": 0.0,
      "p99": 0.0
    }
  }
}