{
  "metrics": {
    "download_throughput_mbps": {
      "p1": 0.08234489627520448,
      "p5": 0.24036365774771506,
      "p10": 0.9407954016203123,
      "p25": 5.484474351135582,
      "p50": 18.223271863225193,
      "p75": 68.42721971878082,
      "p90": 84.1697912023622,
      "p95": 95.18917135546957,
      "p99": 101.71889309305041
    },
    "upload_throughput_mbps": {
      "p1": 0.08545094223455246,
      "p5": 0.4064903166405156,
      "p10": 0.802386975074278,
      "p25": 2.3985803213726515,
      "p50": 14.463054237139424,
      "p75": 68.53464998016479,
      "p90": 85.17192164779925,
      "p95": 91.00806456347445,
      "p99": 182.7414171699153
    },
    "latency_ms": {
      "p1": 365.967,
      "p5": 269.455,
      "p10": 252.153,
      "p25": 235.363,
      "p50": 215.472,
      "p75": 115.469,
      "p90": 103.952,
      "p95": 98.361,
      "p99": 89.962
    },
    "packet_loss": {
      "p1": 0.2467810580495394,
      "p5": 0.15258359747831216,
      "p10": 0.09232574244414019,
      "p25": 0.026769096476104634,
      "p50": 0.0012869129850261926,
      "p75": 0.0,
      "p90": 0.0,
      "p95": 0.0,
      "p99": 0.0
    }
  }
}