{
  "metrics": {
    "download_throughput_mbps": {
      "p1": 0.08832231078481655,
      "p5": 0.3267535711300554,
      "p10": 0.798165498692858,
      "p25": 4.016337479211754,
      "p50": 12.767488922899762,
      "p75": 32.048116849606494,
      "p90": 65.09174209958017,
      "p95": 77.85346028887146,
      "p99": 104.02722424304044
    },
    "upload_throughput_mbps": {
      "p1": 0.06867760945429013,
      "p5": 0.39915269889481464,
      "p10": 0.8229372613697761,
      "p25": 3.0184049470126872,
      "p50": 12.886477256275615,
      "p75": 34.161725839888554,
      "p90": 71.98487449075306,
      "p95": 80.9689415676617,
      "p99": 104.04822921038702
    },
    "latency_ms": {
      "p1": 492.969,
      "p5": 447.711,
      "p10": 404.208,
      "p25": 258.076,
      "p50": 235.0,
      "p75": 215.811,
      "p90": 171.602,
      "p95": 114.4,
      "p99": 97.633
    },
    "packet_loss": {
      "p1": 0.3295043875714815,
      "p5": 0.23128830577696924,
      "p10": 0.18291362700747418,
      "p25": 0.10463608568862698,
      "p50": 0.020730885034329138,
      "p75": 0.0001139045939562984,
      "p90": 0.0,
      "p95": 0.0,
      "p99": 0.0
    }
  }
}