{
  "metrics": {
    "download_throughput_mbps": {
      "p1": 0.5263064309427727,
      "p5": 1.0095171763586714,
      "p10": 2.6943909295017177,
      "p25": 6.259687319729939,
      "p50": 38.449861095979955,
      "p75": 90.53940556705645,
      "p90": 324.4106460226685,
      "p95": 475.11193307295497,
      "p99": 720.2291405104074
    },
    "upload_throughput_mbps": {
      "p1": 0.08314464457918308,
      "p5": 0.17067944943893706,
      "p10": 0.3650105794820149,
      "p25": 5.080718011626882,
      "p50": 48.64985061307737,
      "p75": 126.15313557399165,
      "p90": 584.8619405279844,
      "p95": 639.2867301552127,
      "p99": 758.1291738833045
    },
    "latency_ms": {
      "p1": 80.636,
      "p5": 37.933,
      "p10": 20.796,
      "p25": 14.875,
      "p50": 11.638,
      "p75": 10.809,
      "p90": 9.792,
      "p95": 9.596,
      "p99": 8.95
    },
    "packet_loss": {
      "p1": 0.21802749898116028,
      "p5": 0.1834564010759488,
      "p10": 0.1607539047722503,
      "p25": 0.11262954638351648,
      "p50": 0.04382957063268699,
      "p75": 0.0004904148950654372,
      "p90": 0.0,
      "p95": 0.0,
      "p99": 0.0
    }
  }
}