{
  "metrics": {
    "download_throughput_mbps": {
      "p1": 1.8464165068250806,
      "p5": 4.702874832866717,
      "p10": 6.377144050258034,
      "p25": 16.139440135670288,
      "p50": 30.22818655277358,
      "p75": 39.61751704652718,
      "p90": 71.92490749296373,
      "p95": 95.7606097793166,
      "p99": 199.82834126025625
    },
    "upload_throughput_mbps": {
      "p1": 1.0639680809575713,
      "p5": 6.543322626709493,
      "p10": 8.82173543170967,
      "p25": 18.880884842258784,
      "p50": 29.857545452273527,
      "p75": 50.52752726348564,
      "p90": 86.38750714493999,
      "p95": 87.13344547939441,
      "p99": 94.72505687221326
    },
    "latency_ms": {
      "p1": 159.973,
      "p5": 135.695,
      "p10": 131.457,
      "p25": 122.521,
      "p50": 113.053,
      "p75": 104.825,
      "p90": 101.461,
      "p95": 100.095,
      "p99": 77.457
    },
    "packet_loss": {
      "p1": 0.31721089282263637,
      "p5": 0.2456192075700972,
      "p10": 0.20235104224083625,
      "p25": 0.15696934766604884,
      "p50": 0.1139030022473542,
      "p75": 0.06071008265248922,
      "p90": 0.0008016536970550679,
      "p95": 0.0,
      "p99": 0.0
    }
  }
}