{
  "metrics": {
    "download_throughput_mbps": {
      "p1": 0.13981987126863452,
      "p5": 0.6000447208615992,
      "p10": 1.3989027029747823,
      "p25": 5.698005055307803,
      "p50": 25.024568288434068,
      "p75": 73.8604087100114,
      "p90": 148.31451428223997,
      "p95": 193.70409931480924,
      "p99": 254.2162763148382
    },
    "upload_throughput_mbps": {
      "p1": 0.042672334659002505,
      "p5": 0.12212100268141123,
      "p10": 0.39948461390938506,
      "p25": 2.9575051558597605,
      "p50": 20.930064161659022,
      "p75": 60.075207669086254,
      "p90": 141.72584829739534,
      "p95": 195.12607740140277,
      "p99": 251.00878875781396
    },
    "latency_ms": {
      "p1": 289.499,
      "p5": 156.962,
      "p10": 134.513,
      "p25": 110.326,
      "p50": 97.498,
      "p75": 89.0,
      "p90": 76.632,
      "p95": 67.151,
      "p99": 26.265
    },
    "packet_loss": {
      "p1": 0.3323287145280973,
      "p5": 0.2231045484140672,
      "p10": 0.1702569974383436,
      "p25": 0.08408716106179691,
      "p50": 0.008629950863741622,
      "p75": 0.0,
      "p90": 0.0,
      "p95": 0.0,
      "p99": 0.0
    }
  }
}