{
  "metrics": {
    "download_throughput_mbps": {
      "p1": 0.11968671700885122,
      "p5": 0.2622628456588533,
      "p10": 0.7255005595980049,
      "p25": 5.414521792369131,
      "p50": 24.290517318581596,
      "p75": 162.36728833228577,
      "p90": 270.8783143703599,
      "p95": 274.94128166080554,
      "p99": 326.41690648080754
    },
    "upload_throughput_mbps": {
      "p1": 0.04255026809416891,
      "p5": 0.17022292683146323,
      "p10": 0.7550990470725959,
      "p25": 3.3853872686108537,
      "p50": 30.569759237393082,
      "p75": 136.68411996086527,
      "p90": 235.9098567111245,
      "p95": 246.4950481426823,
      "p99": 290.0013247968205
    },
    "latency_ms": {
      "p1": 251.261,
      "p5": 82.478,
      "p10": 77.79,
      "p25": 59.716,
      "p50": 38.695,
      "p75": 32.194,
      "p90": 30.067,
      "p95": 30.0,
      "p99": 30.0
    },
    "packet_loss": {
      "p1": 0.41183813537852093,
      "p5": 0.30432592456050306,
      "p10": 0.2547582710038722,
      "p25": 0.11644137175666693,
      "p50": 0.05229779595553457,
      "p75": 0.00013107556906858612,
      "p90": 0.0,
      "p95": 0.0,
      "p99": 0.0
    }
  }
}