{
  "metrics": {
    "download_throughput_mbps": {
      "p1": 2.802247992916792,
      "p5": 7.496074903471274,
      "p10": 20.42348382364029,
      "p25": 46.28473572133668,
      "p50": 145.49913200095153,
      "p75": 234.00812043028301,
      "p90": 291.3134123513288,
      "p95": 330.4175648657749,
      "p99": 499.06491454717803
    },
    "upload_throughput_mbps": {
      "p1": 0.09576627317686402,
      "p5": 2.6441626329351484,
      "p10": 5.21427208639568,
      "p25": 8.339312820918966,
      "p50": 12.47632109498992,
      "p75": 36.843107989762935,
      "p90": 60.40135711358826,
      "p95": 82.91794453489396,
      "p99": 148.0722348550755
    },
    "latency_ms": {
      "p1": 131.462,
      "p5": 60.994,
      "p10": 56.041,
      "p25": 50.794,
      "p50": 45.824,
      "p75": 31.989,
      "p90": 28.485,
      "p95": 26.265,
      "p99": 23.935
    },
    "packet_loss": {
      "p1": 0.23604505573511797,
      "p5": 0.14005634608868406,
      "p10": 0.09373380006030799,
      "p25": 0.02670758145952077,
      "p50": 0.0032922146850773953,
      "p75": 0.0,
      "p90": 0.0,
      "p95": 0.0,
      "p99": 0.0
    }
  }
}