{
  "metrics": {
    "download_throughput_mbps": {
      "p1": 0.22237900228012736,
      "p5": 1.274960833738775,
      "p10": 3.4509351097576393,
      "p25": 14.628946734709226,
      "p50": 40.273069857996106,
      "p75": 86.93628561212905,
      "p90": 222.3312214971627,
      "p95": 300.8822019731299,
      "p99": 494.1133768270734
    },
    "upload_throughput_mbps": {
      "p1": 0.05813858260756267,
      "p5": 0.30991097582206645,
      "p10": 1.5421791131820304,
      "p25": 8.242827340375511,
      "p50": 26.371995540441475,
      "p75": 77.27737461457832,
      "p90": 149.3512693925741,
      "p95": 243.96972943913744,
      "p99": 380.05876609049267
    },
    "latency_ms": {
      "p1": 354.567,
      "p5": 248.0,
      "p10": 223.627,
      "p25": 205.236,
      "p50": 80.87,
      "p75": 35.384,
      "p90": 26.469,
      "p95": 23.0,
      "p99": 2.001
    },
    "packet_loss": {
      "p1": 0.32363362441759896,
      "p5": 0.21315090572270506,
      "p10": 0.16571228409934868,
      "p25": 0.08538236223901526,
      "p50": 0.01261742854167874,
      "p75": 7.457239919968902e-05,
      "p90": 0.0,
      "p95": 0.0,
      "p99": 0.0
    }
  }
}