{
  "metrics": {
    "download_throughput_mbps": {
      "p1": 0.19232552240503117,
      "p5": 0.9607032902359627,
      "p10": 3.4551560269036403,
      "p25": 17.87530325277015,
      "p50": 45.275904913048485,
      "p75": 82.65570003281705,
      "p90": 108.51513997206574,
      "p95": 124.14811063920506,
      "p99": 202.7242442535435
    },
    "upload_throughput_mbps": {
      "p1": 0.013864191361999208,
      "p5": 0.08200586141842166,
      "p10": 0.13593503232124818,
      "p25": 1.1634459225561544,
      "p50": 4.542953744306165,
      "p75": 15.135087720175415,
      "p90": 46.44069279315955,
      "p95": 70.79153597100324,
      "p99": 122.1694890169637
    },
    "latency_ms": {
      "p1": 476.263,
      "p5": 221.602,
      "p10": 207.17,
      "p25": 29.614,
      "p50": 1.474,
      "p75": 0.988,
      "p90": 0.884,
      "p95": 0.855,
      "p99": 0.798
    },
    "packet_loss": {
      "p1": 0.3162919246914093,
      "p5": 0.11823528872045302,
      "p10": 0.07995378730645715,
      "p25": 0.03128611573126846,
      "p50": 0.0038691596553097015,
      "p75": 0.0006106778768352778,
      "p90": 6.832151499209641e-05,
      "p95": 0.0,
      "p99": 0.0
    }
  }
}