{
  "metrics": {
    "download_throughput_mbps": {
      "p1": 0.05621504492675195,
      "p5": 0.05621504492675195,
      "p10": 0.32867565064018783,
      "p25": 0.5530758547536754,
      "p50": 10.37866947934544,
      "p75": 18.4227324739614,
      "p90": 19.86565442564995,
      "p95": 20.78459586184946,
      "p99": 20.78459586184946
    },
    "upload_throughput_mbps": {
      "p1": 0.41568076196167214,
      "p5": 0.41568076196167214,
      "p10": 0.9998291004956086,
      "p25": 1.0916941984298567,
      "p50": 5.865411401815742,
      "p75": 9.862711830511593,
      "p90": 11.75988536103175,
      "p95": 48.31019954144197,
      "p99": 48.31019954144197
    },
    "latency_ms": {
      "p1": 381.0,
      "p5": 381.0,
      "p10": 358.436,
      "p25": 313.0,
      "p50": 301.992,
      "p75": 298.911,
      "p90": 296.797,
      "p95": 296.796,
      "p99": 296.796
    },
    "packet_loss": {
      "p1": 0.3579542818256337,
      "p5": 0.3579542818256337,
      "p10": 0.33279462640056956,
      "p25": 0.26467551722227145,
      "p50": 0.1850537802526449,
      "p75": 0.12021557963451654,
      "p90": 0.0034682839038109835,
      "p95": 0.0,
      "p99": 0.0
    }
  }
}