{
  "metrics": {
    "download_throughput_mbps": {
      "p1": 1.0569308440054654,
      "p5": 1.4780022237039527,
      "p10": 4.362110603154349,
      "p25": 11.567517929360086,
      "p50": 25.21797673933728,
      "p75": 38.414956578571854,
      "p90": 112.6054321625637,
      "p95": 123.52400504953974,
      "p99": 193.06840963119768
    },
    "upload_throughput_mbps": {
      "p1": 0.13918359208841982,
      "p5": 0.13918359208841982,
      "p10": 0.17544353300505516,
      "p25": 3.6340910247668394,
      "p50": 8.111219028509426,
      "p75": 14.914101757836074,
      "p90": 30.78216018871377,
      "p95": 36.746859786579776,
      "p99": 36.746859786579776
    },
    "latency_ms": {
      "p1": 150.017,
      "p5": 144.852,
      "p10": 142.272,
      "p25": 140.605,
      "p50": 108.79,
      "p75": 86.01,
      "p90": 85.942,
      "p95": 47.085,
      "p99": 45.071
    },
    "packet_loss": {
      "p1": 0.1547675661755822,
      "p5": 0.1477797917065594,
      "p10": 0.11362271817401631,
      "p25": 0.06578163236841772,
      "p50": 0.001115782599016662,
      "p75": 0.0,
      "p90": 0.0,
      "p95": 0.0,
      "p99": 0.0
    }
  }
}