{
  "metrics": {
    "download_throughput_mbps": {
      "p1": 0.1845627138309514,
      "p5": 0.796369663338214,
      "p10": 1.168402657730436,
      "p25": 2.6695512558032006,
      "p50": 10.278267391791488,
      "p75": 27.991275438337446,
      "p90": 63.419132109726085,
      "p95": 99.60584756424484,
      "p99": 112.14423357588323
    },
    "upload_throughput_mbps": {
      "p1": 0.024539123928715822,
      "p5": 0.10307837938432413,
      "p10": 0.3560574056355545,
      "p25": 2.5587990288544926,
      "p50": 7.397855156467668,
      "p75": 15.562665316337425,
      "p90": 25.963020653870927,
      "p95": 28.87857979919615,
      "p99": 37.73912509578511
    },
    "latency_ms": {
      "p1": 249.678,
      "p5": 167.539,
      "p10": 146.26,
      "p25": 134.826,
      "p50": 94.882,
      "p75": 91.727,
      "p90": 82.143,
      "p95": 80.615,
      "p99": 43.121
    },
    "packet_loss": {
      "p1": 0.22381216983958277,
      "p5": 0.16247388974661703,
      "p10": 0.09558902163633415,
      "p25": 0.012330876111159626,
      "p50": 0.0008479370327335461,
      "p75": 0.0,
      "p90": 0.0,
      "p95": 0.0,
      "p99": 0.0
    }
  }
}