{
  "metrics": {
    "download_throughput_mbps": {
      "p1": 0.4408884512281854,
      "p5": 2.5619801863245093,
      "p10": 5.670417897787543,
      "p25": 15.961741505917791,
      "p50": 38.244437436374554,
      "p75": 72.68455937733367,
      "p90": 140.40554039477115,
      "p95": 185.8158436847882,
      "p99": 289.6270436672625
    },
    "upload_throughput_mbps": {
      "p1": 0.10670177902294029,
      "p5": 0.6385533639048935,
      "p10": 1.4944464972047737,
      "p25": 4.636620644470737,
      "p50": 10.439108943711851,
      "p75": 23.4856071123868,
      "p90": 46.764000609986276,
      "p95": 69.32428512689567,
      "p99": 139.62120431733945
    },
    "latency_ms": {
      "p1": 70.927,
      "p5": 57.624,
      "p10": 52.759,
      "p25": 46.078,
      "p50": 39.64,
      "p75": 28.887,
      "p90": 22.339,
      "p95": 10.565,
      "p99": 8.038
    },
    "packet_loss": {
      "p1": 0.20593013228051377,
      "p5": 0.12495383223340668,
      "p10": 0.0980706683933639,
      "p25": 0.04989007265025607,
      "p50": 0.010244376270632138,
      "p75": 0.0004047418526834692,
      "p90": 0.0,
      "p95": 0.0,
      "p99": 0.0
    }
  }
}