{
  "metrics": {
    "download_throughput_mbps": {
      "p1": 0.2746389568306096,
      "p5": 1.7634038174899005,
      "p10": 3.7872012593647195,
      "p25": 15.278153276884417,
      "p50": 39.23742364676649,
      "p75": 84.1863021413191,
      "p90": 167.06677038151204,
      "p95": 220.538551359427,
      "p99": 311.1776387007104
    },
    "upload_throughput_mbps": {
      "p1": 0.07648044054192946,
      "p5": 0.32544429640258277,
      "p10": 1.0649611297215607,
      "p25": 3.7448950388835613,
      "p50": 11.001550491782394,
      "p75": 22.722438798440653,
      "p90": 47.30943327666143,
      "p95": 78.83905563884693,
      "p99": 180.85392081909052
    },
    "latency_ms": {
      "p1": 173.904,
      "p5": 66.913,
      "p10": 60.0,
      "p25": 50.736,
      "p50": 38.686,
      "p75": 33.838,
      "p90": 30.053,
      "p95": 27.587,
      "p99": 20.673
    },
    "packet_loss": {
      "p1": 0.2374956224611406,
      "p5": 0.14809762404889612,
      "p10": 0.11469976229120556,
      "p25": 0.06694956584698912,
      "p50": 0.018537130822705052,
      "p75": 0.0005988997780927424,
      "p90": 0.0,
      "p95": 0.0,
      "p99": 0.0
    }
  }
}