{
  "metrics": {
    "download_throughput_mbps": {
      "p1": 0.0917029313499762,
      "p5": 0.3205200711505633,
      "p10": 0.7918141351970487,
      "p25": 2.6369316532334284,
      "p50": 11.016168928787918,
      "p75": 38.534256305466805,
      "p90": 82.95802606088375,
      "p95": 180.16017761649408,
      "p99": 293.59010591095864
    },
    "upload_throughput_mbps": {
      "p1": 0.01930682656237634,
      "p5": 0.1314305245257261,
      "p10": 0.3142300626100636,
      "p25": 0.8959706083749296,
      "p50": 3.272309606432061,
      "p75": 10.751722357948656,
      "p90": 33.7023564757236,
      "p95": 73.21534809898738,
      "p99": 247.76672964933869
    },
    "latency_ms": {
      "p1": 467.908,
      "p5": 364.096,
      "p10": 225.96,
      "p25": 70.074,
      "p50": 42.351,
      "p75": 32.881,
      "p90": 28.613,
      "p95": 26.258,
      "p99": 22.36
    },
    "packet_loss": {
      "p1": 0.3839940427556392,
      "p5": 0.2443951898422333,
      "p10": 0.16543711730623617,
      "p25": 0.0815535233035523,
      "p50": 0.015552095143155935,
      "p75": 0.0009414985405872096,
      "p90": 0.0,
      "p95": 0.0,
      "p99": 0.0
    }
  }
}