{
  "metrics": {
    "download_throughput_mbps": {
      "p1": 1.077962697028755,
      "p5": 6.827985538508129,
      "p10": 14.222953823184136,
      "p25": 40.42694936684052,
      "p50": 129.34764111489025,
      "p75": 300.41333187203156,
      "p90": 312.7855927258096,
      "p95": 350.4199598701283,
      "p99": 633.5307516628716
    },
    "upload_throughput_mbps": {
      "p1": 0.0691716235717234,
      "p5": 0.2510345478587879,
      "p10": 2.032385141706745,
      "p25": 15.889894077846902,
      "p50": 93.61207294717211,
      "p75": 266.60787381165426,
      "p90": 270.08827952633345,
      "p95": 297.9975190200959,
      "p99": 437.0561454047719
    },
    "latency_ms": {
      "p1": 156.731,
      "p5": 62.321,
      "p10": 36.95,
      "p25": 30.498,
      "p50": 11.788,
      "p75": 3.0,
      "p90": 3.0,
      "p95": 3.0,
      "p99": 0.326
    },
    "packet_loss": {
      "p1": 0.14550114390158114,
      "p5": 0.10282153320258111,
      "p10": 0.09561498688957398,
      "p25": 0.07660110476381311,
      "p50": 0.0010187550021865642,
      "p75": 0.0,
      "p90": 0.0,
      "p95": 0.0,
      "p99": 0.0
    }
  }
}