{
  "sample_counts": {
    "downloads": 42737,
    "uploads": 36493
  },
  "metrics": {
    "download_throughput_mbps": {
      "p1": 0.3371936720531858,
      "p5": 1.9956779377443443,
      "p10": 4.852578761942473,
      "p25": 15.231393668639102,
      "p50": 50.024713581243944,
      "p75": 138.9549726831921,
      "p90": 363.55685621320964,
      "p95": 519.0213934174361,
      "p99": 751.4689773815049
    },
    "upload_throughput_mbps": {
      "p1": 0.07496650709665575,
      "p5": 0.5403482374849342,
      "p10": 1.65150662938528,
      "p25": 7.0573572777807225,
      "p50": 22.8636517764728,
      "p75": 71.51900278880757,
      "p90": 121.92188386559485,
      "p95": 221.50857463311786,
      "p99": 305.3448650611846
    },
    "latency_ms": {
      "p1": 339.084,
      "p5": 199.102,
      "p10": 145.892,
      "p25": 41.169,
      "p50": 20.935,
      "p75": 18.194,
      "p90": 16.476,
      "p95": 15.0,
      "p99": 1.474
    },
    "packet_loss": {
      "p1": 0.29170729698462744,
      "p5": 0.16668561502288604,
      "p10": 0.11759452283540514,
      "p25": 0.05783743933641156,
      "p50": 0.00658763808078303,
      "p75": 0.0,
      "p90": 0.0,
      "p95": 0.0,
      "p99": 0.0
    }
  }
}