{
  "metrics": {
    "download_throughput_mbps": {
      "p1": 0.20989989554440922,
      "p5": 1.0376316359191002,
      "p10": 2.6725285589479393,
      "p25": 11.150663974154538,
      "p50": 46.038662391057926,
      "p75": 132.82878840842173,
      "p90": 304.69990453138496,
      "p95": 460.77822920111504,
      "p99": 687.6017607133093
    },
    "upload_throughput_mbps": {
      "p1": 0.04887098051544437,
      "p5": 0.08842200166276243,
      "p10": 0.28772790531593917,
      "p25": 3.2026118837711723,
      "p50": 18.746835182281142,
      "p75": 59.53955016436694,
      "p90": 112.10106626889478,
      "p95": 206.41140123516047,
      "p99": 295.78256835313005
    },
    "latency_ms": {
      "p1": 305.847,
      "p5": 187.802,
      "p10": 119.792,
      "p25": 33.039,
      "p50": 19.994,
      "p75": 17.597,
      "p90": 16.0,
      "p95": 15.421,
      "p99": 14.0
    },
    "packet_loss": {
      "p1": 0.33254052488690766,
      "p5": 0.20457071161528506,
      "p10": 0.14267207961894665,
      "p25": 0.06706005513636985,
      "p50": 0.006143190593031364,
      "p75": 0.0,
      "p90": 0.0,
      "p95": 0.0,
      "p99": 0.0
    }
  }
}