{
  "sample_counts": {
    "downloads": 42737,
    "uploads": 36493
  },
  "metrics": {
    "download_throughput_mbps": {
      "p1": 0.34227098341874695,
      "p5": 2.0050602946104297,
      "p10": 4.829645130602473,
      "p25": 15.22434290003249,
      "p50": 49.98571146159887,
      "p75": 138.97628724187012,
      "p90": 363.1102566674616,
      "p95": 520.609253755341,
      "p99": 750.4640072574977
    },
    "upload_throughput_mbps": {
      "p1": 0.07458375126168135,
      "p5": 0.5436737880479822,
      "p10": 1.652840778324904,
      "p25": 7.04807750189541,
      "p50": 22.881643674139134,
      "p75": 71.5588192971058,
      "p90": 121.8726513231747,
      "p95": 221.21403403021233,
      "p99": 305.76851703610623
    },
    "latency_ms": {
      "p1": 343.322,
      "p5": 198.446,
      "p10": 145.931,
      "p25": 41.213,
      "p50": 20.938,
      "p75": 18.191,
      "p90": 16.476,
      "p95": 15.0,
      "p99": 1.4
    },
    "packet_loss": {
      "p1": 0.2913825220205726,
      "p5": 0.1666607533558039,
      "p10": 0.11750268567179813,
      "p25": 0.057920036175228395,
      "p50": 0.006589320482259453,
      "p75": 0.0,
      "p90": 0.0,
      "p95": 0.0,
      "p99": 0.0
    }
  }
}