{
  "sample_counts": {
    "downloads": 228395,
    "uploads": 161328
  },
  "metrics": {
    "download_throughput_mbps": {
      "p1": 0.21191071052901525,
      "p5": 1.0343303171932023,
      "p10": 2.684895644630135,
      "p25": 11.145002565063065,
      "p50": 46.07090421564904,
      "p75": 132.7702391431712,
      "p90": 305.21067981251997,
      "p95": 461.4700891367661,
      "p99": 690.0142643824702
    },
    "upload_throughput_mbps": {
      "p1": 0.04887098051544437,
      "p5": 0.08842200166276243,
      "p10": 0.28772790531593917,
      "p25": 3.2026118837711723,
      "p50": 18.746835182281142,
      "p75": 59.53955016436694,
      "p90": 112.10106626889478,
      "p95": 206.41140123516047,
      "p99": 295.78256835313005
    },
    "latency_ms": {
      "p1": 304.414,
      "p5": 187.825,
      "p10": 119.778,
      "p25": 33.041,
      "p50": 19.994,
      "p75": 17.596,
      "p90": 16.0,
      "p95": 15.414,
      "p99": 14.0
    },
    "packet_loss": {
      "p1": 0.3318344718196578,
      "p5": 0.20435724892747986,
      "p10": 0.14272384131074992,
      "p25": 0.06708082626857009,
      "p50": 0.0061618974547608335,
      "p75": 0.0,
      "p90": 0.0,
      "p95": 0.0,
      "p99": 0.0
    }
  }
}