{
  "sample_counts": {
    "downloads": 10534,
    "uploads": 4778
  },
  "metrics": {
    "download_throughput_mbps": {
      "p1": 0.05755995222263072,
      "p5": 0.1312326873722584,
      "p10": 0.2316345672315739,
      "p25": 0.6075763323490557,
      "p50": 1.5679960256201266,
      "p75": 3.391765814811838,
      "p90": 7.509615745457938,
      "p95": 13.345939950834191,
      "p99": 35.59093741794099
    },
    "upload_throughput_mbps": {
      "p1": 0.017213587950488433,
      "p5": 0.06703357988992603,
      "p10": 0.11842288014711067,
      "p25": 0.32179947300313516,
      "p50": 0.7098564349861523,
      "p75": 1.887203191754574,
      "p90": 4.607441391936447,
      "p95": 8.386901885741898,
      "p99": 21.577133248255596
    },
    "latency_ms": {
      "p1": 739.498,
      "p5": 413.771,
      "p10": 367.891,
      "p25": 280.846,
      "p50": 242.0,
      "p75": 197.951,
      "p90": 172.0,
      "p95": 141.484,
      "p99": 87.547
    },
    "packet_loss": {
      "p1": 0.3756439848335547,
      "p5": 0.29937449418910966,
      "p10": 0.2530205139531034,
      "p25": 0.17371590349853744,
      "p50": 0.04940342316929059,
      "p75": 0.0,
      "p90": 0.0,
      "p95": 0.0,
      "p99": 0.0
    }
  }
}