{
  "sample_counts": {
    "downloads": 10534,
    "uploads": 4778
  },
  "metrics": {
    "download_throughput_mbps": {
      "p1": 0.0581395560672749,
      "p5": 0.13167155776209316,
      "p10": 0.23234538746107092,
      "p25": 0.6075499696472334,
      "p50": 1.5679960256201266,
      "p75": 3.3938847853643535,
      "p90": 7.506671194427273,
      "p95": 13.336801303600565,
      "p99": 35.47188088437403
    },
    "upload_throughput_mbps": {
      "p1": 0.017392485716108907,
      "p5": 0.06664307394438485,
      "p10": 0.11842288014711067,
      "p25": 0.32309888500636375,
      "p50": 0.7098564349861523,
      "p75": 1.8815026398857446,
      "p90": 4.593886209618156,
      "p95": 8.394931556492793,
      "p99": 21.227667295099433
    },
    "latency_ms": {
      "p1": 742.476,
      "p5": 413.723,
      "p10": 368.073,
      "p25": 280.782,
      "p50": 241.94,
      "p75": 198.0,
      "p90": 172.067,
      "p95": 141.563,
      "p99": 89.079
    },
    "packet_loss": {
      "p1": 0.37505045581731206,
      "p5": 0.2996725001702617,
      "p10": 0.2531211461027002,
      "p25": 0.1738037051038656,
      "p50": 0.04940342316929059,
      "p75": 0.0,
      "p90": 0.0,
      "p95": 0.0,
      "p99": 0.0
    }
  }
}