{
  "metrics": {
    "download_throughput_mbps": {
      "p1": 0.0532754700868573,
      "p5": 0.144382489533087,
      "p10": 0.2749658411271892,
      "p25": 0.862648496301206,
      "p50": 2.2358375460146664,
      "p75": 8.702633610571693,
      "p90": 82.11132569126039,
      "p95": 192.49521989330785,
      "p99": 514.5790386378278
    },
    "upload_throughput_mbps": {
      "p1": 0.010143062780999036,
      "p5": 0.06900919233913407,
      "p10": 0.10309460508110348,
      "p25": 0.2942450309326346,
      "p50": 1.1267362365258098,
      "p75": 3.3349855942129674,
      "p90": 7.823103483034427,
      "p95": 24.600640549494987,
      "p99": 88.21470471501786
    },
    "latency_ms": {
      "p1": 581.606,
      "p5": 326.0,
      "p10": 295.421,
      "p25": 241.0,
      "p50": 194.713,
      "p75": 146.488,
      "p90": 12.0,
      "p95": 0.18,
      "p99": 0.15
    },
    "packet_loss": {
      "p1": 0.37618224890013,
      "p5": 0.3142474590845502,
      "p10": 0.27479272969749485,
      "p25": 0.1878708491665447,
      "p50": 0.0941949221358067,
      "p75": 0.008210614109462173,
      "p90": 0.0,
      "p95": 0.0,
      "p99": 0.0
    }
  }
}