{
  "metrics": {
    "download_throughput_mbps": {
      "p1": 0.35380996051633057,
      "p5": 1.3256383533482115,
      "p10": 3.4453569422244903,
      "p25": 18.629765036075128,
      "p50": 41.78199601875009,
      "p75": 79.41330999376788,
      "p90": 135.86741085905064,
      "p95": 152.10742727381952,
      "p99": 212.53544946852787
    },
    "upload_throughput_mbps": {
      "p1": 0.01876633926530018,
      "p5": 0.08314010718801261,
      "p10": 2.3527908351056968,
      "p25": 6.144241298155085,
      "p50": 18.34674621261322,
      "p75": 48.850837757825964,
      "p90": 117.89271789655389,
      "p95": 157.78698951315542,
      "p99": 239.71885476249875
    },
    "latency_ms": {
      "p1": 302.846,
      "p5": 184.468,
      "p10": 173.807,
      "p25": 140.274,
      "p50": 112.113,
      "p75": 96.594,
      "p90": 87.445,
      "p95": 85.565,
      "p99": 82.555
    },
    "packet_loss": {
      "p1": 0.22994950492984098,
      "p5": 0.17786598043990368,
      "p10": 0.14837935697179747,
      "p25": 0.06977809613476774,
      "p50": 0.021216931226910075,
      "p75": 0.0,
      "p90": 0.0,
      "p95": 0.0,
      "p99": 0.0
    }
  }
}