{
  "metrics": {
    "download_throughput_mbps": {
      "p1": 0.10706708300353086,
      "p5": 0.7150217991236556,
      "p10": 3.08311647377966,
      "p25": 14.50330737962543,
      "p50": 51.8559387904955,
      "p75": 106.62005670020027,
      "p90": 193.94800645062003,
      "p95": 214.79842862205257,
      "p99": 362.58028626687445
    },
    "upload_throughput_mbps": {
      "p1": 0.07632932701562078,
      "p5": 0.5988835262371335,
      "p10": 2.7418946816056673,
      "p25": 10.852339635079007,
      "p50": 45.60004015628956,
      "p75": 115.83555690532478,
      "p90": 168.22795874995575,
      "p95": 197.07594948227603,
      "p99": 241.65077079412166
    },
    "latency_ms": {
      "p1": 243.351,
      "p5": 144.466,
      "p10": 138.0,
      "p25": 123.94,
      "p50": 113.935,
      "p75": 100.097,
      "p90": 88.502,
      "p95": 86.596,
      "p99": 33.171
    },
    "packet_loss": {
      "p1": 0.26474578694451845,
      "p5": 0.16782678428227746,
      "p10": 0.1263597026878392,
      "p25": 0.08102329245876795,
      "p50": 0.015413706795565838,
      "p75": 0.0,
      "p90": 0.0,
      "p95": 0.0,
      "p99": 0.0
    }
  }
}