{
  "metrics": {
    "download_throughput_mbps": {
      "p1": 1.7281117276135436,
      "p5": 10.627165601969175,
      "p10": 22.14201413303459,
      "p25": 34.736979185808615,
      "p50": 50.54937776928915,
      "p75": 63.620025625678316,
      "p90": 66.19363385358608,
      "p95": 94.46272452118936,
      "p99": 242.53450161621174
    },
    "upload_throughput_mbps": {
      "p1": 0.3339561899097235,
      "p5": 3.901680792771157,
      "p10": 10.392619656550968,
      "p25": 18.280132827193558,
      "p50": 19.75091844085241,
      "p75": 20.382116622704274,
      "p90": 20.771273305854024,
      "p95": 29.777179887293887,
      "p99": 67.0528765866316
    },
    "latency_ms": {
      "p1": 81.071,
      "p5": 51.521,
      "p10": 44.473,
      "p25": 29.573,
      "p50": 29.096,
      "p75": 28.833,
      "p90": 28.068,
      "p95": 10.831,
      "p99": 4.903
    },
    "packet_loss": {
      "p1": 0.15546086796810218,
      "p5": 0.08412604390373049,
      "p10": 0.06618315463581274,
      "p25": 0.04406065915216672,
      "p50": 0.0035528197672093907,
      "p75": 0.0,
      "p90": 0.0,
      "p95": 0.0,
      "p99": 0.0
    }
  }
}