{
  "sample_counts": {
    "downloads": 37132,
    "uploads": 35332
  },
  "metrics": {
    "download_throughput_mbps": {
      "p1": 1.694169738503804,
      "p5": 10.592498940597661,
      "p10": 22.157079672397852,
      "p25": 34.73496285614328,
      "p50": 50.54937776928915,
      "p75": 63.62106046666405,
      "p90": 66.19108719573576,
      "p95": 94.40631478472912,
      "p99": 242.96909237847993
    },
    "upload_throughput_mbps": {
      "p1": 0.32765335102290677,
      "p5": 3.904151074428845,
      "p10": 10.341559644228829,
      "p25": 18.280182180413327,
      "p50": 19.75091844085241,
      "p75": 20.38212069904118,
      "p90": 20.769267584538074,
      "p95": 29.700711486987004,
      "p99": 68.37233569587049
    },
    "latency_ms": {
      "p1": 82.243,
      "p5": 51.477,
      "p10": 44.528,
      "p25": 29.572,
      "p50": 29.096,
      "p75": 28.833,
      "p90": 28.068,
      "p95": 10.831,
      "p99": 4.958
    },
    "packet_loss": {
      "p1": 0.15452977091864992,
      "p5": 0.08430546440924926,
      "p10": 0.06622926282350555,
      "p25": 0.04410938425096103,
      "p50": 0.003551419233626923,
      "p75": 0.0,
      "p90": 0.0,
      "p95": 0.0,
      "p99": 0.0
    }
  }
}