{
  "sample_counts": {
    "downloads": 20502,
    "uploads": 13662
  },
  "metrics": {
    "download_throughput_mbps": {
      "p1": 0.38672922747256805,
      "p5": 2.5093554019090165,
      "p10": 6.0432850843672705,
      "p25": 19.27311733559233,
      "p50": 51.95056136738524,
      "p75": 108.64421105806916,
      "p90": 235.4502253392037,
      "p95": 321.0543443751349,
      "p99": 506.5827521221533
    },
    "upload_throughput_mbps": {
      "p1": 0.06302810440622174,
      "p5": 0.08947534682996815,
      "p10": 0.47166343328906396,
      "p25": 3.321035689830606,
      "p50": 14.603689562532042,
      "p75": 36.76406414254735,
      "p90": 68.18445558467054,
      "p95": 95.24259499676361,
      "p99": 261.49305342438976
    },
    "latency_ms": {
      "p1": 195.195,
      "p5": 92.109,
      "p10": 74.165,
      "p25": 49.836,
      "p50": 40.412,
      "p75": 27.274,
      "p90": 11.158,
      "p95": 10.722,
      "p99": 3.988
    },
    "packet_loss": {
      "p1": 0.24001145162074516,
      "p5": 0.14494667925155638,
      "p10": 0.10469536269570032,
      "p25": 0.04682188434415772,
      "p50": 0.002997666645175897,
      "p75": 1.0642944447795e-05,
      "p90": 0.0,
      "p95": 0.0,
      "p99": 0.0
    }
  }
}