{
  "metrics": {
    "download_throughput_mbps": {
      "p1": 0.3808701785081954,
      "p5": 2.514774879764215,
      "p10": 6.0432850843672705,
      "p25": 19.228706296507553,
      "p50": 52.010269925525414,
      "p75": 108.90372789988487,
      "p90": 235.5660239217963,
      "p95": 321.23131425240194,
      "p99": 504.8350518060003
    },
    "upload_throughput_mbps": {
      "p1": 0.06302810440622174,
      "p5": 0.08947534682996815,
      "p10": 0.47166343328906396,
      "p25": 3.321035689830606,
      "p50": 14.603689562532042,
      "p75": 36.76406414254735,
      "p90": 68.18445558467054,
      "p95": 95.24259499676361,
      "p99": 261.49305342438976
    },
    "latency_ms": {
      "p1": 198.953,
      "p5": 92.336,
      "p10": 74.183,
      "p25": 49.823,
      "p50": 40.414,
      "p75": 27.277,
      "p90": 11.153,
      "p95": 10.721,
      "p99": 4.0
    },
    "packet_loss": {
      "p1": 0.23959633497272428,
      "p5": 0.1445805363230591,
      "p10": 0.10483921008272441,
      "p25": 0.04677386864059887,
      "p50": 0.002997666645175897,
      "p75": 1.065673792151772e-05,
      "p90": 0.0,
      "p95": 0.0,
      "p99": 0.0
    }
  }
}