{
  "sample_counts": {
    "downloads": 37132,
    "uploads": 35332
  },
  "metrics": {
    "download_throughput_mbps": {
      "p1": 1.7390704295593546,
      "p5": 10.630400852653995,
      "p10": 22.14201413303459,
      "p25": 34.718775760140375,
      "p50": 50.533873858018275,
      "p75": 63.61788140746451,
      "p90": 66.19146430454818,
      "p95": 94.50768436204301,
      "p99": 243.30425889090523
    },
    "upload_throughput_mbps": {
      "p1": 0.32529531235047643,
      "p5": 3.9100517778253314,
      "p10": 10.386448644195422,
      "p25": 18.28010175308079,
      "p50": 19.750922390782513,
      "p75": 20.382118660872525,
      "p90": 20.772239983825575,
      "p95": 29.703921759604903,
      "p99": 66.30087430449188
    },
    "latency_ms": {
      "p1": 81.642,
      "p5": 51.477,
      "p10": 44.465,
      "p25": 29.572,
      "p50": 29.096,
      "p75": 28.833,
      "p90": 28.072,
      "p95": 10.809,
      "p99": 4.923
    },
    "packet_loss": {
      "p1": 0.1555228375186223,
      "p5": 0.0843270439622779,
      "p10": 0.06626011125746789,
      "p25": 0.04407966649470016,
      "p50": 0.0035529469814635736,
      "p75": 0.0,
      "p90": 0.0,
      "p95": 0.0,
      "p99": 0.0
    }
  }
}