{
  "sample_counts": {
    "downloads": 7412,
    "uploads": 6846
  },
  "metrics": {
    "download_throughput_mbps": {
      "p1": 0.3655958476449882,
      "p5": 2.6907418900676423,
      "p10": 7.476014319723681,
      "p25": 20.89678102865291,
      "p50": 42.143678585602586,
      "p75": 94.79148735186641,
      "p90": 184.87902218518408,
      "p95": 196.21098297686984,
      "p99": 237.18998159895327
    },
    "upload_throughput_mbps": {
      "p1": 0.13724569067322312,
      "p5": 1.1684351979982144,
      "p10": 3.137836301155764,
      "p25": 11.767576211095438,
      "p50": 18.64133905887021,
      "p75": 20.939891178132907,
      "p90": 44.70845723582732,
      "p95": 65.38435467609695,
      "p99": 137.52020278735617
    },
    "latency_ms": {
      "p1": 282.248,
      "p5": 127.331,
      "p10": 111.734,
      "p25": 103.385,
      "p50": 100.633,
      "p75": 92.532,
      "p90": 89.0,
      "p95": 53.672,
      "p99": 28.992
    },
    "packet_loss": {
      "p1": 0.261185168389505,
      "p5": 0.17688838329043163,
      "p10": 0.1428569160859378,
      "p25": 0.08810075315690653,
      "p50": 0.015059371562556684,
      "p75": 0.0,
      "p90": 0.0,
      "p95": 0.0,
      "p99": 0.0
    }
  }
}