{
  "metrics": {
    "download_throughput_mbps": {
      "p1": 0.10848421996748697,
      "p5": 0.3858893690778588,
      "p10": 0.8757985352982679,
      "p25": 3.163720680901181,
      "p50": 7.259283487956144,
      "p75": 17.778617263126268,
      "p90": 48.7174090133178,
      "p95": 87.91513675985392,
      "p99": 133.36335304906035
    },
    "upload_throughput_mbps": {
      "p1": 0.04113937657757041,
      "p5": 0.21642272793812378,
      "p10": 0.5681664639373069,
      "p25": 1.6092097917112012,
      "p50": 4.062010961287099,
      "p75": 7.877974683088624,
      "p90": 16.51515787246408,
      "p95": 25.565326154781523,
      "p99": 71.20298078509607
    },
    "latency_ms": {
      "p1": 355.0,
      "p5": 299.315,
      "p10": 290.707,
      "p25": 268.776,
      "p50": 163.0,
      "p75": 146.151,
      "p90": 71.0,
      "p95": 54.842,
      "p99": 1.0
    },
    "packet_loss": {
      "p1": 0.3392688681200437,
      "p5": 0.24712015823413908,
      "p10": 0.20700528081814312,
      "p25": 0.1122661249303286,
      "p50": 0.0009569390638651086,
      "p75": 0.0,
      "p90": 0.0,
      "p95": 0.0,
      "p99": 0.0
    }
  }
}