{
  "metrics": {
    "download_throughput_mbps": {
      "p1": 0.45063868400846924,
      "p5": 0.45063868400846924,
      "p10": 1.0958105172136203,
      "p25": 7.144432289302164,
      "p50": 20.237812756719133,
      "p75": 34.89610575115981,
      "p90": 54.42475553205651,
      "p95": 70.92428454803768,
      "p99": 70.92428454803768
    },
    "upload_throughput_mbps": {
      "p1": 0.09580364117190397,
      "p5": 0.09580364117190397,
      "p10": 0.09580364117190397,
      "p25": 0.09580364117190397,
      "p50": 0.5097872559985553,
      "p75": 2.582074570793456,
      "p90": 3.8692449810272094,
      "p95": 3.8692449810272094,
      "p99": 3.8692449810272094
    },
    "latency_ms": {
      "p1": 492.87,
      "p5": 492.87,
      "p10": 486.947,
      "p25": 459.734,
      "p50": 199.0,
      "p75": 172.213,
      "p90": 114.0,
      "p95": 93.399,
      "p99": 93.399
    },
    "packet_loss": {
      "p1": 0.10576790670837947,
      "p5": 0.10576790670837947,
      "p10": 0.10401863844610461,
      "p25": 0.06285208382958159,
      "p50": 0.004385354211145416,
      "p75": 0.0,
      "p90": 0.0,
      "p95": 0.0,
      "p99": 0.0
    }
  }
}