{
  "sample_counts": {
    "downloads": 680456,
    "uploads": 497633
  },
  "metrics": {
    "download_throughput_mbps": {
      "p1": 0.1870102140883233,
      "p5": 0.8590812506840657,
      "p10": 2.0695361247429576,
      "p25": 9.185244796390439,
      "p50": 34.20347128343445,
      "p75": 101.7511144668023,
      "p90": 263.32138007389227,
      "p95": 327.9782355147254,
      "p99": 608.494821774446
    },
    "upload_throughput_mbps": {
      "p1": 0.04114432632595317,
      "p5": 0.08901959537383834,
      "p10": 0.2284215548402471,
      "p25": 2.7757217122110376,
      "p50": 10.902310389302087,
      "p75": 38.43483498737595,
      "p90": 95.3939572482831,
      "p95": 190.57802403471828,
      "p99": 396.7878564325721
    },
    "latency_ms": {
      "p1": 229.801,
      "p5": 102.706,
      "p10": 56.341,
      "p25": 40.106,
      "p50": 19.141,
      "p75": 8.208,
      "p90": 4.013,
      "p95": 3.0,
      "p99": 1.374
    },
    "packet_loss": {
      "p1": 0.30943278462831725,
      "p5": 0.1809424195887473,
      "p10": 0.12812066114982024,
      "p25": 0.06027938284838957,
      "p50": 0.00469993151238963,
      "p75": 0.0,
      "p90": 0.0,
      "p95": 0.0,
      "p99": 0.0
    }
  }
}