{
  "metrics": {
    "download_throughput_mbps": {
      "p1": 0.18733798806736324,
      "p5": 0.8558578450386797,
      "p10": 2.0751239006677378,
      "p25": 9.16785825981337,
      "p50": 34.19470728839376,
      "p75": 101.72080082258513,
      "p90": 263.11417548808186,
      "p95": 327.5701943915765,
      "p99": 604.7500902418963
    },
    "upload_throughput_mbps": {
      "p1": 0.04114432632595317,
      "p5": 0.08901959537383834,
      "p10": 0.2284215548402471,
      "p25": 2.7757217122110376,
      "p50": 10.902310389302087,
      "p75": 38.43483498737595,
      "p90": 95.3939572482831,
      "p95": 190.57802403471828,
      "p99": 396.7878564325721
    },
    "latency_ms": {
      "p1": 229.923,
      "p5": 102.669,
      "p10": 56.265,
      "p25": 40.088,
      "p50": 19.13,
      "p75": 8.209,
      "p90": 4.019,
      "p95": 3.0,
      "p99": 1.375
    },
    "packet_loss": {
      "p1": 0.30948888950383263,
      "p5": 0.18079409932044815,
      "p10": 0.12794084283961998,
      "p25": 0.06034005062921887,
      "p50": 0.004714350216461714,
      "p75": 0.0,
      "p90": 0.0,
      "p95": 0.0,
      "p99": 0.0
    }
  }
}