{
  "sample_counts": {
    "downloads": 497475,
    "uploads": 363390
  },
  "metrics": {
    "download_throughput_mbps": {
      "p1": 0.16065168931894713,
      "p5": 0.6907591980832509,
      "p10": 1.6383637008153138,
      "p25": 6.838045964491886,
      "p50": 25.860745868504264,
      "p75": 89.19353425112638,
      "p90": 221.63512325084264,
      "p95": 298.54390301697026,
      "p99": 559.8237273374594
    },
    "upload_throughput_mbps": {
      "p1": 0.030826330810902046,
      "p5": 0.07555655462110927,
      "p10": 0.11817389040986581,
      "p25": 1.9222024694143136,
      "p50": 9.230941476010177,
      "p75": 28.148598355024333,
      "p90": 73.01082606210878,
      "p95": 112.42301643546826,
      "p99": 324.00611504414246
    },
    "latency_ms": {
      "p1": 284.86,
      "p5": 110.462,
      "p10": 61.95,
      "p25": 43.106,
      "p50": 20.962,
      "p75": 8.735,
      "p90": 4.338,
      "p95": 3.252,
      "p99": 1.501
    },
    "packet_loss": {
      "p1": 0.31663119700683084,
      "p5": 0.190020321460364,
      "p10": 0.13662864859345597,
      "p25": 0.06662647083055583,
      "p50": 0.006267605671168377,
      "p75": 0.0,
      "p90": 0.0,
      "p95": 0.0,
      "p99": 0.0
    }
  }
}