{
  "sample_counts": {
    "downloads": 497475,
    "uploads": 363390
  },
  "metrics": {
    "download_throughput_mbps": {
      "p1": 0.16185684628814584,
      "p5": 0.6871819054198389,
      "p10": 1.6373374538973389,
      "p25": 6.836557405341308,
      "p50": 25.851583222539624,
      "p75": 89.20986470385648,
      "p90": 221.54400749165984,
      "p95": 298.6501059813174,
      "p99": 560.6965812941393
    },
    "upload_throughput_mbps": {
      "p1": 0.030346365474949438,
      "p5": 0.07556035231445228,
      "p10": 0.11865626489540185,
      "p25": 1.9232364070595516,
      "p50": 9.236504731342599,
      "p75": 28.122730104446344,
      "p90": 72.83243219784161,
      "p95": 112.14438177915835,
      "p99": 325.77047958036945
    },
    "latency_ms": {
      "p1": 282.636,
      "p5": 110.806,
      "p10": 61.985,
      "p25": 43.105,
      "p50": 20.952,
      "p75": 8.735,
      "p90": 4.34,
      "p95": 3.257,
      "p99": 1.494
    },
    "packet_loss": {
      "p1": 0.31635600570361766,
      "p5": 0.19005091527512202,
      "p10": 0.1367343023526311,
      "p25": 0.06663422726405455,
      "p50": 0.006257216758941995,
      "p75": 0.0,
      "p90": 0.0,
      "p95": 0.0,
      "p99": 0.0
    }
  }
}