{
  "metrics": {
    "download_throughput_mbps": {
      "p1": 0.4236866740309859,
      "p5": 4.807212093230771,
      "p10": 6.912215112484546,
      "p25": 7.480363763444767,
      "p50": 9.199945583892832,
      "p75": 16.265058992635378,
      "p90": 30.264993086186543,
      "p95": 69.95451590669359,
      "p99": 146.53317303110703
    },
    "upload_throughput_mbps": {
      "p1": 0.00973560376092693,
      "p5": 0.17834086139474387,
      "p10": 3.683611767582104,
      "p25": 7.457874575825763,
      "p50": 8.08151528456572,
      "p75": 11.853455987006505,
      "p90": 17.161780638002686,
      "p95": 20.636514148254047,
      "p99": 67.51170572952155
    },
    "latency_ms": {
      "p1": 370.909,
      "p5": 258.56,
      "p10": 254.036,
      "p25": 239.935,
      "p50": 230.444,
      "p75": 156.705,
      "p90": 95.746,
      "p95": 51.84,
      "p99": 41.416
    },
    "packet_loss": {
      "p1": 0.12858844242159223,
      "p5": 0.04130847666064501,
      "p10": 0.015107575940449864,
      "p25": 0.0,
      "p50": 0.0,
      "p75": 0.0,
      "p90": 0.0,
      "p95": 0.0,
      "p99": 0.0
    }
  }
}