{
  "metrics": {
    "download_throughput_mbps": {
      "p1": 0.15872106049119777,
      "p5": 1.3643805510867975,
      "p10": 4.296917580849726,
      "p25": 10.262131266815379,
      "p50": 22.24468567659328,
      "p75": 25.389216111931567,
      "p90": 48.056767793932366,
      "p95": 61.68770166328603,
      "p99": 174.38851602647333
    },
    "upload_throughput_mbps": {
      "p1": 0.07557197520253314,
      "p5": 0.1823475708836014,
      "p10": 1.7431965505611158,
      "p25": 4.1234026178906795,
      "p50": 8.466275970079971,
      "p75": 11.047713367410548,
      "p90": 12.843415029938,
      "p95": 14.278831056708272,
      "p99": 75.28719404642061
    },
    "latency_ms": {
      "p1": 380.554,
      "p5": 258.922,
      "p10": 246.404,
      "p25": 232.303,
      "p50": 230.698,
      "p75": 229.0,
      "p90": 145.963,
      "p95": 90.8,
      "p99": 42.846
    },
    "packet_loss": {
      "p1": 0.33091980072697524,
      "p5": 0.28725032762058084,
      "p10": 0.26548486902571083,
      "p25": 0.20681384929670396,
      "p50": 0.0880140423886109,
      "p75": 0.0,
      "p90": 0.0,
      "p95": 0.0,
      "p99": 0.0
    }
  }
}