{
  "sample_counts": {
    "downloads": 702727,
    "uploads": 435337
  },
  "metrics": {
    "download_throughput_mbps": {
      "p1": 0.2790989746541409,
      "p5": 1.5138983435030424,
      "p10": 3.536438179728747,
      "p25": 12.856270509283968,
      "p50": 39.47948062378904,
      "p75": 91.37357165696437,
      "p90": 188.39132911257983,
      "p95": 272.7466344899071,
      "p99": 482.66300791852956
    },
    "upload_throughput_mbps": {
      "p1": 0.05518694592933275,
      "p5": 0.07630800785710658,
      "p10": 0.245918824861541,
      "p25": 3.3106284516644484,
      "p50": 11.129962225753742,
      "p75": 24.583303917437362,
      "p90": 50.30510531620474,
      "p95": 73.38526442986281,
      "p99": 210.32295300507388
    },
    "latency_ms": {
      "p1": 213.685,
      "p5": 53.387,
      "p10": 42.013,
      "p25": 32.765,
      "p50": 24.86,
      "p75": 18.016,
      "p90": 12.386,
      "p95": 9.0,
      "p99": 5.023
    },
    "packet_loss": {
      "p1": 0.233739314343496,
      "p5": 0.1338295668270407,
      "p10": 0.09926243474375453,
      "p25": 0.04212164592045624,
      "p50": 0.002230455056717839,
      "p75": 0.0,
      "p90": 0.0,
      "p95": 0.0,
      "p99": 0.0
    }
  }
}