{
  "metrics": {
    "download_throughput_mbps": {
      "p1": 0.26968469258354905,
      "p5": 1.5207294700157543,
      "p10": 3.5356357276612376,
      "p25": 12.846644562127441,
      "p50": 39.491531840262674,
      "p75": 91.37747825963478,
      "p90": 188.29082891666738,
      "p95": 272.88009010019493,
      "p99": 483.40274088530424
    },
    "upload_throughput_mbps": {
      "p1": 0.05535828687928487,
      "p5": 0.0762809745222465,
      "p10": 0.24669388915825627,
      "p25": 3.3153905473790983,
      "p50": 11.128523994990816,
      "p75": 24.580866779652915,
      "p90": 50.27536697096332,
      "p95": 73.47177222395597,
      "p99": 207.59641367440378
    },
    "latency_ms": {
      "p1": 213.378,
      "p5": 53.321,
      "p10": 42.008,
      "p25": 32.76,
      "p50": 24.853,
      "p75": 18.009,
      "p90": 12.374,
      "p95": 9.0,
      "p99": 5.0
    },
    "packet_loss": {
      "p1": 0.2345857024643698,
      "p5": 0.1341195598419022,
      "p10": 0.09927571324347712,
      "p25": 0.04217225743337633,
      "p50": 0.002230581384030098,
      "p75": 0.0,
      "p90": 0.0,
      "p95": 0.0,
      "p99": 0.0
    }
  }
}