{
  "metrics": {
    "download_throughput_mbps": {
      "p1": 0.30080353239156815,
      "p5": 1.7369432228457595,
      "p10": 4.227786537397423,
      "p25": 15.575137157933195,
      "p50": 47.8771361902202,
      "p75": 113.5183364029783,
      "p90": 242.23029613556085,
      "p95": 306.94540349566347,
      "p99": 572.3420197257919
    },
    "upload_throughput_mbps": {
      "p1": 0.06347013342543961,
      "p5": 0.08969931878200474,
      "p10": 0.5756570710888721,
      "p25": 4.87066165300904,
      "p50": 13.67747277356855,
      "p75": 31.019788031023666,
      "p90": 61.69121440090542,
      "p95": 95.90337182084085,
      "p99": 301.9504560260782
    },
    "latency_ms": {
      "p1": 203.682,
      "p5": 50.492,
      "p10": 41.056,
      "p25": 32.0,
      "p50": 24.378,
      "p75": 17.518,
      "p90": 11.284,
      "p95": 7.871,
      "p99": 4.91
    },
    "packet_loss": {
      "p1": 0.2292844045759583,
      "p5": 0.12665113512489962,
      "p10": 0.09053102490510517,
      "p25": 0.03514174747021057,
      "p50": 0.0013818762907387373,
      "p75": 0.0,
      "p90": 0.0,
      "p95": 0.0,
      "p99": 0.0
    }
  }
}