{
  "sample_counts": {
    "downloads": 781452,
    "uploads": 482545
  },
  "metrics": {
    "download_throughput_mbps": {
      "p1": 0.30160294415076083,
      "p5": 1.7393171756928174,
      "p10": 4.242745570735148,
      "p25": 15.577604257814745,
      "p50": 47.85853199930964,
      "p75": 113.59362528766549,
      "p90": 242.47113094675439,
      "p95": 306.79994816315167,
      "p99": 575.6128772653658
    },
    "upload_throughput_mbps": {
      "p1": 0.06347013342543961,
      "p5": 0.08969931878200474,
      "p10": 0.5756570710888721,
      "p25": 4.87066165300904,
      "p50": 13.67747277356855,
      "p75": 31.019788031023666,
      "p90": 61.69121440090542,
      "p95": 95.90337182084085,
      "p99": 301.9504560260782
    },
    "latency_ms": {
      "p1": 206.653,
      "p5": 50.447,
      "p10": 41.041,
      "p25": 32.0,
      "p50": 24.374,
      "p75": 17.504,
      "p90": 11.273,
      "p95": 7.894,
      "p99": 4.911
    },
    "packet_loss": {
      "p1": 0.22674625916430216,
      "p5": 0.1264325113553881,
      "p10": 0.09052545824051705,
      "p25": 0.035177993812209735,
      "p50": 0.0013931311003159354,
      "p75": 0.0,
      "p90": 0.0,
      "p95": 0.0,
      "p99": 0.0
    }
  }
}