{
  "metrics": {
    "download_throughput_mbps": {
      "p1": 0.2521729109035254,
      "p5": 1.5890736273159316,
      "p10": 4.435461991445361,
      "p25": 18.2047146907364,
      "p50": 49.62831284006769,
      "p75": 101.75950845962633,
      "p90": 232.7935342148398,
      "p95": 349.4692502449853,
      "p99": 825.451862553462
    },
    "upload_throughput_mbps": {
      "p1": 0.055474950618782604,
      "p5": 0.08254816976492291,
      "p10": 0.22321188860883634,
      "p25": 3.727835516692286,
      "p50": 12.24991959987136,
      "p75": 18.74329192190691,
      "p90": 40.215912247403416,
      "p95": 64.26217735344501,
      "p99": 244.15075910249496
    },
    "latency_ms": {
      "p1": 295.067,
      "p5": 60.85,
      "p10": 38.08,
      "p25": 23.615,
      "p50": 14.057,
      "p75": 6.218,
      "p90": 2.799,
      "p95": 1.23,
      "p99": 0.35
    },
    "packet_loss": {
      "p1": 0.23786379083599088,
      "p5": 0.1047220655254487,
      "p10": 0.06459058178678824,
      "p25": 0.012511348975975382,
      "p50": 0.0003037831042791329,
      "p75": 0.0,
      "p90": 0.0,
      "p95": 0.0,
      "p99": 0.0
    }
  }
}