{
  "sample_counts": {
    "downloads": 2753675,
    "uploads": 1982979
  },
  "metrics": {
    "download_throughput_mbps": {
      "p1": 0.24749195395633392,
      "p5": 1.5985267705317707,
      "p10": 4.4563667747988305,
      "p25": 18.189849417049867,
      "p50": 49.655371639620306,
      "p75": 101.80783286614789,
      "p90": 232.98731793847278,
      "p95": 352.69026036776387,
      "p99": 827.807192617981
    },
    "upload_throughput_mbps": {
      "p1": 0.055822238115509466,
      "p5": 0.08246635876682061,
      "p10": 0.2257099859507727,
      "p25": 3.7283407403794224,
      "p50": 12.244755398360226,
      "p75": 18.741551335178638,
      "p90": 40.22475584267091,
      "p95": 63.87170337505435,
      "p99": 240.94941049341915
    },
    "latency_ms": {
      "p1": 295.763,
      "p5": 60.711,
      "p10": 38.08,
      "p25": 23.63,
      "p50": 14.063,
      "p75": 6.218,
      "p90": 2.797,
      "p95": 1.229,
      "p99": 0.349
    },
    "packet_loss": {
      "p1": 0.23736903768918116,
      "p5": 0.10506696746881941,
      "p10": 0.064813486304873,
      "p25": 0.012530966019240246,
      "p50": 0.00030419899946832976,
      "p75": 0.0,
      "p90": 0.0,
      "p95": 0.0,
      "p99": 0.0
    }
  }
}