{
  "sample_counts": {
    "downloads": 2753675,
    "uploads": 1982979
  },
  "metrics": {
    "download_throughput_mbps": {
      "p1": 0.2466601803548446,
      "p5": 1.5958158168164942,
      "p10": 4.443152740661428,
      "p25": 18.197375682979306,
      "p50": 49.648702060909876,
      "p75": 101.8627420948964,
      "p90": 233.14814733739362,
      "p95": 352.2165602356705,
      "p99": 835.1423713288601
    },
    "upload_throughput_mbps": {
      "p1": 0.055636015532181,
      "p5": 0.08248940128947437,
      "p10": 0.22323936429831312,
      "p25": 3.722690503354634,
      "p50": 12.257421580237146,
      "p75": 18.74108764392614,
      "p90": 40.277526531509295,
      "p95": 63.78880412671752,
      "p99": 243.2148777288856
    },
    "latency_ms": {
      "p1": 298.276,
      "p5": 60.797,
      "p10": 38.066,
      "p25": 23.633,
      "p50": 14.071,
      "p75": 6.214,
      "p90": 2.805,
      "p95": 1.23,
      "p99": 0.35
    },
    "packet_loss": {
      "p1": 0.23669669421162046,
      "p5": 0.10523957877257,
      "p10": 0.06465333040681358,
      "p25": 0.01252818009371583,
      "p50": 0.0003040501381678853,
      "p75": 0.0,
      "p90": 0.0,
      "p95": 0.0,
      "p99": 0.0
    }
  }
}