{
  "metrics": {
    "download_throughput_mbps": {
      "p1": 0.3649566807445973,
      "p5": 2.669350703231963,
      "p10": 7.6836744901603895,
      "p25": 26.579389336411353,
      "p50": 77.13160041360352,
      "p75": 238.06947807200035,
      "p90": 474.706092922016,
      "p95": 537.4920196991524,
      "p99": 839.9211797619095
    },
    "upload_throughput_mbps": {
      "p1": 0.06360375689838686,
      "p5": 0.09605582983611866,
      "p10": 0.6971594045228744,
      "p25": 5.869527013398775,
      "p50": 18.463044282747006,
      "p75": 41.72976051813074,
      "p90": 56.864344211397196,
      "p95": 89.99248562618266,
      "p99": 288.7863616841602
    },
    "latency_ms": {
      "p1": 253.609,
      "p5": 42.99,
      "p10": 30.0,
      "p25": 18.876,
      "p50": 10.049,
      "p75": 5.01,
      "p90": 2.28,
      "p95": 1.088,
      "p99": 0.483
    },
    "packet_loss": {
      "p1": 0.22014822790593114,
      "p5": 0.09424665612235639,
      "p10": 0.05655865843588796,
      "p25": 0.008447614210305907,
      "p50": 8.494802620839642e-05,
      "p75": 0.0,
      "p90": 0.0,
      "p95": 0.0,
      "p99": 0.0
    }
  }
}