{
  "sample_counts": {
    "downloads": 2397501,
    "uploads": 1660554
  },
  "metrics": {
    "download_throughput_mbps": {
      "p1": 0.37051390741593804,
      "p5": 2.6724695616814786,
      "p10": 7.678946972468716,
      "p25": 26.575912131471462,
      "p50": 77.10554907373472,
      "p75": 238.17676950756442,
      "p90": 474.8252630226684,
      "p95": 537.5451114518221,
      "p99": 838.959126374807
    },
    "upload_throughput_mbps": {
      "p1": 0.06360375689838686,
      "p5": 0.09605582983611866,
      "p10": 0.6971594045228744,
      "p25": 5.869527013398775,
      "p50": 18.463044282747006,
      "p75": 41.72976051813074,
      "p90": 56.864344211397196,
      "p95": 89.99248562618266,
      "p99": 288.7863616841602
    },
    "latency_ms": {
      "p1": 251.931,
      "p5": 42.94,
      "p10": 30.0,
      "p25": 18.873,
      "p50": 10.047,
      "p75": 5.007,
      "p90": 2.275,
      "p95": 1.09,
      "p99": 0.487
    },
    "packet_loss": {
      "p1": 0.22108138990200937,
      "p5": 0.09470269489850705,
      "p10": 0.05652298444053576,
      "p25": 0.00847859297215262,
      "p50": 8.557026252594979e-05,
      "p75": 0.0,
      "p90": 0.0,
      "p95": 0.0,
      "p99": 0.0
    }
  }
}