{
  "metrics": {
    "download_throughput_mbps": {
      "p1": 0.18896263019669937,
      "p5": 1.269350252737995,
      "p10": 3.0038300462897127,
      "p25": 13.814481531754078,
      "p50": 66.3831431141703,
      "p75": 117.47001078386197,
      "p90": 183.56087750910498,
      "p95": 205.3085184224877,
      "p99": 225.30092826619412
    },
    "upload_throughput_mbps": {
      "p1": 0.07283597097512436,
      "p5": 0.34754747147911635,
      "p10": 1.5937478718858533,
      "p25": 5.9207172359673494,
      "p50": 14.864790185874796,
      "p75": 25.5877591146694,
      "p90": 36.82351925935044,
      "p95": 58.41359090241406,
      "p99": 109.1050892655634
    },
    "latency_ms": {
      "p1": 278.336,
      "p5": 133.629,
      "p10": 123.929,
      "p25": 104.918,
      "p50": 99.051,
      "p75": 93.882,
      "p90": 91.208,
      "p95": 90.0,
      "p99": 59.727
    },
    "packet_loss": {
      "p1": 0.267207428701112,
      "p5": 0.16337953873981922,
      "p10": 0.1098024340366095,
      "p25": 0.03702181769104763,
      "p50": 0.005571011740997233,
      "p75": 0.0,
      "p90": 0.0,
      "p95": 0.0,
      "p99": 0.0
    }
  }
}