{
  "metrics": {
    "download_throughput_mbps": {
      "p1": 2.7545570122779357,
      "p5": 3.8516264643146556,
      "p10": 9.496353330315705,
      "p25": 26.17246505578242,
      "p50": 49.10514744232698,
      "p75": 97.85988714395486,
      "p90": 439.9439140089287,
      "p95": 529.3415050445925,
      "p99": 599.6673907643744
    },
    "upload_throughput_mbps": {
      "p1": 0.08326162635526188,
      "p5": 0.2691952553164299,
      "p10": 2.929641125741988,
      "p25": 9.283773380775232,
      "p50": 42.647420363755124,
      "p75": 80.83186053620675,
      "p90": 341.0552176144106,
      "p95": 369.1771581622306,
      "p99": 370.86115696380176
    },
    "latency_ms": {
      "p1": 44.149,
      "p5": 31.526,
      "p10": 30.251,
      "p25": 16.571,
      "p50": 13.687,
      "p75": 10.391,
      "p90": 8.0,
      "p95": 5.975,
      "p99": 5.188
    },
    "packet_loss": {
      "p1": 0.27015615886314226,
      "p5": 0.13207969964771749,
      "p10": 0.08496357305936592,
      "p25": 0.07238188993109582,
      "p50": 0.03657716659938712,
      "p75": 0.0004526344761375539,
      "p90": 0.0,
      "p95": 0.0,
      "p99": 0.0
    }
  }
}