{
  "sample_counts": {
    "downloads": 14282,
    "uploads": 11762
  },
  "metrics": {
    "download_throughput_mbps": {
      "p1": 0.16522530757651108,
      "p5": 0.8510165713093879,
      "p10": 2.1776742736960477,
      "p25": 9.543142576700813,
      "p50": 26.78291694818808,
      "p75": 50.67943795964375,
      "p90": 81.39385150446667,
      "p95": 97.43555695320964,
      "p99": 120.70129816367212
    },
    "upload_throughput_mbps": {
      "p1": 0.09577912840993147,
      "p5": 0.573283838962778,
      "p10": 1.7196969310625263,
      "p25": 7.430110073937569,
      "p50": 24.75760237219232,
      "p75": 44.00270113868415,
      "p90": 74.42964797035204,
      "p95": 88.57916476466227,
      "p99": 100.2494512040313
    },
    "latency_ms": {
      "p1": 252.679,
      "p5": 193.558,
      "p10": 158.0,
      "p25": 140.0,
      "p50": 131.81,
      "p75": 126.872,
      "p90": 120.816,
      "p95": 115.827,
      "p99": 58.227
    },
    "packet_loss": {
      "p1": 0.32831140813479054,
      "p5": 0.2328709935332604,
      "p10": 0.18458403961288922,
      "p25": 0.11477071391283986,
      "p50": 0.036630651861493155,
      "p75": 0.0002791993317774021,
      "p90": 0.0,
      "p95": 0.0,
      "p99": 0.0
    }
  }
}