{
  "sample_counts": {
    "downloads": 9187,
    "uploads": 7440
  },
  "metrics": {
    "download_throughput_mbps": {
      "p1": 0.1814538688234182,
      "p5": 1.192282750942438,
      "p10": 3.121402122142702,
      "p25": 12.03083685525834,
      "p50": 30.974275409358995,
      "p75": 62.217311282502024,
      "p90": 95.44976861928376,
      "p95": 108.48716008746273,
      "p99": 156.3953977066933
    },
    "upload_throughput_mbps": {
      "p1": 0.09180459266941536,
      "p5": 0.7028841378915868,
      "p10": 2.241421681368851,
      "p25": 10.307341683705674,
      "p50": 30.505907311602474,
      "p75": 54.99614862079745,
      "p90": 89.19889464312284,
      "p95": 102.65682359281928,
      "p99": 158.16657881887164
    },
    "latency_ms": {
      "p1": 274.242,
      "p5": 168.688,
      "p10": 155.943,
      "p25": 139.312,
      "p50": 132.75,
      "p75": 126.521,
      "p90": 119.018,
      "p95": 114.257,
      "p99": 64.751
    },
    "packet_loss": {
      "p1": 0.3215866890280651,
      "p5": 0.2180945864416699,
      "p10": 0.16868157531465228,
      "p25": 0.09706033785382982,
      "p50": 0.01672698914195445,
      "p75": 1.6243296088104007e-05,
      "p90": 0.0,
      "p95": 0.0,
      "p99": 0.0
    }
  }
}