{
  "sample_counts": {
    "downloads": 4605,
    "uploads": 4568
  },
  "metrics": {
    "download_throughput_mbps": {
      "p1": 0.11956065498504313,
      "p5": 0.359072985790601,
      "p10": 1.5295021057743077,
      "p25": 7.3732750520818575,
      "p50": 22.74732003491759,
      "p75": 51.36158749066928,
      "p90": 93.4526244170412,
      "p95": 159.76487008149073,
      "p99": 355.2476371311899
    },
    "upload_throughput_mbps": {
      "p1": 0.061243275060369445,
      "p5": 0.2729397355350314,
      "p10": 0.5112332940466766,
      "p25": 1.3988544265297689,
      "p50": 6.880190223486396,
      "p75": 17.683197859944435,
      "p90": 34.64632861241359,
      "p95": 45.92294481217087,
      "p99": 88.96540056573893
    },
    "latency_ms": {
      "p1": 471.97,
      "p5": 91.957,
      "p10": 48.118,
      "p25": 34.119,
      "p50": 25.0,
      "p75": 17.649,
      "p90": 11.682,
      "p95": 9.707,
      "p99": 6.044
    },
    "packet_loss": {
      "p1": 0.2167361539992908,
      "p5": 0.13749575153740104,
      "p10": 0.09995944068033272,
      "p25": 0.05361632642165547,
      "p50": 0.00799997711022286,
      "p75": 1.7816371160127477e-05,
      "p90": 0.0,
      "p95": 0.0,
      "p99": 0.0
    }
  }
}