{
  "sample_counts": {
    "downloads": 4605,
    "uploads": 4568
  },
  "metrics": {
    "download_throughput_mbps": {
      "p1": 0.11956065498504313,
      "p5": 0.3538167525805172,
      "p10": 1.529639455104682,
      "p25": 7.380188531564112,
      "p50": 22.722122516068133,
      "p75": 51.36158749066928,
      "p90": 93.4526244170412,
      "p95": 159.2685396055174,
      "p99": 355.2476371311899
    },
    "upload_throughput_mbps": {
      "p1": 0.06242300714493695,
      "p5": 0.2729640484814355,
      "p10": 0.5096537465791687,
      "p25": 1.3988544265297689,
      "p50": 6.885348005273195,
      "p75": 17.683197859944435,
      "p90": 34.64632861241359,
      "p95": 45.893557496914674,
      "p99": 89.41247891750422
    },
    "latency_ms": {
      "p1": 471.97,
      "p5": 91.903,
      "p10": 48.118,
      "p25": 34.087,
      "p50": 25.0,
      "p75": 17.658,
      "p90": 11.682,
      "p95": 9.718,
      "p99": 6.044
    },
    "packet_loss": {
      "p1": 0.2167361539992908,
      "p5": 0.1374201313305892,
      "p10": 0.09995944068033272,
      "p25": 0.05368966839991621,
      "p50": 0.007936295992981561,
      "p75": 1.7816371160127477e-05,
      "p90": 0.0,
      "p95": 0.0,
      "p99": 0.0
    }
  }
}