{
  "sample_counts": {
    "downloads": 38897,
    "uploads": 37565
  },
  "metrics": {
    "download_throughput_mbps": {
      "p1": 0.47265159772623305,
      "p5": 3.1563954167476473,
      "p10": 6.075189793409447,
      "p25": 16.06322781238367,
      "p50": 43.02795884657806,
      "p75": 90.55993072263254,
      "p90": 115.65804961269458,
      "p95": 231.39732057368423,
      "p99": 373.44623333301666
    },
    "upload_throughput_mbps": {
      "p1": 0.09499214745073632,
      "p5": 0.39967636941764995,
      "p10": 0.6508312992930428,
      "p25": 2.9991218781528444,
      "p50": 7.935011203309876,
      "p75": 27.6926090912357,
      "p90": 56.99109011965536,
      "p95": 60.30194926005878,
      "p99": 62.96891899013493
    },
    "latency_ms": {
      "p1": 169.003,
      "p5": 46.06,
      "p10": 40.142,
      "p25": 31.049,
      "p50": 24.936,
      "p75": 13.495,
      "p90": 8.129,
      "p95": 6.046,
      "p99": 3.469
    },
    "packet_loss": {
      "p1": 0.21520230034290697,
      "p5": 0.15264657320195613,
      "p10": 0.11838456666209092,
      "p25": 0.07187394001007241,
      "p50": 0.027229193211133405,
      "p75": 0.0009261201552583351,
      "p90": 0.0,
      "p95": 0.0,
      "p99": 0.0
    }
  }
}