{
  "metrics": {
    "download_throughput_mbps": {
      "p1": 1.6001246938119358,
      "p5": 7.611416277885452,
      "p10": 26.001185044677744,
      "p25": 72.21312139641576,
      "p50": 144.81745124133155,
      "p75": 188.5122449467327,
      "p90": 205.41777740269953,
      "p95": 220.14123692034573,
      "p99": 246.70497706679808
    },
    "upload_throughput_mbps": {
      "p1": 1.8634744310668,
      "p5": 5.762295163930853,
      "p10": 12.124291734527056,
      "p25": 32.46849452515421,
      "p50": 76.32387055049058,
      "p75": 157.4640253438986,
      "p90": 178.11498259128862,
      "p95": 208.03288393423213,
      "p99": 223.38621295413384
    },
    "latency_ms": {
      "p1": 172.456,
      "p5": 128.002,
      "p10": 116.518,
      "p25": 109.544,
      "p50": 104.658,
      "p75": 100.542,
      "p90": 95.012,
      "p95": 50.839,
      "p99": 32.954
    },
    "packet_loss": {
      "p1": 0.27599476949776985,
      "p5": 0.1523543209099031,
      "p10": 0.08541878581342142,
      "p25": 0.02564968220265595,
      "p50": 0.004006581935101433,
      "p75": 0.00020742377852118625,
      "p90": 0.0,
      "p95": 0.0,
      "p99": 0.0
    }
  }
}