{
  "sample_counts": {
    "downloads": 43874,
    "uploads": 30866
  },
  "metrics": {
    "download_throughput_mbps": {
      "p1": 0.1395366876550621,
      "p5": 0.5736645339058443,
      "p10": 1.3385755748204469,
      "p25": 4.6987154193081695,
      "p50": 10.318084492737693,
      "p75": 21.55986102665925,
      "p90": 46.97496114522536,
      "p95": 74.30682205444012,
      "p99": 147.85181351264086
    },
    "upload_throughput_mbps": {
      "p1": 0.05270530485029284,
      "p5": 0.24127898372471612,
      "p10": 0.7383681848954453,
      "p25": 3.812572580560485,
      "p50": 11.671644388018668,
      "p75": 28.101554829836303,
      "p90": 49.92099587282918,
      "p95": 72.60362470876572,
      "p99": 93.7681593446758
    },
    "latency_ms": {
      "p1": 269.678,
      "p5": 169.658,
      "p10": 147.875,
      "p25": 89.996,
      "p50": 68.403,
      "p75": 48.0,
      "p90": 39.549,
      "p95": 36.152,
      "p99": 31.905
    },
    "packet_loss": {
      "p1": 0.38879359634076616,
      "p5": 0.29109925138730286,
      "p10": 0.24215702548755239,
      "p25": 0.17110903732889818,
      "p50": 0.10687143066146028,
      "p75": 0.01625165245212172,
      "p90": 6.243214327712689e-05,
      "p95": 0.0,
      "p99": 0.0
    }
  }
}