{
  "sample_counts": {
    "downloads": 305301,
    "uploads": 261795
  },
  "metrics": {
    "download_throughput_mbps": {
      "p1": 0.10602657421757365,
      "p5": 0.4265555521496961,
      "p10": 0.921745336182175,
      "p25": 2.799072162961566,
      "p50": 6.154316064950516,
      "p75": 11.911827494956375,
      "p90": 26.134239068153907,
      "p95": 42.214076919630855,
      "p99": 91.36779478646257
    },
    "upload_throughput_mbps": {
      "p1": 0.03973694831404765,
      "p5": 0.3141567085788795,
      "p10": 0.940489105517144,
      "p25": 3.5770484711583914,
      "p50": 8.865257299766554,
      "p75": 22.34545118914931,
      "p90": 42.00149798292299,
      "p95": 58.085649704587915,
      "p99": 89.50049535004953
    },
    "latency_ms": {
      "p1": 327.734,
      "p5": 186.208,
      "p10": 147.817,
      "p25": 117.779,
      "p50": 82.492,
      "p75": 68.0,
      "p90": 51.249,
      "p95": 43.284,
      "p99": 33.202
    },
    "packet_loss": {
      "p1": 0.3832124852281667,
      "p5": 0.295796851165351,
      "p10": 0.25301817408350674,
      "p25": 0.1874588553460297,
      "p50": 0.12184698360278583,
      "p75": 0.02285532332471921,
      "p90": 0.0,
      "p95": 0.0,
      "p99": 0.0
    }
  }
}