{
  "metrics": {
    "download_throughput_mbps": {
      "p1": 0.10479699404623935,
      "p5": 0.4274105204453562,
      "p10": 0.9213308154215026,
      "p25": 2.7981461141115003,
      "p50": 6.157243569502063,
      "p75": 11.886098684928413,
      "p90": 26.142555075153712,
      "p95": 42.064093482112696,
      "p99": 91.51821754200704
    },
    "upload_throughput_mbps": {
      "p1": 0.039964023978414386,
      "p5": 0.3138016649390509,
      "p10": 0.9423677872235832,
      "p25": 3.583985056052304,
      "p50": 8.86482754786404,
      "p75": 22.361889772125597,
      "p90": 41.97829909988392,
      "p95": 58.1962533785902,
      "p99": 89.5317809929516
    },
    "latency_ms": {
      "p1": 328.827,
      "p5": 186.637,
      "p10": 147.817,
      "p25": 117.776,
      "p50": 82.504,
      "p75": 68.0,
      "p90": 51.259,
      "p95": 43.306,
      "p99": 33.2
    },
    "packet_loss": {
      "p1": 0.38266656583226194,
      "p5": 0.2956276670981947,
      "p10": 0.2531630437934181,
      "p25": 0.18754301735053452,
      "p50": 0.12189108089775226,
      "p75": 0.022864920040830215,
      "p90": 0.0,
      "p95": 0.0,
      "p99": 0.0
    }
  }
}