{
  "sample_counts": {
    "downloads": 538663,
    "uploads": 363183
  },
  "metrics": {
    "download_throughput_mbps": {
      "p1": 0.27098073143739154,
      "p5": 2.0173712235345533,
      "p10": 5.594740895454564,
      "p25": 21.802956964271264,
      "p50": 65.82248319001155,
      "p75": 164.93045857442928,
      "p90": 364.6495023675901,
      "p95": 487.9179484430838,
      "p99": 843.1576598104236
    },
    "upload_throughput_mbps": {
      "p1": 0.06191702909300764,
      "p5": 0.08299585890703985,
      "p10": 0.6041818178727452,
      "p25": 6.957124486779767,
      "p50": 16.59767855341206,
      "p75": 27.974847300466642,
      "p90": 58.83249886700045,
      "p95": 129.3044835078333,
      "p99": 433.02214005461514
    },
    "latency_ms": {
      "p1": 196.082,
      "p5": 45.771,
      "p10": 29.13,
      "p25": 18.902,
      "p50": 13.587,
      "p75": 9.336,
      "p90": 5.742,
      "p95": 3.264,
      "p99": 0.406
    },
    "packet_loss": {
      "p1": 0.22320300421437597,
      "p5": 0.11391120067987949,
      "p10": 0.0740014691201485,
      "p25": 0.028639244526382026,
      "p50": 0.0017169723733485953,
      "p75": 0.0,
      "p90": 0.0,
      "p95": 0.0,
      "p99": 0.0
    }
  }
}