{
  "metrics": {
    "download_throughput_mbps": {
      "p1": 0.27087989631055304,
      "p5": 2.016784786888826,
      "p10": 5.616555906191012,
      "p25": 21.788215409668886,
      "p50": 65.75069780904496,
      "p75": 164.96682856298946,
      "p90": 364.39718658302456,
      "p95": 487.9020096310834,
      "p99": 843.6214405057575
    },
    "upload_throughput_mbps": {
      "p1": 0.06189493232841665,
      "p5": 0.08299486946879447,
      "p10": 0.6034409690312788,
      "p25": 6.953194541810962,
      "p50": 16.597503963957855,
      "p75": 27.97986767769834,
      "p90": 58.71781148299123,
      "p95": 129.33110219535897,
      "p99": 432.6420224591461
    },
    "latency_ms": {
      "p1": 199.527,
      "p5": 45.925,
      "p10": 29.201,
      "p25": 18.909,
      "p50": 13.59,
      "p75": 9.339,
      "p90": 5.742,
      "p95": 3.262,
      "p99": 0.406
    },
    "packet_loss": {
      "p1": 0.22458737142126758,
      "p5": 0.11414703419242524,
      "p10": 0.07399435063542244,
      "p25": 0.028734919572193214,
      "p50": 0.0017260521739621833,
      "p75": 0.0,
      "p90": 0.0,
      "p95": 0.0,
      "p99": 0.0
    }
  }
}