{
  "sample_counts": {
    "downloads": 581520,
    "uploads": 374512
  },
  "metrics": {
    "download_throughput_mbps": {
      "p1": 0.2909521135317594,
      "p5": 2.1046153522463977,
      "p10": 5.9143968089660435,
      "p25": 25.01357328147017,
      "p50": 79.76486328067583,
      "p75": 203.7336429346038,
      "p90": 442.8342475357529,
      "p95": 568.3721698585365,
      "p99": 875.6342159883624
    },
    "upload_throughput_mbps": {
      "p1": 0.06101050142895869,
      "p5": 0.09582916206877656,
      "p10": 0.6293129885485592,
      "p25": 7.376269122776457,
      "p50": 19.1101976142934,
      "p75": 28.520697943550253,
      "p90": 76.33719633389907,
      "p95": 196.09476780296285,
      "p99": 466.37254943921323
    },
    "latency_ms": {
      "p1": 192.406,
      "p5": 41.058,
      "p10": 29.963,
      "p25": 18.993,
      "p50": 13.112,
      "p75": 9.028,
      "p90": 5.835,
      "p95": 3.728,
      "p99": 0.38
    },
    "packet_loss": {
      "p1": 0.22778251488109244,
      "p5": 0.1106176402706002,
      "p10": 0.07388112329324444,
      "p25": 0.029433407216821413,
      "p50": 0.001780418971731788,
      "p75": 0.0,
      "p90": 0.0,
      "p95": 0.0,
      "p99": 0.0
    }
  }
}