{
  "metrics": {
    "download_throughput_mbps": {
      "p1": 0.06044636780847017,
      "p5": 0.14526694051258215,
      "p10": 0.2978293919997956,
      "p25": 2.4671836555958135,
      "p50": 13.129157711937703,
      "p75": 34.24978141416436,
      "p90": 44.97767118102107,
      "p95": 56.3148357884494,
      "p99": 95.07119250910395
    },
    "upload_throughput_mbps": {
      "p1": 0.026648005329601068,
      "p5": 0.24407362389164797,
      "p10": 0.9159031727071233,
      "p25": 3.7559202539046623,
      "p50": 8.282244588524469,
      "p75": 10.588351289245852,
      "p90": 23.189326421606346,
      "p95": 27.382324609897285,
      "p99": 69.6442762102705
    },
    "latency_ms": {
      "p1": 338.771,
      "p5": 267.243,
      "p10": 236.463,
      "p25": 200.038,
      "p50": 151.637,
      "p75": 129.408,
      "p90": 123.26,
      "p95": 119.391,
      "p99": 32.503
    },
    "packet_loss": {
      "p1": 0.4317199198565855,
      "p5": 0.3435975458499396,
      "p10": 0.25100664254581406,
      "p25": 0.1392562339790071,
      "p50": 0.033275654461555414,
      "p75": 0.0005278986373763369,
      "p90": 0.0,
      "p95": 0.0,
      "p99": 0.0
    }
  }
}