{
  "metrics": {
    "download_throughput_mbps": {
      "p1": 0.09619088514397495,
      "p5": 0.32279851462003684,
      "p10": 0.794772783744803,
      "p25": 3.9352221185277925,
      "p50": 12.21890775168744,
      "p75": 28.73489418276782,
      "p90": 41.9914926754037,
      "p95": 49.83291340848683,
      "p99": 74.1987647222925
    },
    "upload_throughput_mbps": {
      "p1": 0.03411583107791983,
      "p5": 0.14871553240627783,
      "p10": 0.46974529049646885,
      "p25": 1.5729962632578351,
      "p50": 3.5675483691111234,
      "p75": 7.54019175276515,
      "p90": 14.2721888307726,
      "p95": 20.881763496593315,
      "p99": 36.4400577871921
    },
    "latency_ms": {
      "p1": 402.659,
      "p5": 284.0,
      "p10": 266.532,
      "p25": 250.539,
      "p50": 235.737,
      "p75": 213.86,
      "p90": 139.896,
      "p95": 72.314,
      "p99": 21.248
    },
    "packet_loss": {
      "p1": 0.2871912693854107,
      "p5": 0.21248681628396165,
      "p10": 0.17955394424630733,
      "p25": 0.10724625537661014,
      "p50": 0.031616493483987936,
      "p75": 0.0008601319003556994,
      "p90": 0.0,
      "p95": 0.0,
      "p99": 0.0
    }
  }
}