{
  "sample_counts": {
    "downloads": 79858,
    "uploads": 59920
  },
  "metrics": {
    "download_throughput_mbps": {
      "p1": 0.18609369993773597,
      "p5": 0.7844832312123372,
      "p10": 1.9218805297607864,
      "p25": 9.560426367695568,
      "p50": 41.9173670833115,
      "p75": 95.6922310506987,
      "p90": 261.5178689052619,
      "p95": 355.72858442443777,
      "p99": 574.2224529283984
    },
    "upload_throughput_mbps": {
      "p1": 0.052408341897735536,
      "p5": 0.13322226677773322,
      "p10": 0.652174026086753,
      "p25": 3.6981887316321935,
      "p50": 15.59724085023954,
      "p75": 52.56602588692042,
      "p90": 105.59596555693018,
      "p95": 199.4673728500849,
      "p99": 475.6441271316812
    },
    "latency_ms": {
      "p1": 240.02,
      "p5": 95.326,
      "p10": 66.025,
      "p25": 44.784,
      "p50": 29.385,
      "p75": 11.926,
      "p90": 4.0,
      "p95": 2.376,
      "p99": 0.141
    },
    "packet_loss": {
      "p1": 0.3023970405797029,
      "p5": 0.18480677434120185,
      "p10": 0.13368703077352923,
      "p25": 0.07048580875263157,
      "p50": 0.008971680455739367,
      "p75": 0.0,
      "p90": 0.0,
      "p95": 0.0,
      "p99": 0.0
    }
  }
}