{
  "metrics": {
    "download_throughput_mbps": {
      "p1": 0.187278021342873,
      "p5": 0.7873647937206854,
      "p10": 1.918872589036503,
      "p25": 9.561005781930902,
      "p50": 41.96503049454552,
      "p75": 95.71647354101778,
      "p90": 261.6487135746823,
      "p95": 356.27467546102014,
      "p99": 572.4443327209875
    },
    "upload_throughput_mbps": {
      "p1": 0.052408341897735536,
      "p5": 0.13322226677773322,
      "p10": 0.652174026086753,
      "p25": 3.6981887316321935,
      "p50": 15.59724085023954,
      "p75": 52.56602588692042,
      "p90": 105.59596555693018,
      "p95": 199.4673728500849,
      "p99": 475.6441271316812
    },
    "latency_ms": {
      "p1": 245.239,
      "p5": 95.962,
      "p10": 66.006,
      "p25": 44.803,
      "p50": 29.382,
      "p75": 11.931,
      "p90": 4.0,
      "p95": 2.367,
      "p99": 0.141
    },
    "packet_loss": {
      "p1": 0.3017882035409963,
      "p5": 0.1853347866042615,
      "p10": 0.13350183121401413,
      "p25": 0.07041841788838513,
      "p50": 0.00895559587070865,
      "p75": 0.0,
      "p90": 0.0,
      "p95": 0.0,
      "p99": 0.0
    }
  }
}