{
  "sample_counts": {
    "downloads": 91210,
    "uploads": 82677
  },
  "metrics": {
    "download_throughput_mbps": {
      "p1": 0.4583116032671563,
      "p5": 3.648054554708801,
      "p10": 9.78958889877124,
      "p25": 34.844862956220936,
      "p50": 48.476265150707285,
      "p75": 62.385411391041245,
      "p90": 142.90870250550853,
      "p95": 279.5815641819517,
      "p99": 589.0841190349439
    },
    "upload_throughput_mbps": {
      "p1": 0.07536077172617175,
      "p5": 0.6649389982936642,
      "p10": 3.124956415250198,
      "p25": 17.008092008346797,
      "p50": 19.152644655520096,
      "p75": 20.531712744397844,
      "p90": 61.07349894565221,
      "p95": 99.87789205244032,
      "p99": 389.8592620626868
    },
    "latency_ms": {
      "p1": 176.127,
      "p5": 70.055,
      "p10": 46.84,
      "p25": 19.752,
      "p50": 16.546,
      "p75": 2.497,
      "p90": 2.0,
      "p95": 1.935,
      "p99": 0.868
    },
    "packet_loss": {
      "p1": 0.2247856229379673,
      "p5": 0.1018099784754404,
      "p10": 0.06796960157621076,
      "p25": 0.03092269436460662,
      "p50": 0.0010099856489527359,
      "p75": 0.0,
      "p90": 0.0,
      "p95": 0.0,
      "p99": 0.0
    }
  }
}