{
  "metrics": {
    "download_throughput_mbps": {
      "p1": 0.45334090502571084,
      "p5": 3.6457405752894423,
      "p10": 9.786244281313866,
      "p25": 34.83367061221968,
      "p50": 48.4720974896735,
      "p75": 62.3848108075408,
      "p90": 142.89083948917667,
      "p95": 279.4194550471226,
      "p99": 596.8724748136393
    },
    "upload_throughput_mbps": {
      "p1": 0.0753571714262859,
      "p5": 0.6696601803647834,
      "p10": 3.1367587642819195,
      "p25": 17.018775266638624,
      "p50": 19.159556237629644,
      "p75": 20.531588109843323,
      "p90": 61.098053403820835,
      "p95": 100.07086085132659,
      "p99": 390.3762930158221
    },
    "latency_ms": {
      "p1": 177.182,
      "p5": 70.056,
      "p10": 46.842,
      "p25": 19.75,
      "p50": 16.548,
      "p75": 2.497,
      "p90": 2.0,
      "p95": 1.936,
      "p99": 0.869
    },
    "packet_loss": {
      "p1": 0.2239753591864573,
      "p5": 0.10177260670590588,
      "p10": 0.0679544057433666,
      "p25": 0.03092265818916015,
      "p50": 0.0010025840918590455,
      "p75": 0.0,
      "p90": 0.0,
      "p95": 0.0,
      "p99": 0.0
    }
  }
}