{
  "metrics": {
    "download_throughput_mbps": {
      "p1": 0.06619468096206037,
      "p5": 0.9631946650122536,
      "p10": 3.834710973347913,
      "p25": 17.66778851568194,
      "p50": 59.943829142324766,
      "p75": 98.93890738709581,
      "p90": 251.61248770494632,
      "p95": 280.61410154420497,
      "p99": 496.5775765664767
    },
    "upload_throughput_mbps": {
      "p1": 0.0766753177773325,
      "p5": 0.5987514096487873,
      "p10": 1.9504192826100892,
      "p25": 7.6882184985573785,
      "p50": 20.010442819881355,
      "p75": 72.40047144921436,
      "p90": 153.4278547096527,
      "p95": 227.9344741897323,
      "p99": 337.54581472511165
    },
    "latency_ms": {
      "p1": 257.842,
      "p5": 191.472,
      "p10": 120.718,
      "p25": 40.124,
      "p50": 29.395,
      "p75": 26.0,
      "p90": 23.596,
      "p95": 22.136,
      "p99": 15.417
    },
    "packet_loss": {
      "p1": 0.3081690681237511,
      "p5": 0.16175017649201132,
      "p10": 0.1193045286990946,
      "p25": 0.0488480001515261,
      "p50": 0.004945128387024887,
      "p75": 0.0,
      "p90": 0.0,
      "p95": 0.0,
      "p99": 0.0
    }
  }
}