{
  "metrics": {
    "download_throughput_mbps": {
      "p1": 0.07512413788133211,
      "p5": 0.20462029905560208,
      "p10": 0.2256980293715932,
      "p25": 1.3500759839874257,
      "p50": 8.502638991361456,
      "p75": 31.468100016494162,
      "p90": 69.87157288701175,
      "p95": 177.71654297265923,
      "p99": 203.7047430010677
    },
    "upload_throughput_mbps": {
      "p1": 0.03754658876358116,
      "p5": 0.0494747354128196,
      "p10": 0.14026633227636398,
      "p25": 0.49685277750334883,
      "p50": 3.471738351369166,
      "p75": 11.220533259307318,
      "p90": 17.074619152285088,
      "p95": 20.447866493168796,
      "p99": 28.560305909766857
    },
    "latency_ms": {
      "p1": 1175.401,
      "p5": 247.055,
      "p10": 214.49,
      "p25": 186.065,
      "p50": 31.36,
      "p75": 21.902,
      "p90": 19.946,
      "p95": 18.711,
      "p99": 17.893
    },
    "packet_loss": {
      "p1": 0.431204252595252,
      "p5": 0.19345763690807347,
      "p10": 0.17648177292277337,
      "p25": 0.11236334958525085,
      "p50": 0.017521142222120405,
      "p75": 0.00046067047910946775,
      "p90": 0.0,
      "p95": 0.0,
      "p99": 0.0
    }
  }
}