{
  "metrics": {
    "download_throughput_mbps": {
      "p1": 0.10497170248719236,
      "p5": 0.36904456788551865,
      "p10": 0.8196289158173872,
      "p25": 2.771616267978031,
      "p50": 11.158600973304795,
      "p75": 25.580363123740515,
      "p90": 55.86048608393626,
      "p95": 58.75181616246097,
      "p99": 139.1733472558037
    },
    "upload_throughput_mbps": {
      "p1": 0.05046242268240896,
      "p5": 0.21946687947518076,
      "p10": 0.5398790770956629,
      "p25": 2.0127635566039075,
      "p50": 4.998154649657913,
      "p75": 11.132151188156802,
      "p90": 12.271511455767572,
      "p95": 18.28450834985157,
      "p99": 28.957300416250092
    },
    "latency_ms": {
      "p1": 375.169,
      "p5": 297.562,
      "p10": 260.672,
      "p25": 235.772,
      "p50": 221.0,
      "p75": 128.167,
      "p90": 12.469,
      "p95": 11.653,
      "p99": 11.134
    },
    "packet_loss": {
      "p1": 0.3719670052159442,
      "p5": 0.2744695236232552,
      "p10": 0.20328953471500372,
      "p25": 0.10046160437570782,
      "p50": 0.017865732348040602,
      "p75": 0.00028579013175359286,
      "p90": 0.0,
      "p95": 0.0,
      "p99": 0.0
    }
  }
}