{
  "metrics": {
    "download_throughput_mbps": {
      "p1": 0.18103140458295863,
      "p5": 1.8659008485218975,
      "p10": 3.429322002442377,
      "p25": 12.06869625107733,
      "p50": 31.68772147508859,
      "p75": 61.72319098478648,
      "p90": 114.18225905419276,
      "p95": 131.93992150953991,
      "p99": 141.11246874207208
    },
    "upload_throughput_mbps": {
      "p1": 0.07511074961756858,
      "p5": 0.15321455323071206,
      "p10": 1.073047660961079,
      "p25": 2.9058521898249996,
      "p50": 4.008625039629412,
      "p75": 5.048347240701213,
      "p90": 7.042436497141392,
      "p95": 7.908863482523204,
      "p99": 15.825676487666893
    },
    "latency_ms": {
      "p1": 269.5,
      "p5": 151.982,
      "p10": 131.078,
      "p25": 105.913,
      "p50": 99.129,
      "p75": 95.202,
      "p90": 89.429,
      "p95": 61.042,
      "p99": 53.49
    },
    "packet_loss": {
      "p1": 0.36097005506733454,
      "p5": 0.26605076208113515,
      "p10": 0.19510471325159723,
      "p25": 0.08683266495619003,
      "p50": 0.032222920329083346,
      "p75": 0.01329179174835637,
      "p90": 0.00020726355716660556,
      "p95": 0.0,
      "p99": 0.0
    }
  }
}