{
  "metrics": {
    "download_throughput_mbps": {
      "p1": 3.3892085524923203,
      "p5": 6.555563743769179,
      "p10": 12.487596665804325,
      "p25": 36.03430184870938,
      "p50": 65.63160609700681,
      "p75": 108.30618048080103,
      "p90": 126.78765514343145,
      "p95": 136.0496557251849,
      "p99": 180.36518956881784
    },
    "upload_throughput_mbps": {
      "p1": 0.1770833677061919,
      "p5": 0.9415385163039299,
      "p10": 1.0204793619999137,
      "p25": 2.9438435976289328,
      "p50": 4.2833378466323655,
      "p75": 6.120905192024822,
      "p90": 6.83785518547165,
      "p95": 9.504847736283146,
      "p99": 14.140746880996401
    },
    "latency_ms": {
      "p1": 255.728,
      "p5": 119.073,
      "p10": 116.295,
      "p25": 107.788,
      "p50": 97.715,
      "p75": 86.867,
      "p90": 81.611,
      "p95": 75.699,
      "p99": 30.0
    },
    "packet_loss": {
      "p1": 0.36800426257371477,
      "p5": 0.24568227225015707,
      "p10": 0.1641066460567632,
      "p25": 0.08308201708570463,
      "p50": 0.03690922019927632,
      "p75": 0.013394978033817562,
      "p90": 2.9532863924868396e-05,
      "p95": 0.0,
      "p99": 0.0
    }
  }
}