{
  "sample_counts": {
    "downloads": 5192,
    "uploads": 4429
  },
  "metrics": {
    "download_throughput_mbps": {
      "p1": 0.5209855872208532,
      "p5": 3.393851780109712,
      "p10": 8.364945816086694,
      "p25": 39.01826236794553,
      "p50": 89.64769608672539,
      "p75": 149.11174195076117,
      "p90": 357.2521613573504,
      "p95": 411.93159974713006,
      "p99": 574.7409752187499
    },
    "upload_throughput_mbps": {
      "p1": 0.07554741507450477,
      "p5": 0.6830556366929759,
      "p10": 3.3098243641880014,
      "p25": 12.635545440392079,
      "p50": 29.364682023612918,
      "p75": 53.776436304496215,
      "p90": 74.80171874057824,
      "p95": 249.67369311787513,
      "p99": 375.1315688742604
    },
    "latency_ms": {
      "p1": 137.0,
      "p5": 57.223,
      "p10": 51.838,
      "p25": 45.214,
      "p50": 25.452,
      "p75": 21.044,
      "p90": 19.657,
      "p95": 18.426,
      "p99": 0.624
    },
    "packet_loss": {
      "p1": 0.20112773398695527,
      "p5": 0.1250377570219125,
      "p10": 0.09025772608418006,
      "p25": 0.03168868001854642,
      "p50": 0.0006624033050438589,
      "p75": 0.0,
      "p90": 0.0,
      "p95": 0.0,
      "p99": 0.0
    }
  }
}