{
  "sample_counts": {
    "downloads": 5192,
    "uploads": 4429
  },
  "metrics": {
    "download_throughput_mbps": {
      "p1": 0.5209855872208532,
      "p5": 3.390285027796005,
      "p10": 8.364945816086694,
      "p25": 39.01826236794553,
      "p50": 89.6485682045366,
      "p75": 149.11174195076117,
      "p90": 357.2521613573504,
      "p95": 411.93159974713006,
      "p99": 573.464209263517
    },
    "upload_throughput_mbps": {
      "p1": 0.07557766659153962,
      "p5": 0.6830561148236021,
      "p10": 3.3195553055586804,
      "p25": 12.657536975090897,
      "p50": 29.42243335942993,
      "p75": 53.776436304496215,
      "p90": 74.80171874057824,
      "p95": 249.60671853043846,
      "p99": 375.5360520125295
    },
    "latency_ms": {
      "p1": 137.0,
      "p5": 57.227,
      "p10": 51.836,
      "p25": 45.214,
      "p50": 25.454,
      "p75": 21.044,
      "p90": 19.657,
      "p95": 18.425,
      "p99": 0.623
    },
    "packet_loss": {
      "p1": 0.20118609566164392,
      "p5": 0.12529607228267198,
      "p10": 0.09025772608418006,
      "p25": 0.03168868001854642,
      "p50": 0.0006624033050438589,
      "p75": 0.0,
      "p90": 0.0,
      "p95": 0.0,
      "p99": 0.0
    }
  }
}