{
  "metrics": {
    "download_throughput_mbps": {
      "p1": 0.5314797547244613,
      "p5": 5.204940864395608,
      "p10": 12.055088377078206,
      "p25": 36.91961242314733,
      "p50": 88.90057022822327,
      "p75": 242.76562416585674,
      "p90": 393.3575686729631,
      "p95": 541.3583856687533,
      "p99": 685.7229867834855
    },
    "upload_throughput_mbps": {
      "p1": 0.08298349557765478,
      "p5": 2.2773769164043967,
      "p10": 6.447173411306355,
      "p25": 18.3047377116423,
      "p50": 31.734989061708923,
      "p75": 59.854726391110376,
      "p90": 91.82951632239786,
      "p95": 219.75190736795622,
      "p99": 393.62902693875753
    },
    "latency_ms": {
      "p1": 139.801,
      "p5": 80.688,
      "p10": 67.866,
      "p25": 43.505,
      "p50": 24.203,
      "p75": 20.96,
      "p90": 18.707,
      "p95": 18.0,
      "p99": 7.131
    },
    "packet_loss": {
      "p1": 0.23128446008631046,
      "p5": 0.1436082430576197,
      "p10": 0.09793994018727312,
      "p25": 0.03388861327872946,
      "p50": 0.0024339182104270037,
      "p75": 0.0,
      "p90": 0.0,
      "p95": 0.0,
      "p99": 0.0
    }
  }
}