{
  "metrics": {
    "download_throughput_mbps": {
      "p1": 0.178329819180883,
      "p5": 0.9494807093614225,
      "p10": 3.304451763460124,
      "p25": 22.839317349249608,
      "p50": 82.99167352482156,
      "p75": 130.97198822409422,
      "p90": 306.72095047442815,
      "p95": 364.5687839327518,
      "p99": 410.6113080664303
    },
    "upload_throughput_mbps": {
      "p1": 0.08338632922085246,
      "p5": 0.5046563515739436,
      "p10": 1.1583289384238684,
      "p25": 10.604030109929361,
      "p50": 40.14125702084621,
      "p75": 77.47845646077177,
      "p90": 184.10790567822525,
      "p95": 206.50395092115826,
      "p99": 234.42602853183988
    },
    "latency_ms": {
      "p1": 303.534,
      "p5": 107.267,
      "p10": 80.0,
      "p25": 68.782,
      "p50": 61.687,
      "p75": 51.597,
      "p90": 45.0,
      "p95": 30.099,
      "p99": 27.151
    },
    "packet_loss": {
      "p1": 0.3763716121335636,
      "p5": 0.16568178087553823,
      "p10": 0.10009058350298548,
      "p25": 0.016093322963839717,
      "p50": 0.0007441710938645325,
      "p75": 0.0,
      "p90": 0.0,
      "p95": 0.0,
      "p99": 0.0
    }
  }
}