{
  "metrics": {
    "download_throughput_mbps": {
      "p1": 0.21480425683050963,
      "p5": 1.3316226984673096,
      "p10": 4.071217222666075,
      "p25": 18.012549567587953,
      "p50": 45.67383948440247,
      "p75": 91.2052106085273,
      "p90": 141.78577278298832,
      "p95": 242.12937129722815,
      "p99": 367.0223985340618
    },
    "upload_throughput_mbps": {
      "p1": 0.07537654371975135,
      "p5": 0.8133941876415836,
      "p10": 2.437407902066443,
      "p25": 13.525624333767322,
      "p50": 35.1548159636892,
      "p75": 51.32133849968016,
      "p90": 90.28091578566125,
      "p95": 155.33164433721802,
      "p99": 219.48152082956668
    },
    "latency_ms": {
      "p1": 422.702,
      "p5": 298.0,
      "p10": 262.0,
      "p25": 215.0,
      "p50": 75.802,
      "p75": 60.948,
      "p90": 54.0,
      "p95": 48.0,
      "p99": 28.331
    },
    "packet_loss": {
      "p1": 0.2850445878577869,
      "p5": 0.1649794918147022,
      "p10": 0.11789463426929084,
      "p25": 0.03228520029902527,
      "p50": 0.0005106048499521773,
      "p75": 0.0,
      "p90": 0.0,
      "p95": 0.0,
      "p99": 0.0
    }
  }
}