{
  "sample_counts": {
    "downloads": 39338,
    "uploads": 32363
  },
  "metrics": {
    "download_throughput_mbps": {
      "p1": 0.10292972247336292,
      "p5": 0.30030139898088504,
      "p10": 0.5955593459210726,
      "p25": 3.3984106261179536,
      "p50": 16.611873754199625,
      "p75": 47.48199237486459,
      "p90": 89.22350659627963,
      "p95": 123.7632655199979,
      "p99": 202.9305145482475
    },
    "upload_throughput_mbps": {
      "p1": 0.0418116292868589,
      "p5": 0.08932671685058248,
      "p10": 0.3246466177127481,
      "p25": 2.0139163815128103,
      "p50": 8.418584983191035,
      "p75": 21.211508729544857,
      "p90": 34.80760468501845,
      "p95": 48.62126660070465,
      "p99": 85.4192157449399
    },
    "latency_ms": {
      "p1": 321.83,
      "p5": 183.297,
      "p10": 156.631,
      "p25": 125.981,
      "p50": 94.182,
      "p75": 47.005,
      "p90": 31.526,
      "p95": 24.003,
      "p99": 20.0
    },
    "packet_loss": {
      "p1": 0.44303569643035695,
      "p5": 0.31502237303459835,
      "p10": 0.2321144285696836,
      "p25": 0.13046504042971765,
      "p50": 0.04572568929552148,
      "p75": 0.00022150672761671076,
      "p90": 0.0,
      "p95": 0.0,
      "p99": 0.0
    }
  }
}