{
  "sample_counts": {
    "downloads": 18526,
    "uploads": 17464
  },
  "metrics": {
    "download_throughput_mbps": {
      "p1": 0.14898684938403137,
      "p5": 0.699079083411479,
      "p10": 2.2266251993422763,
      "p25": 8.07094826126005,
      "p50": 20.13536562012558,
      "p75": 39.2848648761071,
      "p90": 69.26629264514332,
      "p95": 95.94673529462085,
      "p99": 155.23516763951082
    },
    "upload_throughput_mbps": {
      "p1": 0.05395760459640335,
      "p5": 0.562269796236265,
      "p10": 1.5429059751797978,
      "p25": 4.724162725858008,
      "p50": 9.74932054532356,
      "p75": 16.7852372326735,
      "p90": 30.446718297179075,
      "p95": 43.01671709615146,
      "p99": 68.26554357849953
    },
    "latency_ms": {
      "p1": 222.769,
      "p5": 149.615,
      "p10": 137.203,
      "p25": 113.246,
      "p50": 73.0,
      "p75": 41.97,
      "p90": 24.983,
      "p95": 22.259,
      "p99": 20.0
    },
    "packet_loss": {
      "p1": 0.3214123440866519,
      "p5": 0.22104864301615118,
      "p10": 0.17744748961293508,
      "p25": 0.11737558175787055,
      "p50": 0.05121573709632237,
      "p75": 0.002405831021557434,
      "p90": 0.0,
      "p95": 0.0,
      "p99": 0.0
    }
  }
}