{
  "metrics": {
    "download_throughput_mbps": {
      "p1": 0.056592519143694876,
      "p5": 0.46513731204663006,
      "p10": 1.1964548443459102,
      "p25": 6.353106183885215,
      "p50": 16.99762163191297,
      "p75": 40.13140736931109,
      "p90": 66.15377644103984,
      "p95": 76.95564591934938,
      "p99": 162.6749148363906
    },
    "upload_throughput_mbps": {
      "p1": 0.03520901200949944,
      "p5": 0.07603207508171414,
      "p10": 0.17411298778147805,
      "p25": 0.9401817510070197,
      "p50": 5.41415450446275,
      "p75": 9.446438813671179,
      "p90": 19.71147209837556,
      "p95": 35.0128584255241,
      "p99": 79.05414157630938
    },
    "latency_ms": {
      "p1": 1348.888,
      "p5": 216.0,
      "p10": 140.511,
      "p25": 109.672,
      "p50": 97.575,
      "p75": 91.513,
      "p90": 88.67,
      "p95": 85.882,
      "p99": 58.306
    },
    "packet_loss": {
      "p1": 0.3213616845007381,
      "p5": 0.19869619285766224,
      "p10": 0.15038977420003963,
      "p25": 0.09146970613710664,
      "p50": 0.035277393637572374,
      "p75": 2.888659627021775e-05,
      "p90": 0.0,
      "p95": 0.0,
      "p99": 0.0
    }
  }
}