{
  "sample_counts": {
    "downloads": 4944407,
    "uploads": 3496328
  },
  "metrics": {
    "download_throughput_mbps": {
      "p1": 0.16155183144932814,
      "p5": 0.9491712941426813,
      "p10": 3.1183473537962603,
      "p25": 15.0796769625843,
      "p50": 52.06442058435898,
      "p75": 158.05965079122223,
      "p90": 330.34520318377486,
      "p95": 456.0165101461742,
      "p99": 697.6774611865278
    },
    "upload_throughput_mbps": {
      "p1": 0.04272350975912432,
      "p5": 0.07560967756837306,
      "p10": 0.08979823177057136,
      "p25": 5.5373993905634125,
      "p50": 30.75127343734688,
      "p75": 88.42429395723049,
      "p90": 181.625330759887,
      "p95": 255.82964013836195,
      "p99": 394.78000247999006
    },
    "latency_ms": {
      "p1": 273.882,
      "p5": 234.202,
      "p10": 184.0,
      "p25": 52.083,
      "p50": 19.953,
      "p75": 9.067,
      "p90": 4.95,
      "p95": 3.64,
      "p99": 1.395
    },
    "packet_loss": {
      "p1": 0.36561974324747815,
      "p5": 0.19895871235365478,
      "p10": 0.136779817596228,
      "p25": 0.058128661182576744,
      "p50": 0.0048142149376478255,
      "p75": 1.0971738934776e-05,
      "p90": 0.0,
      "p95": 0.0,
      "p99": 0.0
    }
  }
}