{
  "sample_counts": {
    "downloads": 2992168,
    "uploads": 2098391
  },
  "metrics": {
    "download_throughput_mbps": {
      "p1": 0.24799978870490783,
      "p5": 1.7128033973487746,
      "p10": 5.038231609132262,
      "p25": 21.602646640507103,
      "p50": 71.78127393553729,
      "p75": 191.9863112862389,
      "p90": 400.1736280543316,
      "p95": 537.5637987367517,
      "p99": 839.0577577312177
    },
    "upload_throughput_mbps": {
      "p1": 0.0592307221574049,
      "p5": 0.08949551824431254,
      "p10": 0.3219423982022713,
      "p25": 8.322468336202649,
      "p50": 38.786345395742394,
      "p75": 106.44370116031257,
      "p90": 232.86496955655784,
      "p95": 304.20813982218255,
      "p99": 547.2926890390085
    },
    "latency_ms": {
      "p1": 257.368,
      "p5": 226.97,
      "p10": 144.173,
      "p25": 52.894,
      "p50": 15.463,
      "p75": 6.516,
      "p90": 4.005,
      "p95": 3.0,
      "p99": 1.07
    },
    "packet_loss": {
      "p1": 0.29498369786713763,
      "p5": 0.16282512773486593,
      "p10": 0.11341263846189815,
      "p25": 0.04370760932505073,
      "p50": 0.002725163796084466,
      "p75": 1.293656927941061e-06,
      "p90": 0.0,
      "p95": 0.0,
      "p99": 0.0
    }
  }
}