{
  "metrics": {
    "download_throughput_mbps": {
      "p1": 0.15893652092747115,
      "p5": 0.9512471596193933,
      "p10": 3.119754107388539,
      "p25": 15.054698510980986,
      "p50": 52.01135462854511,
      "p75": 158.0021648226007,
      "p90": 331.1205138473403,
      "p95": 455.6791254804673,
      "p99": 699.6540922181277
    },
    "upload_throughput_mbps": {
      "p1": 0.043771897273196074,
      "p5": 0.07560465635115293,
      "p10": 0.0898125215811831,
      "p25": 5.555632333172101,
      "p50": 30.77222788501529,
      "p75": 88.36964652141391,
      "p90": 181.58898741002304,
      "p95": 256.01179986076164,
      "p99": 394.15934258621036
    },
    "latency_ms": {
      "p1": 273.947,
      "p5": 234.092,
      "p10": 184.366,
      "p25": 52.123,
      "p50": 19.95,
      "p75": 9.086,
      "p90": 4.954,
      "p95": 3.645,
      "p99": 1.391
    },
    "packet_loss": {
      "p1": 0.36701391026035574,
      "p5": 0.19837952903193226,
      "p10": 0.13668586566930604,
      "p25": 0.05817883576826537,
      "p50": 0.004801140498347144,
      "p75": 1.098390116874315e-05,
      "p90": 0.0,
      "p95": 0.0,
      "p99": 0.0
    }
  }
}