{
  "metrics": {
    "download_throughput_mbps": {
      "p1": 0.24709994315754033,
      "p5": 1.716360896024115,
      "p10": 5.051723653000572,
      "p25": 21.640001470203394,
      "p50": 71.80156259764985,
      "p75": 191.94068609746918,
      "p90": 399.42298761175635,
      "p95": 539.6563994555124,
      "p99": 838.6340368615538
    },
    "upload_throughput_mbps": {
      "p1": 0.0592307221574049,
      "p5": 0.08949551824431254,
      "p10": 0.3219423982022713,
      "p25": 8.322468336202649,
      "p50": 38.786345395742394,
      "p75": 106.44370116031257,
      "p90": 232.86496955655784,
      "p95": 304.20813982218255,
      "p99": 547.2926890390085
    },
    "latency_ms": {
      "p1": 257.0,
      "p5": 227.077,
      "p10": 144.311,
      "p25": 52.839,
      "p50": 15.466,
      "p75": 6.514,
      "p90": 4.009,
      "p95": 3.0,
      "p99": 1.062
    },
    "packet_loss": {
      "p1": 0.2946264415538633,
      "p5": 0.16327840698941584,
      "p10": 0.11361774758413741,
      "p25": 0.04375685643345369,
      "p50": 0.002729877269022565,
      "p75": 1.152330233100031e-06,
      "p90": 0.0,
      "p95": 0.0,
      "p99": 0.0
    }
  }
}