{
  "metrics": {
    "download_throughput_mbps": {
      "p1": 1.2795938242299199,
      "p5": 5.268386870282605,
      "p10": 10.97733384540425,
      "p25": 26.325166814220754,
      "p50": 84.56266706450835,
      "p75": 182.77130381704305,
      "p90": 294.45741596326906,
      "p95": 317.6305310216814,
      "p99": 502.4187768518878
    },
    "upload_throughput_mbps": {
      "p1": 0.10035214964470063,
      "p5": 1.2859867598564896,
      "p10": 3.5521575567205375,
      "p25": 9.616243970088952,
      "p50": 15.920213423352978,
      "p75": 44.994355332945965,
      "p90": 103.57376056396619,
      "p95": 111.80678759008782,
      "p99": 248.61490522004667
    },
    "latency_ms": {
      "p1": 184.455,
      "p5": 120.548,
      "p10": 82.376,
      "p25": 20.906,
      "p50": 12.068,
      "p75": 7.717,
      "p90": 3.287,
      "p95": 0.196,
      "p99": 0.137
    },
    "packet_loss": {
      "p1": 0.35961834206722215,
      "p5": 0.22602796409196488,
      "p10": 0.17802837450531198,
      "p25": 0.0864843085786819,
      "p50": 0.015573776473088684,
      "p75": 0.0013997437869378044,
      "p90": 1.7855488833065688e-05,
      "p95": 0.0,
      "p99": 0.0
    }
  }
}