{
  "metrics": {
    "download_throughput_mbps": {
      "p1": 0.07888730423818294,
      "p5": 0.30485501122421754,
      "p10": 0.5001340143262739,
      "p25": 1.0525147454114483,
      "p50": 6.208493377135472,
      "p75": 25.615599166648384,
      "p90": 52.46460468831717,
      "p95": 68.58292587270715,
      "p99": 129.70173600451974
    },
    "upload_throughput_mbps": {
      "p1": 0.07206461296319074,
      "p5": 0.4543453728273136,
      "p10": 0.8994604107917842,
      "p25": 2.8282244618842847,
      "p50": 9.894400986825922,
      "p75": 20.995499583072544,
      "p90": 27.18292403415193,
      "p95": 38.431223999540045,
      "p99": 73.07239750318541
    },
    "latency_ms": {
      "p1": 415.568,
      "p5": 209.0,
      "p10": 184.163,
      "p25": 166.552,
      "p50": 155.315,
      "p75": 148.474,
      "p90": 142.361,
      "p95": 124.046,
      "p99": 65.386
    },
    "packet_loss": {
      "p1": 0.43378773125608566,
      "p5": 0.3501232816448466,
      "p10": 0.2913887087591698,
      "p25": 0.1767021574027557,
      "p50": 0.05346370829873492,
      "p75": 8.917361054761913e-05,
      "p90": 0.0,
      "p95": 0.0,
      "p99": 0.0
    }
  }
}