{
  "metrics": {
    "download_throughput_mbps": {
      "p1": 0.07177285675817438,
      "p5": 0.34651112112938487,
      "p10": 0.8095662427591149,
      "p25": 3.3254651375847324,
      "p50": 8.094582417527427,
      "p75": 24.964558339503018,
      "p90": 109.00641281912803,
      "p95": 173.28199211046274,
      "p99": 261.17424380689744
    },
    "upload_throughput_mbps": {
      "p1": 0.07798646385123804,
      "p5": 0.44396545570375784,
      "p10": 0.9525676247243343,
      "p25": 2.0118258440420944,
      "p50": 8.49062513531127,
      "p75": 23.48843960920495,
      "p90": 94.84807949095632,
      "p95": 137.40346834438867,
      "p99": 183.00090673376152
    },
    "latency_ms": {
      "p1": 403.951,
      "p5": 250.077,
      "p10": 207.955,
      "p25": 70.045,
      "p50": 27.926,
      "p75": 17.847,
      "p90": 13.158,
      "p95": 12.263,
      "p99": 9.119
    },
    "packet_loss": {
      "p1": 0.3401996206002024,
      "p5": 0.1861935750190286,
      "p10": 0.12225237549332413,
      "p25": 0.037361603323129836,
      "p50": 0.0038570518772873337,
      "p75": 0.00012676914591805956,
      "p90": 0.0,
      "p95": 0.0,
      "p99": 0.0
    }
  }
}