{
  "sample_counts": {
    "downloads": 7135,
    "uploads": 7093
  },
  "metrics": {
    "download_throughput_mbps": {
      "p1": 0.07253882718024257,
      "p5": 0.34651112112938487,
      "p10": 0.8080071677934821,
      "p25": 3.3254651375847324,
      "p50": 8.094582417527427,
      "p75": 24.964558339503018,
      "p90": 109.00641281912803,
      "p95": 173.28199211046274,
      "p99": 261.22924813266553
    },
    "upload_throughput_mbps": {
      "p1": 0.07798646385123804,
      "p5": 0.44209768222731616,
      "p10": 0.9525676247243343,
      "p25": 2.0118258440420944,
      "p50": 8.49062513531127,
      "p75": 23.48787573389007,
      "p90": 94.66658031339173,
      "p95": 137.50984826900913,
      "p99": 183.00090673376152
    },
    "latency_ms": {
      "p1": 404.318,
      "p5": 250.077,
      "p10": 207.926,
      "p25": 70.09,
      "p50": 27.93,
      "p75": 17.847,
      "p90": 13.158,
      "p95": 12.261,
      "p99": 9.134
    },
    "packet_loss": {
      "p1": 0.3401996206002024,
      "p5": 0.18631311095184183,
      "p10": 0.12225237549332413,
      "p25": 0.037361603323129836,
      "p50": 0.0038570518772873337,
      "p75": 0.00012676914591805956,
      "p90": 0.0,
      "p95": 0.0,
      "p99": 0.0
    }
  }
}