{
  "sample_counts": {
    "downloads": 7010,
    "uploads": 7314
  },
  "metrics": {
    "download_throughput_mbps": {
      "p1": 0.10712523035223248,
      "p5": 0.6587656744997223,
      "p10": 1.6209730947513332,
      "p25": 6.185306239286479,
      "p50": 28.383458751214263,
      "p75": 87.86405340717528,
      "p90": 193.08638855516108,
      "p95": 265.5789942818562,
      "p99": 352.1234514223865
    },
    "upload_throughput_mbps": {
      "p1": 0.08185010713147538,
      "p5": 0.4012342623500484,
      "p10": 0.7077449779200169,
      "p25": 3.0889208281447043,
      "p50": 10.322390434518098,
      "p75": 24.0425287720662,
      "p90": 80.73848734702645,
      "p95": 135.8578586380016,
      "p99": 188.8776818188909
    },
    "latency_ms": {
      "p1": 291.83,
      "p5": 259.039,
      "p10": 69.804,
      "p25": 30.733,
      "p50": 21.71,
      "p75": 16.291,
      "p90": 12.311,
      "p95": 10.95,
      "p99": 8.15
    },
    "packet_loss": {
      "p1": 0.3854088127448507,
      "p5": 0.23185299740626636,
      "p10": 0.1530332344903186,
      "p25": 0.0603767123784594,
      "p50": 0.003569388243561972,
      "p75": 0.0,
      "p90": 0.0,
      "p95": 0.0,
      "p99": 0.0
    }
  }
}