{
  "sample_counts": {
    "downloads": 42310,
    "uploads": 32187
  },
  "metrics": {
    "download_throughput_mbps": {
      "p1": 0.1402826961204025,
      "p5": 0.5557390076685937,
      "p10": 1.283324915217548,
      "p25": 4.974824597606273,
      "p50": 20.772613938516233,
      "p75": 72.59028185699161,
      "p90": 131.0270203676741,
      "p95": 200.63621076412556,
      "p99": 346.8029371321737
    },
    "upload_throughput_mbps": {
      "p1": 0.05602991008435385,
      "p5": 0.15020223361907686,
      "p10": 0.5331799069422543,
      "p25": 3.0391081653510077,
      "p50": 17.683260593653387,
      "p75": 52.22207058147781,
      "p90": 92.91214241421486,
      "p95": 106.52245402100469,
      "p99": 230.91772308163073
    },
    "latency_ms": {
      "p1": 266.333,
      "p5": 67.0,
      "p10": 52.218,
      "p25": 38.169,
      "p50": 28.76,
      "p75": 16.438,
      "p90": 11.027,
      "p95": 10.066,
      "p99": 9.0
    },
    "packet_loss": {
      "p1": 0.31386430678466076,
      "p5": 0.181553455096511,
      "p10": 0.13369922723767433,
      "p25": 0.06812046200509664,
      "p50": 0.004307738521437053,
      "p75": 0.0,
      "p90": 0.0,
      "p95": 0.0,
      "p99": 0.0
    }
  }
}