{
  "sample_counts": {
    "downloads": 42310,
    "uploads": 32187
  },
  "metrics": {
    "download_throughput_mbps": {
      "p1": 0.13716208623092307,
      "p5": 0.5606351974499478,
      "p10": 1.2845788135733822,
      "p25": 4.979290535012698,
      "p50": 20.786241125988465,
      "p75": 72.59028185699161,
      "p90": 131.0577936458779,
      "p95": 200.59059915170465,
      "p99": 347.4966776238704
    },
    "upload_throughput_mbps": {
      "p1": 0.05600045759066515,
      "p5": 0.15020223361907686,
      "p10": 0.532250845643511,
      "p25": 3.0394421044242232,
      "p50": 17.661775634918158,
      "p75": 52.20289455983414,
      "p90": 92.8998357004929,
      "p95": 106.54691934369679,
      "p99": 231.57360742115415
    },
    "latency_ms": {
      "p1": 268.702,
      "p5": 67.215,
      "p10": 52.161,
      "p25": 38.185,
      "p50": 28.752,
      "p75": 16.435,
      "p90": 11.025,
      "p95": 10.074,
      "p99": 9.0
    },
    "packet_loss": {
      "p1": 0.31242138822763055,
      "p5": 0.18177028982050092,
      "p10": 0.13382311503517683,
      "p25": 0.06811455948680101,
      "p50": 0.004354393332917347,
      "p75": 0.0,
      "p90": 0.0,
      "p95": 0.0,
      "p99": 0.0
    }
  }
}