{
  "sample_counts": {
    "downloads": 5549,
    "uploads": 5935
  },
  "metrics": {
    "download_throughput_mbps": {
      "p1": 0.19590504281320675,
      "p5": 0.9894884280084782,
      "p10": 2.091408540438479,
      "p25": 8.085163055222806,
      "p50": 27.560080913972865,
      "p75": 72.31423970669425,
      "p90": 99.6920808798649,
      "p95": 185.54329547446514,
      "p99": 312.976326606691
    },
    "upload_throughput_mbps": {
      "p1": 0.11229327127350805,
      "p5": 0.5272964378613049,
      "p10": 1.033407166149837,
      "p25": 5.506851709522476,
      "p50": 16.91693756435372,
      "p75": 43.152110913017864,
      "p90": 77.88767869169504,
      "p95": 90.93966940842992,
      "p99": 161.7364110710322
    },
    "latency_ms": {
      "p1": 166.742,
      "p5": 78.569,
      "p10": 69.0,
      "p25": 54.966,
      "p50": 43.0,
      "p75": 27.933,
      "p90": 14.047,
      "p95": 11.329,
      "p99": 9.18
    },
    "packet_loss": {
      "p1": 0.27532868333004334,
      "p5": 0.18705515302611841,
      "p10": 0.15015278752335523,
      "p25": 0.07790092558555237,
      "p50": 0.017526892447121453,
      "p75": 0.0001261816078791384,
      "p90": 0.0,
      "p95": 0.0,
      "p99": 0.0
    }
  }
}