{
  "sample_counts": {
    "downloads": 5334,
    "uploads": 5252
  },
  "metrics": {
    "download_throughput_mbps": {
      "p1": 0.48515237083497487,
      "p5": 3.443000987388148,
      "p10": 8.282190387739341,
      "p25": 21.495201058571933,
      "p50": 43.94385795022713,
      "p75": 100.86050528328704,
      "p90": 186.0739664,
      "p95": 252.8284865707912,
      "p99": 312.85279708801386
    },
    "upload_throughput_mbps": {
      "p1": 0.12403226656382174,
      "p5": 0.6857363885581669,
      "p10": 1.4670964927745593,
      "p25": 9.59638194190649,
      "p50": 34.441469741948026,
      "p75": 88.520924111683,
      "p90": 160.28016745519622,
      "p95": 226.66397129541613,
      "p99": 310.48799655137276
    },
    "latency_ms": {
      "p1": 163.185,
      "p5": 128.686,
      "p10": 122.452,
      "p25": 103.066,
      "p50": 87.66,
      "p75": 72.481,
      "p90": 67.96,
      "p95": 22.152,
      "p99": 8.0
    },
    "packet_loss": {
      "p1": 0.28969087188915454,
      "p5": 0.17412181488385214,
      "p10": 0.12924688030598108,
      "p25": 0.05851405148645578,
      "p50": 0.007321526377100364,
      "p75": 0.0,
      "p90": 0.0,
      "p95": 0.0,
      "p99": 0.0
    }
  }
}