{
  "metrics": {
    "download_throughput_mbps": {
      "p1": 0.39684589154744954,
      "p5": 2.34456723764421,
      "p10": 5.9548091821914975,
      "p25": 17.68250632320157,
      "p50": 42.14600280546201,
      "p75": 74.29423567147109,
      "p90": 89.8482267953218,
      "p95": 95.79396654677872,
      "p99": 263.84774886689
    },
    "upload_throughput_mbps": {
      "p1": 0.0751254231979843,
      "p5": 1.378958637360589,
      "p10": 3.7827048137709385,
      "p25": 9.612340187537555,
      "p50": 19.150228521302342,
      "p75": 38.64374592773847,
      "p90": 82.30203647183282,
      "p95": 83.341345404339,
      "p99": 102.03166954925872
    },
    "latency_ms": {
      "p1": 169.779,
      "p5": 138.978,
      "p10": 132.0,
      "p25": 115.0,
      "p50": 93.633,
      "p75": 74.406,
      "p90": 64.979,
      "p95": 42.998,
      "p99": 19.0
    },
    "packet_loss": {
      "p1": 0.30821537280734085,
      "p5": 0.2647098750462981,
      "p10": 0.21098739174586476,
      "p25": 0.1370599613219499,
      "p50": 0.07757356835807036,
      "p75": 0.0011788736107864553,
      "p90": 0.0,
      "p95": 0.0,
      "p99": 0.0
    }
  }
}