{
  "metrics": {
    "download_throughput_mbps": {
      "p1": 0.3384254359093075,
      "p5": 2.396020570995382,
      "p10": 6.575254389154128,
      "p25": 26.174584061520644,
      "p50": 82.5346789824018,
      "p75": 236.97626987037276,
      "p90": 443.4399973578843,
      "p95": 586.9500724700448,
      "p99": 882.635577114118
    },
    "upload_throughput_mbps": {
      "p1": 0.05614964145027775,
      "p5": 0.0881667429447597,
      "p10": 0.6164164716072129,
      "p25": 6.328675350133698,
      "p50": 23.5952825320891,
      "p75": 80.29181259943144,
      "p90": 219.08529171618727,
      "p95": 405.1921535649159,
      "p99": 824.9965587430157
    },
    "latency_ms": {
      "p1": 218.202,
      "p5": 82.845,
      "p10": 55.407,
      "p25": 33.738,
      "p50": 17.315,
      "p75": 8.0,
      "p90": 4.075,
      "p95": 1.593,
      "p99": 0.176
    },
    "packet_loss": {
      "p1": 0.2364928542126329,
      "p5": 0.11608314503550869,
      "p10": 0.0760307608715498,
      "p25": 0.02009034018432344,
      "p50": 0.00048148749824911553,
      "p75": 0.0,
      "p90": 0.0,
      "p95": 0.0,
      "p99": 0.0
    }
  }
}