{
  "sample_counts": {
    "downloads": 3158954,
    "uploads": 2195805
  },
  "metrics": {
    "download_throughput_mbps": {
      "p1": 0.3471157542894826,
      "p5": 2.369054934400889,
      "p10": 6.5449008135846976,
      "p25": 26.135420566842043,
      "p50": 82.48291574126598,
      "p75": 237.25725369771817,
      "p90": 443.388817604106,
      "p95": 587.6401785008292,
      "p99": 881.9385802518359
    },
    "upload_throughput_mbps": {
      "p1": 0.056669833301666986,
      "p5": 0.08829291700985369,
      "p10": 0.6156655114112511,
      "p25": 6.325272136028468,
      "p50": 23.59016748984217,
      "p75": 80.20271435732376,
      "p90": 218.65054592886304,
      "p95": 406.0163256857677,
      "p99": 822.6072689945996
    },
    "latency_ms": {
      "p1": 219.758,
      "p5": 83.269,
      "p10": 55.425,
      "p25": 33.735,
      "p50": 17.312,
      "p75": 8.0,
      "p90": 4.074,
      "p95": 1.61,
      "p99": 0.176
    },
    "packet_loss": {
      "p1": 0.2401868433493505,
      "p5": 0.11628342825189715,
      "p10": 0.0760446832190976,
      "p25": 0.020092530027600933,
      "p50": 0.000478490090586191,
      "p75": 0.0,
      "p90": 0.0,
      "p95": 0.0,
      "p99": 0.0
    }
  }
}