{
  "sample_counts": {
    "downloads": 3094856,
    "uploads": 2096373
  },
  "metrics": {
    "download_throughput_mbps": {
      "p1": 0.39323475907490363,
      "p5": 2.7034440340879247,
      "p10": 7.661092124815837,
      "p25": 31.09374532860195,
      "p50": 97.708009390249,
      "p75": 287.86912949229827,
      "p90": 519.1928010178286,
      "p95": 699.0717848121492,
      "p99": 937.6959607872743
    },
    "upload_throughput_mbps": {
      "p1": 0.06359940446804956,
      "p5": 0.10235718840517974,
      "p10": 0.8246801336363918,
      "p25": 8.0624578916182,
      "p50": 32.23994192011616,
      "p75": 113.83897397613246,
      "p90": 325.0511814826748,
      "p95": 519.0452796310159,
      "p99": 893.2038341827462
    },
    "latency_ms": {
      "p1": 182.051,
      "p5": 70.0,
      "p10": 50.911,
      "p25": 31.607,
      "p50": 18.278,
      "p75": 7.837,
      "p90": 3.358,
      "p95": 0.967,
      "p99": 0.161
    },
    "packet_loss": {
      "p1": 0.23661984403972044,
      "p5": 0.11858967561827302,
      "p10": 0.0793528952493202,
      "p25": 0.020815441586777922,
      "p50": 0.0005855621459970488,
      "p75": 0.0,
      "p90": 0.0,
      "p95": 0.0,
      "p99": 0.0
    }
  }
}