{
  "metrics": {
    "download_throughput_mbps": {
      "p1": 0.11369895875771821,
      "p5": 0.3608288104436815,
      "p10": 0.9954112291775766,
      "p25": 3.5570424910853387,
      "p50": 9.660830383192783,
      "p75": 26.676722337328897,
      "p90": 40.4385448485643,
      "p95": 55.57621277523753,
      "p99": 116.8819246426732
    },
    "upload_throughput_mbps": {
      "p1": 0.03271825276786255,
      "p5": 0.2045949631415604,
      "p10": 0.7009546984930829,
      "p25": 1.79144023049188,
      "p50": 3.9014320193049077,
      "p75": 8.470929302947043,
      "p90": 12.632482124535246,
      "p95": 19.469584663795548,
      "p99": 41.67848700094545
    },
    "latency_ms": {
      "p1": 505.252,
      "p5": 367.895,
      "p10": 352.211,
      "p25": 299.472,
      "p50": 252.671,
      "p75": 205.262,
      "p90": 49.364,
      "p95": 28.065,
      "p99": 19.0
    },
    "packet_loss": {
      "p1": 0.3027041901925808,
      "p5": 0.21889562359225628,
      "p10": 0.18175314321645925,
      "p25": 0.08688041914828169,
      "p50": 0.01710095312344805,
      "p75": 0.0004520797071472615,
      "p90": 0.0,
      "p95": 0.0,
      "p99": 0.0
    }
  }
}