{
  "metrics": {
    "download_throughput_mbps": {
      "p1": 0.08492064428636695,
      "p5": 0.3318743634211468,
      "p10": 0.7217667918943995,
      "p25": 2.831430473755197,
      "p50": 8.750942500412165,
      "p75": 19.18241706755296,
      "p90": 33.61253913913512,
      "p95": 44.80243165470791,
      "p99": 89.78991973358595
    },
    "upload_throughput_mbps": {
      "p1": 0.03797293044759168,
      "p5": 0.16908534131275482,
      "p10": 0.3824239002258599,
      "p25": 1.3929548682622683,
      "p50": 4.096385142205431,
      "p75": 8.74581543526883,
      "p90": 14.919465706600612,
      "p95": 19.201581151894768,
      "p99": 35.80287860513104
    },
    "latency_ms": {
      "p1": 528.777,
      "p5": 382.461,
      "p10": 357.553,
      "p25": 322.588,
      "p50": 246.234,
      "p75": 165.802,
      "p90": 47.933,
      "p95": 30.298,
      "p99": 20.803
    },
    "packet_loss": {
      "p1": 0.3085696411169528,
      "p5": 0.19034044696990035,
      "p10": 0.12796130386656454,
      "p25": 0.034803995544275976,
      "p50": 0.002186835102061742,
      "p75": 0.0,
      "p90": 0.0,
      "p95": 0.0,
      "p99": 0.0
    }
  }
}