{
  "metrics": {
    "download_throughput_mbps": {
      "p1": 0.07711412801659547,
      "p5": 0.3596373040181828,
      "p10": 0.8918742743828547,
      "p25": 1.9321785354229677,
      "p50": 3.641236302640573,
      "p75": 5.8291945495503565,
      "p90": 7.486129034634046,
      "p95": 10.219279968404614,
      "p99": 16.377528533620257
    },
    "upload_throughput_mbps": {
      "p1": 0.07423760606074051,
      "p5": 0.16144304541235627,
      "p10": 0.22041951642134677,
      "p25": 0.8708067717211925,
      "p50": 3.8093990971628804,
      "p75": 4.902035038033114,
      "p90": 5.848117831228347,
      "p95": 6.408411580082175,
      "p99": 6.699956213041645
    },
    "latency_ms": {
      "p1": 767.826,
      "p5": 665.572,
      "p10": 314.611,
      "p25": 172.034,
      "p50": 154.986,
      "p75": 141.782,
      "p90": 140.092,
      "p95": 138.639,
      "p99": 135.645
    },
    "packet_loss": {
      "p1": 0.35585440230264676,
      "p5": 0.2502657391585151,
      "p10": 0.2112834579011,
      "p25": 0.14574126655422956,
      "p50": 0.04069635993669455,
      "p75": 0.0,
      "p90": 0.0,
      "p95": 0.0,
      "p99": 0.0
    }
  }
}