{
  "metrics": {
    "download_throughput_mbps": {
      "p1": 0.5908600646694603,
      "p5": 0.5908600646694603,
      "p10": 1.068161501114274,
      "p25": 2.297521116194205,
      "p50": 6.621491052069658,
      "p75": 9.242931609218648,
      "p90": 30.132021227885993,
      "p95": 46.7186525394882,
      "p99": 46.7186525394882
    },
    "upload_throughput_mbps": {
      "p1": 0.12142319681823067,
      "p5": 0.12142319681823067,
      "p10": 0.12142319681823067,
      "p25": 1.2103144259112102,
      "p50": 1.8020997561667025,
      "p75": 3.0997615204692512,
      "p90": 7.26106485695655,
      "p95": 13.804373951341407,
      "p99": 13.804373951341407
    },
    "latency_ms": {
      "p1": 377.0,
      "p5": 377.0,
      "p10": 370.984,
      "p25": 170.255,
      "p50": 160.999,
      "p75": 155.695,
      "p90": 153.953,
      "p95": 147.808,
      "p99": 147.808
    },
    "packet_loss": {
      "p1": 0.2706351532840203,
      "p5": 0.2706351532840203,
      "p10": 0.17751978682727262,
      "p25": 0.10015185938739211,
      "p50": 0.011168791973079559,
      "p75": 0.0,
      "p90": 0.0,
      "p95": 0.0,
      "p99": 0.0
    }
  }
}