{
  "sample_counts": {
    "downloads": 220675,
    "uploads": 186148
  },
  "metrics": {
    "download_throughput_mbps": {
      "p1": 0.4683756159456956,
      "p5": 3.4030418524662878,
      "p10": 9.195180474277366,
      "p25": 37.12918313112652,
      "p50": 70.35933013885214,
      "p75": 247.53057290134947,
      "p90": 530.8156793808403,
      "p95": 755.977946058722,
      "p99": 916.9449541000027
    },
    "upload_throughput_mbps": {
      "p1": 0.07208154233476613,
      "p5": 0.4859169013183156,
      "p10": 3.4070962439725463,
      "p25": 15.758396845159071,
      "p50": 23.526363152636314,
      "p75": 81.91124408222383,
      "p90": 269.51740968210225,
      "p95": 540.7449813776956,
      "p99": 853.6606241733134
    },
    "latency_ms": {
      "p1": 186.029,
      "p5": 44.395,
      "p10": 29.155,
      "p25": 16.345,
      "p50": 7.725,
      "p75": 5.0,
      "p90": 2.077,
      "p95": 1.587,
      "p99": 1.0
    },
    "packet_loss": {
      "p1": 0.1707411770664764,
      "p5": 0.06990232022202578,
      "p10": 0.02981616523621715,
      "p25": 0.003905582950839911,
      "p50": 0.00011093270360376552,
      "p75": 0.0,
      "p90": 0.0,
      "p95": 0.0,
      "p99": 0.0
    }
  }
}