{
  "sample_counts": {
    "downloads": 263135,
    "uploads": 202004
  },
  "metrics": {
    "download_throughput_mbps": {
      "p1": 0.38101925888539306,
      "p5": 2.561826820873419,
      "p10": 6.983288173775725,
      "p25": 30.479629914529742,
      "p50": 92.57243252253615,
      "p75": 331.875163334707,
      "p90": 718.5610939401854,
      "p95": 862.9535792982157,
      "p99": 972.5255804885563
    },
    "upload_throughput_mbps": {
      "p1": 0.07012545273654926,
      "p5": 0.289359370250076,
      "p10": 2.332536276995642,
      "p25": 15.339615184923556,
      "p50": 42.60156244609423,
      "p75": 116.34875327050563,
      "p90": 540.9098603194248,
      "p95": 744.0543801963798,
      "p99": 929.559188577112
    },
    "latency_ms": {
      "p1": 202.277,
      "p5": 56.902,
      "p10": 33.907,
      "p25": 18.141,
      "p50": 8.86,
      "p75": 5.039,
      "p90": 2.091,
      "p95": 1.356,
      "p99": 0.738
    },
    "packet_loss": {
      "p1": 0.22952539364285726,
      "p5": 0.09718538851772573,
      "p10": 0.05326382770091613,
      "p25": 0.009268889460023268,
      "p50": 0.00022320640952156988,
      "p75": 0.0,
      "p90": 0.0,
      "p95": 0.0,
      "p99": 0.0
    }
  }
}