{
  "sample_counts": {
    "downloads": 263135,
    "uploads": 202004
  },
  "metrics": {
    "download_throughput_mbps": {
      "p1": 0.37928179018568303,
      "p5": 2.5632225285677634,
      "p10": 7.000955832804954,
      "p25": 30.458279330824542,
      "p50": 92.56158438106327,
      "p75": 331.7647501161962,
      "p90": 718.4071516698314,
      "p95": 863.1984613533306,
      "p99": 971.7828935963374
    },
    "upload_throughput_mbps": {
      "p1": 0.07016846327089502,
      "p5": 0.2879944256769257,
      "p10": 2.336977726044548,
      "p25": 15.33963666036334,
      "p50": 42.54758689075274,
      "p75": 116.3579569918062,
      "p90": 540.9539861288389,
      "p95": 745.2671564554015,
      "p99": 930.1408386592524
    },
    "latency_ms": {
      "p1": 202.709,
      "p5": 57.016,
      "p10": 33.861,
      "p25": 18.145,
      "p50": 8.858,
      "p75": 5.049,
      "p90": 2.093,
      "p95": 1.354,
      "p99": 0.742
    },
    "packet_loss": {
      "p1": 0.23105012046640666,
      "p5": 0.0973242352045057,
      "p10": 0.053308002757836245,
      "p25": 0.009268290967790683,
      "p50": 0.0002230930495894699,
      "p75": 0.0,
      "p90": 0.0,
      "p95": 0.0,
      "p99": 0.0
    }
  }
}