{
  "metrics": {
    "download_throughput_mbps": {
      "p1": 0.3794782728426725,
      "p5": 2.561826820873419,
      "p10": 7.000955832804954,
      "p25": 30.479335061879322,
      "p50": 92.56459890379921,
      "p75": 331.9248885632094,
      "p90": 718.8184765344531,
      "p95": 862.3637514164791,
      "p99": 986.5556189873348
    },
    "upload_throughput_mbps": {
      "p1": 0.07012545273654926,
      "p5": 0.289359370250076,
      "p10": 2.332536276995642,
      "p25": 15.339615184923556,
      "p50": 42.60156244609423,
      "p75": 116.34875327050563,
      "p90": 540.9098603194248,
      "p95": 744.0543801963798,
      "p99": 929.559188577112
    },
    "latency_ms": {
      "p1": 204.874,
      "p5": 56.856,
      "p10": 33.893,
      "p25": 18.139,
      "p50": 8.859,
      "p75": 5.048,
      "p90": 2.088,
      "p95": 1.351,
      "p99": 0.737
    },
    "packet_loss": {
      "p1": 0.22925006388343055,
      "p5": 0.09740728690748697,
      "p10": 0.05329227289553561,
      "p25": 0.009240780365504608,
      "p50": 0.00022324133812114935,
      "p75": 0.0,
      "p90": 0.0,
      "p95": 0.0,
      "p99": 0.0
    }
  }
}