{
  "sample_counts": {
    "downloads": 220675,
    "uploads": 186148
  },
  "metrics": {
    "download_throughput_mbps": {
      "p1": 0.46723176109496906,
      "p5": 3.3967919768274832,
      "p10": 9.209927309494708,
      "p25": 37.11798026955765,
      "p50": 70.34743619512528,
      "p75": 247.71107472739155,
      "p90": 531.0011955077708,
      "p95": 755.9556704709272,
      "p99": 917.2158994755077
    },
    "upload_throughput_mbps": {
      "p1": 0.07323098941234611,
      "p5": 0.488948766631498,
      "p10": 3.421444884805871,
      "p25": 15.75880781814133,
      "p50": 23.539515931291668,
      "p75": 82.05656741169892,
      "p90": 269.08405114095564,
      "p95": 539.7110972312471,
      "p99": 864.4740357928032
    },
    "latency_ms": {
      "p1": 186.069,
      "p5": 44.424,
      "p10": 29.156,
      "p25": 16.347,
      "p50": 7.723,
      "p75": 5.0,
      "p90": 2.077,
      "p95": 1.588,
      "p99": 1.0
    },
    "packet_loss": {
      "p1": 0.16725514917871337,
      "p5": 0.06985807690221181,
      "p10": 0.029744406566943906,
      "p25": 0.003907892402159731,
      "p50": 0.00011070391473989882,
      "p75": 0.0,
      "p90": 0.0,
      "p95": 0.0,
      "p99": 0.0
    }
  }
}