{
  "metrics": {
    "download_throughput_mbps": {
      "p1": 4.679455350243887,
      "p5": 7.414704694284233,
      "p10": 17.4524872767767,
      "p25": 18.012123548251857,
      "p50": 32.744372132516055,
      "p75": 58.49757433653352,
      "p90": 113.70044063964245,
      "p95": 138.10047854440958,
      "p99": 192.64644661819804
    },
    "upload_throughput_mbps": {
      "p1": 0.07576953938436849,
      "p5": 0.37372031551460105,
      "p10": 3.6247861080423376,
      "p25": 11.173219931139526,
      "p50": 18.245393035876564,
      "p75": 29.687732971721456,
      "p90": 45.20713991930246,
      "p95": 73.11908147490395,
      "p99": 73.75447909648314
    },
    "latency_ms": {
      "p1": 139.672,
      "p5": 139.141,
      "p10": 138.016,
      "p25": 132.416,
      "p50": 125.581,
      "p75": 125.503,
      "p90": 43.37,
      "p95": 42.518,
      "p99": 42.205
    },
    "packet_loss": {
      "p1": 0.15264531618487429,
      "p5": 0.12894600907673176,
      "p10": 0.11025954667084024,
      "p25": 0.025690295149055117,
      "p50": 0.0029188286126652567,
      "p75": 0.0001354452910863426,
      "p90": 0.0,
      "p95": 0.0,
      "p99": 0.0
    }
  }
}