{
  "metrics": {
    "download_throughput_mbps": {
      "p1": 0.5387245718685286,
      "p5": 1.1558077431861609,
      "p10": 2.3813545338046125,
      "p25": 14.565535975395358,
      "p50": 30.653002938698112,
      "p75": 59.56832328388645,
      "p90": 150.75445173730077,
      "p95": 222.96094134737578,
      "p99": 224.27036289225867
    },
    "upload_throughput_mbps": {
      "p1": 0.08325964552053927,
      "p5": 0.08325964552053927,
      "p10": 0.26622009996153173,
      "p25": 4.292085176056393,
      "p50": 17.901338586614134,
      "p75": 23.976341024760266,
      "p90": 29.077500838238517,
      "p95": 38.10630757703795,
      "p99": 44.53606572523215
    },
    "latency_ms": {
      "p1": 147.706,
      "p5": 146.0,
      "p10": 145.823,
      "p25": 141.298,
      "p50": 57.992,
      "p75": 46.531,
      "p90": 42.43,
      "p95": 39.542,
      "p99": 29.877
    },
    "packet_loss": {
      "p1": 0.13250965184296934,
      "p5": 0.1286678103574917,
      "p10": 0.10061419899738473,
      "p25": 0.04056554905598087,
      "p50": 0.011123807048326868,
      "p75": 0.0019491040212452338,
      "p90": 0.0,
      "p95": 0.0,
      "p99": 0.0
    }
  }
}