{
  "metrics": {
    "download_throughput_mbps": {
      "p1": 0.17042813389230402,
      "p5": 0.7750908950813621,
      "p10": 1.933468968898349,
      "p25": 8.449141308761785,
      "p50": 42.57683179179328,
      "p75": 191.4229710648589,
      "p90": 426.9354565602986,
      "p95": 603.1787173929798,
      "p99": 888.0191370574275
    },
    "upload_throughput_mbps": {
      "p1": 0.04244084046099389,
      "p5": 0.08330121095130746,
      "p10": 0.19084203432704644,
      "p25": 3.418724478378503,
      "p50": 17.10593879824937,
      "p75": 102.8445320794479,
      "p90": 330.61155256980425,
      "p95": 522.2225786658112,
      "p99": 840.7935974668907
    },
    "latency_ms": {
      "p1": 274.403,
      "p5": 136.487,
      "p10": 103.654,
      "p25": 33.968,
      "p50": 17.792,
      "p75": 7.096,
      "p90": 3.507,
      "p95": 2.295,
      "p99": 0.907
    },
    "packet_loss": {
      "p1": 0.30668572069042815,
      "p5": 0.14712634054933055,
      "p10": 0.09035480044013618,
      "p25": 0.01931813550339075,
      "p50": 0.0006910824606534135,
      "p75": 0.0,
      "p90": 0.0,
      "p95": 0.0,
      "p99": 0.0
    }
  }
}