{
  "metrics": {
    "download_throughput_mbps": {
      "p1": 0.13065144796052947,
      "p5": 0.590362860828987,
      "p10": 1.458682798174893,
      "p25": 6.446415741452479,
      "p50": 31.874257480985932,
      "p75": 144.4162720159315,
      "p90": 338.3007973910519,
      "p95": 512.4255814901056,
      "p99": 831.9108003102461
    },
    "upload_throughput_mbps": {
      "p1": 0.018099107733426923,
      "p5": 0.07520720369384301,
      "p10": 0.08913053152101359,
      "p25": 2.3498204863188814,
      "p50": 11.57251438796189,
      "p75": 67.17419304516608,
      "p90": 248.14317800443527,
      "p95": 432.37338034087264,
      "p99": 706.396136525563
    },
    "latency_ms": {
      "p1": 369.915,
      "p5": 221.771,
      "p10": 107.133,
      "p25": 35.397,
      "p50": 19.262,
      "p75": 8.306,
      "p90": 4.49,
      "p95": 2.951,
      "p99": 0.836
    },
    "packet_loss": {
      "p1": 0.30233828016261505,
      "p5": 0.14384278078410614,
      "p10": 0.08712698602531292,
      "p25": 0.01782011993074497,
      "p50": 0.0006730685767929851,
      "p75": 0.0,
      "p90": 0.0,
      "p95": 0.0,
      "p99": 0.0
    }
  }
}