{
  "sample_counts": {
    "downloads": 136352,
    "uploads": 101505
  },
  "metrics": {
    "download_throughput_mbps": {
      "p1": 0.13133325752067332,
      "p5": 0.5933898709700686,
      "p10": 1.4707275810269262,
      "p25": 6.444609543346075,
      "p50": 31.93629251267826,
      "p75": 144.45123655420704,
      "p90": 338.3694904476822,
      "p95": 513.182629171761,
      "p99": 837.1340202380122
    },
    "upload_throughput_mbps": {
      "p1": 0.019028930181657605,
      "p5": 0.0752030187121596,
      "p10": 0.08913738827452355,
      "p25": 2.34790526885258,
      "p50": 11.57125699715829,
      "p75": 67.13186495718,
      "p90": 248.15158090099206,
      "p95": 432.9710550939309,
      "p99": 711.8562243173604
    },
    "latency_ms": {
      "p1": 370.312,
      "p5": 221.853,
      "p10": 107.128,
      "p25": 35.426,
      "p50": 19.255,
      "p75": 8.307,
      "p90": 4.491,
      "p95": 2.954,
      "p99": 0.812
    },
    "packet_loss": {
      "p1": 0.302425366534086,
      "p5": 0.14434313226350878,
      "p10": 0.08738575502958831,
      "p25": 0.017832424645216935,
      "p50": 0.0006784820120911777,
      "p75": 0.0,
      "p90": 0.0,
      "p95": 0.0,
      "p99": 0.0
    }
  }
}