{
  "sample_counts": {
    "downloads": 205716,
    "uploads": 150575
  },
  "metrics": {
    "download_throughput_mbps": {
      "p1": 0.17584467451730457,
      "p5": 0.7769705412408118,
      "p10": 1.9295808598784459,
      "p25": 8.446983160337242,
      "p50": 42.59785374280591,
      "p75": 191.5092037409091,
      "p90": 427.09080603771645,
      "p95": 602.4877327425817,
      "p99": 887.3687519394903
    },
    "upload_throughput_mbps": {
      "p1": 0.04244084046099389,
      "p5": 0.08330121095130746,
      "p10": 0.19084203432704644,
      "p25": 3.418724478378503,
      "p50": 17.10593879824937,
      "p75": 102.8445320794479,
      "p90": 330.61155256980425,
      "p95": 522.2225786658112,
      "p99": 840.7935974668907
    },
    "latency_ms": {
      "p1": 273.296,
      "p5": 136.345,
      "p10": 103.745,
      "p25": 33.982,
      "p50": 17.773,
      "p75": 7.104,
      "p90": 3.503,
      "p95": 2.284,
      "p99": 0.916
    },
    "packet_loss": {
      "p1": 0.30571221173711544,
      "p5": 0.1469509508152266,
      "p10": 0.09023619794532267,
      "p25": 0.019255761755797164,
      "p50": 0.0006933505780136523,
      "p75": 0.0,
      "p90": 0.0,
      "p95": 0.0,
      "p99": 0.0
    }
  }
}