{
  "metrics": {
    "download_throughput_mbps": {
      "p1": 0.05213843716143544,
      "p5": 0.16914176752440616,
      "p10": 0.355509164406042,
      "p25": 1.5344702260085488,
      "p50": 6.5484446650273345,
      "p75": 15.041104305547085,
      "p90": 27.26683758922296,
      "p95": 39.08633927439145,
      "p99": 101.38768438264579
    },
    "upload_throughput_mbps": {
      "p1": 0.0215495784124588,
      "p5": 0.08988131283032542,
      "p10": 0.18154949419541377,
      "p25": 0.5745951643616842,
      "p50": 1.9927970818752225,
      "p75": 6.140446368644919,
      "p90": 15.420661462801966,
      "p95": 23.411114369973603,
      "p99": 41.551986294506904
    },
    "latency_ms": {
      "p1": 538.149,
      "p5": 352.996,
      "p10": 337.559,
      "p25": 290.205,
      "p50": 128.041,
      "p75": 37.552,
      "p90": 21.956,
      "p95": 21.237,
      "p99": 21.0
    },
    "packet_loss": {
      "p1": 0.45804801894918173,
      "p5": 0.3735559851122204,
      "p10": 0.31095918708604076,
      "p25": 0.13495900184955828,
      "p50": 0.005788361145401683,
      "p75": 0.0,
      "p90": 0.0,
      "p95": 0.0,
      "p99": 0.0
    }
  }
}