{
  "sample_counts": {
    "downloads": 11345,
    "uploads": 9461
  },
  "metrics": {
    "download_throughput_mbps": {
      "p1": 0.0812469464522126,
      "p5": 0.23089224109133347,
      "p10": 0.4389710486819872,
      "p25": 1.4773370813831261,
      "p50": 9.054693141000715,
      "p75": 31.97794236878152,
      "p90": 65.04872446770577,
      "p95": 95.50942352832588,
      "p99": 235.63016059963775
    },
    "upload_throughput_mbps": {
      "p1": 0.046740159389302746,
      "p5": 0.17134826460783156,
      "p10": 0.7200472219552894,
      "p25": 4.107225667600431,
      "p50": 18.279355097160824,
      "p75": 39.04287167216991,
      "p90": 59.93067903775285,
      "p95": 83.09141656469409,
      "p99": 110.16675364240702
    },
    "latency_ms": {
      "p1": 459.07,
      "p5": 399.007,
      "p10": 374.947,
      "p25": 341.503,
      "p50": 305.952,
      "p75": 206.603,
      "p90": 118.342,
      "p95": 63.076,
      "p99": 31.664
    },
    "packet_loss": {
      "p1": 0.36829924260183533,
      "p5": 0.2795940443714326,
      "p10": 0.2238791541684134,
      "p25": 0.1462529901963738,
      "p50": 0.06269602667551319,
      "p75": 0.002002702857524618,
      "p90": 0.0,
      "p95": 0.0,
      "p99": 0.0
    }
  }
}