{
  "sample_counts": {
    "downloads": 28654,
    "uploads": 21137
  },
  "metrics": {
    "download_throughput_mbps": {
      "p1": 0.07543917254129016,
      "p5": 0.25411223967135643,
      "p10": 0.5266837260011782,
      "p25": 2.5908520894051503,
      "p50": 14.139383168993325,
      "p75": 41.630235279659395,
      "p90": 87.29100160844366,
      "p95": 151.19856688085986,
      "p99": 297.4124111442025
    },
    "upload_throughput_mbps": {
      "p1": 0.050907110642289595,
      "p5": 0.17658703632058542,
      "p10": 0.6375245883098692,
      "p25": 3.773232987009117,
      "p50": 16.643979692661965,
      "p75": 37.24693564062823,
      "p90": 56.346819791908125,
      "p95": 82.55778247147201,
      "p99": 127.73096260409557
    },
    "latency_ms": {
      "p1": 475.07,
      "p5": 408.738,
      "p10": 370.0,
      "p25": 324.963,
      "p50": 258.784,
      "p75": 171.963,
      "p90": 52.727,
      "p95": 45.284,
      "p99": 29.691
    },
    "packet_loss": {
      "p1": 0.3250024318978531,
      "p5": 0.234097542248872,
      "p10": 0.19159022372195766,
      "p25": 0.11879353343909173,
      "p50": 0.03893215697360684,
      "p75": 0.00012795283601596525,
      "p90": 0.0,
      "p95": 0.0,
      "p99": 0.0
    }
  }
}