{
  "sample_counts": {
    "downloads": 11345,
    "uploads": 9461
  },
  "metrics": {
    "download_throughput_mbps": {
      "p1": 0.08140629603111224,
      "p5": 0.23094803266144098,
      "p10": 0.4402080321870102,
      "p25": 1.478273050601731,
      "p50": 9.052493633568696,
      "p75": 31.98260778959593,
      "p90": 65.12039822486746,
      "p95": 95.60668458842113,
      "p99": 235.07846820138775
    },
    "upload_throughput_mbps": {
      "p1": 0.047180719792776354,
      "p5": 0.17050293879034256,
      "p10": 0.7161113719302298,
      "p25": 4.107189635031329,
      "p50": 18.275577070134013,
      "p75": 39.024384292733515,
      "p90": 59.9515584117535,
      "p95": 83.11831114358964,
      "p99": 110.17764936392946
    },
    "latency_ms": {
      "p1": 459.07,
      "p5": 398.712,
      "p10": 374.972,
      "p25": 341.503,
      "p50": 306.0,
      "p75": 206.603,
      "p90": 118.095,
      "p95": 63.0,
      "p99": 31.606
    },
    "packet_loss": {
      "p1": 0.3674608820980833,
      "p5": 0.2795940443714326,
      "p10": 0.22364811857772443,
      "p25": 0.14623031106250048,
      "p50": 0.06270202084356451,
      "p75": 0.002012380683521714,
      "p90": 0.0,
      "p95": 0.0,
      "p99": 0.0
    }
  }
}