{
  "sample_counts": {
    "downloads": 288942,
    "uploads": 233039
  },
  "metrics": {
    "download_throughput_mbps": {
      "p1": 0.11938504880842107,
      "p5": 0.4993493914103496,
      "p10": 1.2460254237345951,
      "p25": 5.614167090353799,
      "p50": 22.71201639465951,
      "p75": 75.9380618857193,
      "p90": 155.41329019967117,
      "p95": 217.1839384113555,
      "p99": 515.0058223086326
    },
    "upload_throughput_mbps": {
      "p1": 0.04242430666228563,
      "p5": 0.07585303060332474,
      "p10": 0.2373354252507026,
      "p25": 2.788785233644299,
      "p50": 12.23611014452409,
      "p75": 33.69462258411475,
      "p90": 103.74162945351591,
      "p95": 171.67203049195427,
      "p99": 455.1577363800717
    },
    "latency_ms": {
      "p1": 332.209,
      "p5": 165.131,
      "p10": 149.632,
      "p25": 128.507,
      "p50": 108.134,
      "p75": 49.014,
      "p90": 19.188,
      "p95": 10.214,
      "p99": 1.809
    },
    "packet_loss": {
      "p1": 0.3667850305442355,
      "p5": 0.24176839604102976,
      "p10": 0.18095997853171295,
      "p25": 0.09573543834613478,
      "p50": 0.014204893077332489,
      "p75": 1.814119472218623e-05,
      "p90": 0.0,
      "p95": 0.0,
      "p99": 0.0
    }
  }
}