{
  "sample_counts": {
    "downloads": 367847,
    "uploads": 292129
  },
  "metrics": {
    "download_throughput_mbps": {
      "p1": 0.12662202190903565,
      "p5": 0.5190872243122594,
      "p10": 1.3317942971361465,
      "p25": 6.524193417883291,
      "p50": 28.16800663127995,
      "p75": 89.4331084770939,
      "p90": 162.9000351678653,
      "p95": 209.47260414102217,
      "p99": 472.94154071854405
    },
    "upload_throughput_mbps": {
      "p1": 0.0400607522880352,
      "p5": 0.08743368286181867,
      "p10": 0.19331799469847183,
      "p25": 2.783464793689903,
      "p50": 13.926144785817879,
      "p75": 42.02432857039575,
      "p90": 126.25983812615121,
      "p95": 183.09942774922737,
      "p99": 436.4043715595647
    },
    "latency_ms": {
      "p1": 310.056,
      "p5": 167.183,
      "p10": 151.885,
      "p25": 131.352,
      "p50": 111.469,
      "p75": 63.784,
      "p90": 21.124,
      "p95": 13.767,
      "p99": 1.654
    },
    "packet_loss": {
      "p1": 0.3342224235791838,
      "p5": 0.22468806238994415,
      "p10": 0.16849895656289668,
      "p25": 0.0880371912192165,
      "p50": 0.012301893638757994,
      "p75": 0.0,
      "p90": 0.0,
      "p95": 0.0,
      "p99": 0.0
    }
  }
}