{
  "sample_counts": {
    "downloads": 13862,
    "uploads": 12641
  },
  "metrics": {
    "download_throughput_mbps": {
      "p1": 0.23700717131933616,
      "p5": 1.6996884875837404,
      "p10": 5.290749751745527,
      "p25": 19.648921608670133,
      "p50": 57.83583619897467,
      "p75": 110.48564900411274,
      "p90": 160.50001419933548,
      "p95": 185.8117221584937,
      "p99": 227.88413158185787
    },
    "upload_throughput_mbps": {
      "p1": 0.13001907074635907,
      "p5": 0.5885882126492668,
      "p10": 1.998595680607933,
      "p25": 6.373233779046362,
      "p50": 22.354168891662216,
      "p75": 74.98156209272743,
      "p90": 149.9489480416636,
      "p95": 178.9741404310315,
      "p99": 226.63795036790992
    },
    "latency_ms": {
      "p1": 256.552,
      "p5": 156.094,
      "p10": 145.089,
      "p25": 129.376,
      "p50": 114.957,
      "p75": 102.073,
      "p90": 94.167,
      "p95": 78.606,
      "p99": 50.279
    },
    "packet_loss": {
      "p1": 0.32851471696734175,
      "p5": 0.1977582046017945,
      "p10": 0.14712270166769773,
      "p25": 0.06398504465337444,
      "p50": 0.0024789710431171773,
      "p75": 0.0,
      "p90": 0.0,
      "p95": 0.0,
      "p99": 0.0
    }
  }
}