{
  "metrics": {
    "download_throughput_mbps": {
      "p1": 0.22777602024675736,
      "p5": 1.6908058966972004,
      "p10": 5.290749751745527,
      "p25": 19.637557388902923,
      "p50": 57.828996026013854,
      "p75": 110.52592840428235,
      "p90": 160.52396913600433,
      "p95": 185.81709660439063,
      "p99": 228.44470105134724
    },
    "upload_throughput_mbps": {
      "p1": 0.13001907074635907,
      "p5": 0.5885882126492668,
      "p10": 1.998595680607933,
      "p25": 6.373233779046362,
      "p50": 22.354168891662216,
      "p75": 74.98156209272743,
      "p90": 149.9489480416636,
      "p95": 178.9741404310315,
      "p99": 226.63795036790992
    },
    "latency_ms": {
      "p1": 255.022,
      "p5": 156.168,
      "p10": 145.076,
      "p25": 129.392,
      "p50": 114.962,
      "p75": 102.077,
      "p90": 94.143,
      "p95": 78.63,
      "p99": 49.577
    },
    "packet_loss": {
      "p1": 0.32851471696734175,
      "p5": 0.1977582046017945,
      "p10": 0.14703815922364202,
      "p25": 0.06394184415157714,
      "p50": 0.0024789710431171773,
      "p75": 0.0,
      "p90": 0.0,
      "p95": 0.0,
      "p99": 0.0
    }
  }
}