{
  "sample_counts": {
    "downloads": 14851,
    "uploads": 16841
  },
  "metrics": {
    "download_throughput_mbps": {
      "p1": 0.23036180943288878,
      "p5": 1.0591111926922767,
      "p10": 3.1150156577439168,
      "p25": 13.65453755543177,
      "p50": 40.734237677685684,
      "p75": 82.38227830431401,
      "p90": 138.50567103193404,
      "p95": 167.10512152236137,
      "p99": 206.60367552645192
    },
    "upload_throughput_mbps": {
      "p1": 0.08984178417289782,
      "p5": 0.4376949177490597,
      "p10": 1.1747700919792068,
      "p25": 2.4825989600743883,
      "p50": 7.015416381293864,
      "p75": 31.05087556464575,
      "p90": 86.97330248955232,
      "p95": 146.88202212529507,
      "p99": 197.74055990670556
    },
    "latency_ms": {
      "p1": 478.006,
      "p5": 165.993,
      "p10": 147.138,
      "p25": 127.306,
      "p50": 112.438,
      "p75": 102.644,
      "p90": 95.777,
      "p95": 91.605,
      "p99": 35.843
    },
    "packet_loss": {
      "p1": 0.321377352453934,
      "p5": 0.2123438736738481,
      "p10": 0.1560497129799922,
      "p25": 0.07427213412689515,
      "p50": 0.007882785105487648,
      "p75": 0.0,
      "p90": 0.0,
      "p95": 0.0,
      "p99": 0.0
    }
  }
}