{
  "metrics": {
    "download_throughput_mbps": {
      "p1": 0.20109787223941047,
      "p5": 1.3994960457450785,
      "p10": 4.146022787653663,
      "p25": 12.809567542227391,
      "p50": 37.277240551485846,
      "p75": 91.4945720326717,
      "p90": 132.62744622778555,
      "p95": 169.0812386144991,
      "p99": 212.23071843650365
    },
    "upload_throughput_mbps": {
      "p1": 0.04131859613806076,
      "p5": 0.09930578783456302,
      "p10": 0.6878366315302754,
      "p25": 3.3842265302318437,
      "p50": 10.216282980258642,
      "p75": 20.04921559877182,
      "p90": 41.92269177135983,
      "p95": 59.17472213233409,
      "p99": 105.31203098533042
    },
    "latency_ms": {
      "p1": 253.041,
      "p5": 147.228,
      "p10": 135.17,
      "p25": 108.302,
      "p50": 99.008,
      "p75": 94.306,
      "p90": 90.852,
      "p95": 89.0,
      "p99": 60.932
    },
    "packet_loss": {
      "p1": 0.31271737824855833,
      "p5": 0.21810205184980735,
      "p10": 0.16566418256914353,
      "p25": 0.09344672338591681,
      "p50": 0.021994479197937303,
      "p75": 0.0,
      "p90": 0.0,
      "p95": 0.0,
      "p99": 0.0
    }
  }
}