{
  "sample_counts": {
    "downloads": 66752,
    "uploads": 42489
  },
  "metrics": {
    "download_throughput_mbps": {
      "p1": 0.16770306954655542,
      "p5": 0.8490688067611094,
      "p10": 2.3142142774187606,
      "p25": 9.511703486676403,
      "p50": 32.8958618165612,
      "p75": 101.05377676301056,
      "p90": 242.58224972967824,
      "p95": 414.9324047029911,
      "p99": 716.2549528151428
    },
    "upload_throughput_mbps": {
      "p1": 0.05595381766151864,
      "p5": 0.08958886537130395,
      "p10": 0.40501630506139386,
      "p25": 3.363365568727308,
      "p50": 14.798137197492585,
      "p75": 51.192328803396485,
      "p90": 103.55074759440562,
      "p95": 137.6615241539964,
      "p99": 239.445972649506
    },
    "latency_ms": {
      "p1": 257.022,
      "p5": 136.753,
      "p10": 120.03,
      "p25": 99.961,
      "p50": 80.631,
      "p75": 15.067,
      "p90": 11.474,
      "p95": 10.187,
      "p99": 8.845
    },
    "packet_loss": {
      "p1": 0.3431755882618313,
      "p5": 0.21111676704105986,
      "p10": 0.15394644197270238,
      "p25": 0.075944795354081,
      "p50": 0.011820199983008463,
      "p75": 9.391172531150777e-05,
      "p90": 0.0,
      "p95": 0.0,
      "p99": 0.0
    }
  }
}