{
  "sample_counts": {
    "downloads": 58674,
    "uploads": 38709
  },
  "metrics": {
    "download_throughput_mbps": {
      "p1": 0.18088348882430702,
      "p5": 0.9644916197769987,
      "p10": 2.457035843595655,
      "p25": 9.553963641037358,
      "p50": 30.40945300111584,
      "p75": 92.74871569443697,
      "p90": 205.31323295512726,
      "p95": 292.10847208500246,
      "p99": 570.2251874475535
    },
    "upload_throughput_mbps": {
      "p1": 0.054270762626612117,
      "p5": 0.08178733600668547,
      "p10": 0.3779743540286349,
      "p25": 3.1034539650148893,
      "p50": 11.904823644476496,
      "p75": 41.99740001559991,
      "p90": 88.10959182465308,
      "p95": 141.72651970414162,
      "p99": 247.10237136055486
    },
    "latency_ms": {
      "p1": 267.495,
      "p5": 134.765,
      "p10": 117.486,
      "p25": 97.05,
      "p50": 79.151,
      "p75": 17.176,
      "p90": 11.982,
      "p95": 10.749,
      "p99": 9.078
    },
    "packet_loss": {
      "p1": 0.31849041681022133,
      "p5": 0.2102054484949159,
      "p10": 0.15609439305847497,
      "p25": 0.08405046990749153,
      "p50": 0.010856977843178425,
      "p75": 0.0,
      "p90": 0.0,
      "p95": 0.0,
      "p99": 0.0
    }
  }
}