{
  "metrics": {
    "download_throughput_mbps": {
      "p1": 0.1826908736836579,
      "p5": 0.9639209924745953,
      "p10": 2.4530362649289352,
      "p25": 9.546664610104632,
      "p50": 30.403029822439716,
      "p75": 92.75134595908284,
      "p90": 205.31682406413432,
      "p95": 292.9432074133599,
      "p99": 577.0306833547135
    },
    "upload_throughput_mbps": {
      "p1": 0.05533592252970846,
      "p5": 0.08173827739258391,
      "p10": 0.3797706618520241,
      "p25": 3.103221601575413,
      "p50": 11.899640146261454,
      "p75": 42.027571011689396,
      "p90": 88.29535916117028,
      "p95": 142.21026818295942,
      "p99": 246.49247881805084
    },
    "latency_ms": {
      "p1": 265.91,
      "p5": 134.797,
      "p10": 117.374,
      "p25": 97.063,
      "p50": 79.162,
      "p75": 17.126,
      "p90": 11.983,
      "p95": 10.749,
      "p99": 9.107
    },
    "packet_loss": {
      "p1": 0.3186024758635739,
      "p5": 0.21041237429458362,
      "p10": 0.15590460059980216,
      "p25": 0.08395745116423121,
      "p50": 0.010826908674390942,
      "p75": 0.0,
      "p90": 0.0,
      "p95": 0.0,
      "p99": 0.0
    }
  }
}