{
  "metrics": {
    "download_throughput_mbps": {
      "p1": 0.22014152011975463,
      "p5": 1.2752463147406246,
      "p10": 3.237230359085836,
      "p25": 11.93975300034787,
      "p50": 37.86171150388215,
      "p75": 93.54758513821054,
      "p90": 257.4617736217732,
      "p95": 432.31857577178465,
      "p99": 807.3820564087719
    },
    "upload_throughput_mbps": {
      "p1": 0.06169416768321981,
      "p5": 0.08289726857635865,
      "p10": 0.5479204291142624,
      "p25": 5.096788605976003,
      "p50": 17.165557933852025,
      "p75": 44.60705702693887,
      "p90": 104.42622032803409,
      "p95": 232.54263827751492,
      "p99": 636.8181958544332
    },
    "latency_ms": {
      "p1": 212.379,
      "p5": 44.358,
      "p10": 34.583,
      "p25": 23.056,
      "p50": 14.504,
      "p75": 8.103,
      "p90": 4.786,
      "p95": 2.992,
      "p99": 0.254
    },
    "packet_loss": {
      "p1": 0.26480039419175855,
      "p5": 0.15179106699785425,
      "p10": 0.1081519164017657,
      "p25": 0.0493153908337047,
      "p50": 0.0049905482325423205,
      "p75": 5.191449936071308e-06,
      "p90": 0.0,
      "p95": 0.0,
      "p99": 0.0
    }
  }
}