{
  "metrics": {
    "download_throughput_mbps": {
      "p1": 0.24888750229641327,
      "p5": 1.392396261177594,
      "p10": 3.476097576145045,
      "p25": 12.552313087360687,
      "p50": 41.945254659905494,
      "p75": 106.01815511306751,
      "p90": 294.59717752942413,
      "p95": 475.35940205594324,
      "p99": 853.0783801777436
    },
    "upload_throughput_mbps": {
      "p1": 0.06322400762022239,
      "p5": 0.09588750700961307,
      "p10": 0.6875595342732423,
      "p25": 5.477648773526344,
      "p50": 18.804431291169394,
      "p75": 48.080987458379425,
      "p90": 132.13265997117705,
      "p95": 254.22318908400777,
      "p99": 684.9648989263638
    },
    "latency_ms": {
      "p1": 206.266,
      "p5": 42.813,
      "p10": 31.223,
      "p25": 21.567,
      "p50": 14.249,
      "p75": 8.14,
      "p90": 4.373,
      "p95": 2.405,
      "p99": 0.229
    },
    "packet_loss": {
      "p1": 0.2701429079150012,
      "p5": 0.1493074461800129,
      "p10": 0.10527100490962787,
      "p25": 0.044675512398693246,
      "p50": 0.003915714324996666,
      "p75": 0.0,
      "p90": 0.0,
      "p95": 0.0,
      "p99": 0.0
    }
  }
}