{
  "sample_counts": {
    "downloads": 244966,
    "uploads": 156764
  },
  "metrics": {
    "download_throughput_mbps": {
      "p1": 0.22365606537151464,
      "p5": 1.270245000030005,
      "p10": 3.2444688213513584,
      "p25": 11.940861390369431,
      "p50": 37.86813993591279,
      "p75": 93.5556948131287,
      "p90": 257.38569339807447,
      "p95": 432.38486339260174,
      "p99": 809.9585645215809
    },
    "upload_throughput_mbps": {
      "p1": 0.06208481683717065,
      "p5": 0.08289298692260157,
      "p10": 0.5451453491947421,
      "p25": 5.10397539725023,
      "p50": 17.17505182769885,
      "p75": 44.59982454440394,
      "p90": 104.39764897786777,
      "p95": 233.66406230390655,
      "p99": 636.8181958544332
    },
    "latency_ms": {
      "p1": 213.763,
      "p5": 44.416,
      "p10": 34.557,
      "p25": 23.053,
      "p50": 14.495,
      "p75": 8.1,
      "p90": 4.783,
      "p95": 2.989,
      "p99": 0.257
    },
    "packet_loss": {
      "p1": 0.2638888997831177,
      "p5": 0.1517068921856901,
      "p10": 0.10822235148843237,
      "p25": 0.04934698405880583,
      "p50": 0.004992086818901198,
      "p75": 5.123700457716087e-06,
      "p90": 0.0,
      "p95": 0.0,
      "p99": 0.0
    }
  }
}