{
  "sample_counts": {
    "downloads": 269402,
    "uploads": 166633
  },
  "metrics": {
    "download_throughput_mbps": {
      "p1": 0.24555799404961196,
      "p5": 1.391854859861263,
      "p10": 3.4647895307486407,
      "p25": 12.551592201331779,
      "p50": 41.91741295731291,
      "p75": 106.10532740809123,
      "p90": 295.35558753186774,
      "p95": 475.74071802634984,
      "p99": 854.6313536950338
    },
    "upload_throughput_mbps": {
      "p1": 0.06322400762022239,
      "p5": 0.09588750700961307,
      "p10": 0.6875595342732423,
      "p25": 5.477648773526344,
      "p50": 18.804431291169394,
      "p75": 48.080987458379425,
      "p90": 132.13265997117705,
      "p95": 254.22318908400777,
      "p99": 684.9648989263638
    },
    "latency_ms": {
      "p1": 205.578,
      "p5": 42.73,
      "p10": 31.279,
      "p25": 21.553,
      "p50": 14.242,
      "p75": 8.14,
      "p90": 4.392,
      "p95": 2.413,
      "p99": 0.229
    },
    "packet_loss": {
      "p1": 0.27108492556703934,
      "p5": 0.149411622572618,
      "p10": 0.10518797444767186,
      "p25": 0.0447565171123342,
      "p50": 0.0039007469761129275,
      "p75": 0.0,
      "p90": 0.0,
      "p95": 0.0,
      "p99": 0.0
    }
  }
}