{
  "metrics": {
    "download_throughput_mbps": {
      "p1": 0.22541806937043327,
      "p5": 1.2601009730356805,
      "p10": 3.4159580040029724,
      "p25": 13.792706187335016,
      "p50": 45.27318063012899,
      "p75": 100.56811400583389,
      "p90": 248.78787170714963,
      "p95": 377.7799810796342,
      "p99": 741.531818055914
    },
    "upload_throughput_mbps": {
      "p1": 0.04863881299601533,
      "p5": 0.07565220991276268,
      "p10": 0.2028211310743099,
      "p25": 3.572611839867138,
      "p50": 17.1874865565471,
      "p75": 36.5993247044457,
      "p90": 53.20499501602392,
      "p95": 101.9296100852272,
      "p99": 285.2776818722318
    },
    "latency_ms": {
      "p1": 306.498,
      "p5": 57.046,
      "p10": 38.508,
      "p25": 26.385,
      "p50": 17.714,
      "p75": 11.589,
      "p90": 6.781,
      "p95": 3.458,
      "p99": 0.451
    },
    "packet_loss": {
      "p1": 0.2537119063373188,
      "p5": 0.11539471872452794,
      "p10": 0.07083398937621917,
      "p25": 0.01657649237832283,
      "p50": 0.00034311166153415786,
      "p75": 0.0,
      "p90": 0.0,
      "p95": 0.0,
      "p99": 0.0
    }
  }
}