{
  "metrics": {
    "download_throughput_mbps": {
      "p1": 0.26556802056463585,
      "p5": 1.6084797088982439,
      "p10": 4.282511287347301,
      "p25": 17.026028038446412,
      "p50": 51.33750124124243,
      "p75": 115.59931084144723,
      "p90": 270.47412166772335,
      "p95": 439.93104821774,
      "p99": 812.9344348945673
    },
    "upload_throughput_mbps": {
      "p1": 0.0562963958483078,
      "p5": 0.08396168974920507,
      "p10": 0.3917487299761625,
      "p25": 4.941544717959271,
      "p50": 19.410703964397186,
      "p75": 39.485490851121405,
      "p90": 74.02939997680065,
      "p95": 136.53546111808498,
      "p99": 373.85207930203586
    },
    "latency_ms": {
      "p1": 174.228,
      "p5": 47.291,
      "p10": 36.0,
      "p25": 25.769,
      "p50": 17.351,
      "p75": 11.491,
      "p90": 6.583,
      "p95": 3.531,
      "p99": 0.553
    },
    "packet_loss": {
      "p1": 0.24962604470801192,
      "p5": 0.11686383486671657,
      "p10": 0.07218505183057562,
      "p25": 0.01668859403856256,
      "p50": 0.00028109591072781313,
      "p75": 0.0,
      "p90": 0.0,
      "p95": 0.0,
      "p99": 0.0
    }
  }
}