{
  "sample_counts": {
    "downloads": 7419055,
    "uploads": 4377008
  },
  "metrics": {
    "download_throughput_mbps": {
      "p1": 0.22315847851122045,
      "p5": 1.2548405002122311,
      "p10": 3.4186935274660337,
      "p25": 13.809583917378207,
      "p50": 45.25353917606175,
      "p75": 100.63224528032443,
      "p90": 248.61688952565743,
      "p95": 376.66450931806366,
      "p99": 741.7070825744328
    },
    "upload_throughput_mbps": {
      "p1": 0.04849216414910735,
      "p5": 0.07565476663067544,
      "p10": 0.20073346195683586,
      "p25": 3.5644028028104904,
      "p50": 17.17309050945914,
      "p75": 36.61120984448394,
      "p90": 53.15743867424022,
      "p95": 101.82536115473518,
      "p99": 287.3749924250924
    },
    "latency_ms": {
      "p1": 309.583,
      "p5": 57.18,
      "p10": 38.457,
      "p25": 26.376,
      "p50": 17.715,
      "p75": 11.595,
      "p90": 6.776,
      "p95": 3.464,
      "p99": 0.448
    },
    "packet_loss": {
      "p1": 0.2515032920204374,
      "p5": 0.11498827744250953,
      "p10": 0.07068856838345958,
      "p25": 0.016580048642924117,
      "p50": 0.00034558396730103143,
      "p75": 0.0,
      "p90": 0.0,
      "p95": 0.0,
      "p99": 0.0
    }
  }
}