{
  "sample_counts": {
    "downloads": 6583818,
    "uploads": 3844223
  },
  "metrics": {
    "download_throughput_mbps": {
      "p1": 0.2693844483613203,
      "p5": 1.6044675264882329,
      "p10": 4.27797930788249,
      "p25": 17.00990929354903,
      "p50": 51.36992168496084,
      "p75": 115.76039170083222,
      "p90": 270.2836824231811,
      "p95": 439.38866107275885,
      "p99": 816.4706406423022
    },
    "upload_throughput_mbps": {
      "p1": 0.0562963958483078,
      "p5": 0.08396168974920507,
      "p10": 0.3917487299761625,
      "p25": 4.941544717959271,
      "p50": 19.410703964397186,
      "p75": 39.485490851121405,
      "p90": 74.02939997680065,
      "p95": 136.53546111808498,
      "p99": 373.85207930203586
    },
    "latency_ms": {
      "p1": 171.609,
      "p5": 47.29,
      "p10": 36.004,
      "p25": 25.768,
      "p50": 17.353,
      "p75": 11.487,
      "p90": 6.586,
      "p95": 3.546,
      "p99": 0.544
    },
    "packet_loss": {
      "p1": 0.24782162720454876,
      "p5": 0.11677195979095695,
      "p10": 0.07216646314359233,
      "p25": 0.01664238292157867,
      "p50": 0.0002801379110949933,
      "p75": 0.0,
      "p90": 0.0,
      "p95": 0.0,
      "p99": 0.0
    }
  }
}