{
  "metrics": {
    "download_throughput_mbps": {
      "p1": 0.0581002994325078,
      "p5": 0.17950684127537453,
      "p10": 0.3348548806458133,
      "p25": 1.6942412490647647,
      "p50": 4.351780053590752,
      "p75": 13.483111810836593,
      "p90": 57.545505439772725,
      "p95": 61.0973146913005,
      "p99": 61.525467131300715
    },
    "upload_throughput_mbps": {
      "p1": 0.09595561704744857,
      "p5": 0.26870013579591795,
      "p10": 0.40035774368688787,
      "p25": 1.0706758821398326,
      "p50": 4.97676282596097,
      "p75": 13.85288542497895,
      "p90": 55.927062117858966,
      "p95": 66.13667806887118,
      "p99": 71.62980186613397
    },
    "latency_ms": {
      "p1": 766.995,
      "p5": 269.844,
      "p10": 252.517,
      "p25": 241.792,
      "p50": 235.029,
      "p75": 223.0,
      "p90": 218.324,
      "p95": 217.895,
      "p99": 69.505
    },
    "packet_loss": {
      "p1": 0.3661973271686707,
      "p5": 0.2419191828181755,
      "p10": 0.2111083951220837,
      "p25": 0.15658096895370097,
      "p50": 0.07866825063646808,
      "p75": 0.0009879365885843926,
      "p90": 0.0,
      "p95": 0.0,
      "p99": 0.0
    }
  }
}