{
  "metrics": {
    "download_throughput_mbps": {
      "p1": 0.11628183133349566,
      "p5": 0.25494844227762065,
      "p10": 0.505065887233285,
      "p25": 2.0094383571945498,
      "p50": 4.626411280300896,
      "p75": 15.199435484401905,
      "p90": 32.92952890801707,
      "p95": 44.11101817346042,
      "p99": 61.15296442368958
    },
    "upload_throughput_mbps": {
      "p1": 0.016763475685420852,
      "p5": 0.07280172294397662,
      "p10": 0.11720016278355887,
      "p25": 0.3785283702995101,
      "p50": 1.1075370482498486,
      "p75": 7.508905033408436,
      "p90": 15.35646855769173,
      "p95": 20.900974277272024,
      "p99": 30.467538316501763
    },
    "latency_ms": {
      "p1": 386.686,
      "p5": 269.228,
      "p10": 260.108,
      "p25": 251.003,
      "p50": 246.087,
      "p75": 243.873,
      "p90": 233.374,
      "p95": 93.94,
      "p99": 62.437
    },
    "packet_loss": {
      "p1": 0.3924562881358569,
      "p5": 0.3546926032165355,
      "p10": 0.3170113020204049,
      "p25": 0.16974710976705093,
      "p50": 0.04103338972194393,
      "p75": 0.0001946925020402319,
      "p90": 0.0,
      "p95": 0.0,
      "p99": 0.0
    }
  }
}