{
  "sample_counts": {
    "downloads": 91114,
    "uploads": 79927
  },
  "metrics": {
    "download_throughput_mbps": {
      "p1": 0.4916402142628953,
      "p5": 3.1793821592305793,
      "p10": 8.673743404288773,
      "p25": 33.215254226271455,
      "p50": 94.62582247170697,
      "p75": 289.434483371026,
      "p90": 550.1199712555515,
      "p95": 735.051454343309,
      "p99": 846.6052561763207
    },
    "upload_throughput_mbps": {
      "p1": 0.07269432003624796,
      "p5": 0.4442155566084396,
      "p10": 2.5720790544758767,
      "p25": 16.89629719623645,
      "p50": 57.62018421520246,
      "p75": 139.12016129048388,
      "p90": 285.7311498990103,
      "p95": 416.9053056462053,
      "p99": 834.508237396705
    },
    "latency_ms": {
      "p1": 185.452,
      "p5": 46.855,
      "p10": 34.103,
      "p25": 24.942,
      "p50": 17.317,
      "p75": 11.305,
      "p90": 7.442,
      "p95": 6.0,
      "p99": 5.0
    },
    "packet_loss": {
      "p1": 0.21341929441074703,
      "p5": 0.10127111854910982,
      "p10": 0.0634483235498154,
      "p25": 0.01910654701182797,
      "p50": 0.0013535104274836093,
      "p75": 0.0,
      "p90": 0.0,
      "p95": 0.0,
      "p99": 0.0
    }
  }
}