{
  "sample_counts": {
    "downloads": 259481,
    "uploads": 207390
  },
  "metrics": {
    "download_throughput_mbps": {
      "p1": 0.5807180124018826,
      "p5": 4.726093919378665,
      "p10": 12.767819065263746,
      "p25": 49.18033034446973,
      "p50": 145.99270477135326,
      "p75": 328.16733218391414,
      "p90": 542.8764808368636,
      "p95": 664.4564921619994,
      "p99": 829.5053884786907
    },
    "upload_throughput_mbps": {
      "p1": 0.07655595402754924,
      "p5": 0.824236819611399,
      "p10": 3.7060437016550165,
      "p25": 18.94512603047067,
      "p50": 64.77264420924043,
      "p75": 144.91801259030936,
      "p90": 301.87034045024234,
      "p95": 425.6156571993894,
      "p99": 724.2292127186533
    },
    "latency_ms": {
      "p1": 130.3,
      "p5": 40.499,
      "p10": 33.844,
      "p25": 26.005,
      "p50": 17.946,
      "p75": 12.835,
      "p90": 9.262,
      "p95": 7.82,
      "p99": 5.367
    },
    "packet_loss": {
      "p1": 0.20596754730723524,
      "p5": 0.09383512138138135,
      "p10": 0.0601073057321437,
      "p25": 0.016456319255615786,
      "p50": 0.0009968506002387093,
      "p75": 0.0,
      "p90": 0.0,
      "p95": 0.0,
      "p99": 0.0
    }
  }
}