{
  "metrics": {
    "download_throughput_mbps": {
      "p1": 0.5114621921079076,
      "p5": 3.0257516519381955,
      "p10": 8.8656423101276,
      "p25": 37.089405746965156,
      "p50": 45.54009477509415,
      "p75": 64.17972869615834,
      "p90": 98.8307764889968,
      "p95": 108.9209398803518,
      "p99": 159.98781511890797
    },
    "upload_throughput_mbps": {
      "p1": 0.23066417862243116,
      "p5": 2.1798240614691706,
      "p10": 7.131825387984369,
      "p25": 12.925881093798576,
      "p50": 20.235307293831724,
      "p75": 59.125412214619146,
      "p90": 89.44621333363695,
      "p95": 104.79270000739709,
      "p99": 120.82632881751105
    },
    "latency_ms": {
      "p1": 161.752,
      "p5": 144.582,
      "p10": 136.917,
      "p25": 110.468,
      "p50": 105.316,
      "p75": 100.76,
      "p90": 96.492,
      "p95": 95.0,
      "p99": 88.453
    },
    "packet_loss": {
      "p1": 0.15247701818375484,
      "p5": 0.07268978420939536,
      "p10": 0.04342386411983359,
      "p25": 0.023201526080709814,
      "p50": 0.002904610870420753,
      "p75": 0.0009079396730293061,
      "p90": 0.0,
      "p95": 0.0,
      "p99": 0.0
    }
  }
}