{
  "metrics": {
    "download_throughput_mbps": {
      "p1": 0.8513703474639078,
      "p5": 2.2201800554814395,
      "p10": 4.747289028022224,
      "p25": 35.68987917592978,
      "p50": 60.999822440919125,
      "p75": 86.36138775431843,
      "p90": 123.087712350889,
      "p95": 203.26905310046195,
      "p99": 245.59330220685044
    },
    "upload_throughput_mbps": {
      "p1": 0.5077118646694716,
      "p5": 5.756453927716009,
      "p10": 13.69810870598404,
      "p25": 39.80319308870392,
      "p50": 63.52306551088747,
      "p75": 93.9994168032659,
      "p90": 125.79242372701371,
      "p95": 212.44410954373043,
      "p99": 283.0901619500121
    },
    "latency_ms": {
      "p1": 150.586,
      "p5": 132.989,
      "p10": 120.562,
      "p25": 109.29,
      "p50": 104.858,
      "p75": 101.715,
      "p90": 98.863,
      "p95": 70.246,
      "p99": 32.593
    },
    "packet_loss": {
      "p1": 0.23074715250992062,
      "p5": 0.1733645486747616,
      "p10": 0.1466807449352098,
      "p25": 0.08829120610821868,
      "p50": 0.023920938873253954,
      "p75": 7.347039235026275e-05,
      "p90": 0.0,
      "p95": 0.0,
      "p99": 0.0
    }
  }
}