{
  "metrics": {
    "download_throughput_mbps": {
      "p1": 0.15039782222398165,
      "p5": 0.6043197395628764,
      "p10": 1.6056343239366269,
      "p25": 6.7829481370214415,
      "p50": 24.296826948940193,
      "p75": 69.84679198672667,
      "p90": 136.1915464508223,
      "p95": 203.02708147000894,
      "p99": 345.961811047179
    },
    "upload_throughput_mbps": {
      "p1": 0.060088550667530764,
      "p5": 0.17530533503108897,
      "p10": 0.6869213643501642,
      "p25": 4.041877507869483,
      "p50": 13.955124544024525,
      "p75": 37.56382505227587,
      "p90": 67.4785192959748,
      "p95": 90.5644810759011,
      "p99": 149.01690795990697
    },
    "latency_ms": {
      "p1": 168.0,
      "p5": 85.0,
      "p10": 72.685,
      "p25": 52.213,
      "p50": 40.406,
      "p75": 30.463,
      "p90": 24.0,
      "p95": 20.544,
      "p99": 2.445
    },
    "packet_loss": {
      "p1": 0.3766549992390808,
      "p5": 0.2306930086217464,
      "p10": 0.17128720403620956,
      "p25": 0.10604657851923094,
      "p50": 0.03531463542919931,
      "p75": 0.00026473000947574367,
      "p90": 0.0,
      "p95": 0.0,
      "p99": 0.0
    }
  }
}