{
  "metrics": {
    "download_throughput_mbps": {
      "p1": 0.16342339300956862,
      "p5": 0.7456417935038648,
      "p10": 1.65011362752292,
      "p25": 5.940249315448489,
      "p50": 13.590304387627206,
      "p75": 64.42008460835014,
      "p90": 295.09610239397705,
      "p95": 296.9764970618515,
      "p99": 298.80055735246316
    },
    "upload_throughput_mbps": {
      "p1": 0.08777048905903863,
      "p5": 0.3911123767839646,
      "p10": 0.6782237429544757,
      "p25": 1.03952888714056,
      "p50": 7.410697384370799,
      "p75": 30.80467459165022,
      "p90": 73.48019756634264,
      "p95": 73.73201828459774,
      "p99": 74.02096689186352
    },
    "latency_ms": {
      "p1": 182.254,
      "p5": 90.885,
      "p10": 70.598,
      "p25": 52.096,
      "p50": 45.0,
      "p75": 37.994,
      "p90": 27.729,
      "p95": 24.291,
      "p99": 19.0
    },
    "packet_loss": {
      "p1": 0.3428497402442103,
      "p5": 0.2194503340876369,
      "p10": 0.16926208152616418,
      "p25": 0.10652277638430303,
      "p50": 0.05930859718930423,
      "p75": 0.0019384838617259189,
      "p90": 0.0,
      "p95": 0.0,
      "p99": 0.0
    }
  }
}