{
  "sample_counts": {
    "downloads": 40016,
    "uploads": 35455
  },
  "metrics": {
    "download_throughput_mbps": {
      "p1": 0.16158127038956055,
      "p5": 0.7456417935038648,
      "p10": 1.6499499076898645,
      "p25": 5.937591954904525,
      "p50": 13.565053163236035,
      "p75": 64.38193244323739,
      "p90": 295.09610239397705,
      "p95": 296.9766461325513,
      "p99": 298.7929438913578
    },
    "upload_throughput_mbps": {
      "p1": 0.0877095736871279,
      "p5": 0.39109275168914004,
      "p10": 0.6782237429544757,
      "p25": 1.0397017308143999,
      "p50": 7.4119433765145,
      "p75": 30.77984190873498,
      "p90": 73.4823894830949,
      "p95": 73.73089621582311,
      "p99": 74.02200657213801
    },
    "latency_ms": {
      "p1": 182.898,
      "p5": 91.058,
      "p10": 70.583,
      "p25": 52.115,
      "p50": 45.0,
      "p75": 38.0,
      "p90": 27.748,
      "p95": 24.326,
      "p99": 19.0
    },
    "packet_loss": {
      "p1": 0.3440887785522617,
      "p5": 0.21979099930028018,
      "p10": 0.1694508954010035,
      "p25": 0.106483184073238,
      "p50": 0.0592960635606846,
      "p75": 0.0019586881924621162,
      "p90": 0.0,
      "p95": 0.0,
      "p99": 0.0
    }
  }
}