{
  "sample_counts": {
    "downloads": 40016,
    "uploads": 35455
  },
  "metrics": {
    "download_throughput_mbps": {
      "p1": 0.1591413605474984,
      "p5": 0.7403864401917494,
      "p10": 1.6445761300775616,
      "p25": 5.9382766440299,
      "p50": 13.543979504696841,
      "p75": 64.38193244323739,
      "p90": 295.09204046514964,
      "p95": 296.9777800965266,
      "p99": 298.8213393119514
    },
    "upload_throughput_mbps": {
      "p1": 0.08911795986396,
      "p5": 0.39017672554518334,
      "p10": 0.6780014625220476,
      "p25": 1.0416862729648662,
      "p50": 7.409920787012266,
      "p75": 30.818151171974492,
      "p90": 73.4793023564628,
      "p95": 73.73128136895748,
      "p99": 74.02244286361557
    },
    "latency_ms": {
      "p1": 183.0,
      "p5": 90.898,
      "p10": 70.593,
      "p25": 52.122,
      "p50": 45.0,
      "p75": 37.996,
      "p90": 27.73,
      "p95": 24.293,
      "p99": 19.0
    },
    "packet_loss": {
      "p1": 0.34415902504429335,
      "p5": 0.21915705074306518,
      "p10": 0.1694429543987609,
      "p25": 0.10659370905175566,
      "p50": 0.05931661169501221,
      "p75": 0.0019552981332302635,
      "p90": 0.0,
      "p95": 0.0,
      "p99": 0.0
    }
  }
}