{
  "sample_counts": {
    "downloads": 40865,
    "uploads": 32960
  },
  "metrics": {
    "download_throughput_mbps": {
      "p1": 0.15008898728133002,
      "p5": 0.6043197395628764,
      "p10": 1.6044903879449162,
      "p25": 6.777376537185243,
      "p50": 24.295420206846142,
      "p75": 69.74964906747263,
      "p90": 136.26791022568372,
      "p95": 203.2715371949516,
      "p99": 346.08237348516894
    },
    "upload_throughput_mbps": {
      "p1": 0.060088550667530764,
      "p5": 0.17530533503108897,
      "p10": 0.6869213643501642,
      "p25": 4.041877507869483,
      "p50": 13.955124544024525,
      "p75": 37.56382505227587,
      "p90": 67.4785192959748,
      "p95": 90.5644810759011,
      "p99": 149.01690795990697
    },
    "latency_ms": {
      "p1": 173.264,
      "p5": 85.0,
      "p10": 72.72,
      "p25": 52.228,
      "p50": 40.414,
      "p75": 30.459,
      "p90": 24.0,
      "p95": 20.567,
      "p99": 8.0
    },
    "packet_loss": {
      "p1": 0.3751079375139919,
      "p5": 0.23147341441701172,
      "p10": 0.17128720403620956,
      "p25": 0.10605674495688433,
      "p50": 0.03533447548576303,
      "p75": 0.00026517190545691813,
      "p90": 0.0,
      "p95": 0.0,
      "p99": 0.0
    }
  }
}