{
  "sample_counts": {
    "downloads": 72211,
    "uploads": 58486
  },
  "metrics": {
    "download_throughput_mbps": {
      "p1": 0.03774749596255415,
      "p5": 0.20113931414301883,
      "p10": 0.4952006108333266,
      "p25": 2.55997528301038,
      "p50": 9.247556515143007,
      "p75": 16.428246278850512,
      "p90": 42.96269953469481,
      "p95": 87.52050917326841,
      "p99": 240.1371490227872
    },
    "upload_throughput_mbps": {
      "p1": 0.015054948582358675,
      "p5": 0.07521304686896124,
      "p10": 0.15202600816434933,
      "p25": 0.5178243617042765,
      "p50": 0.8974505042444932,
      "p75": 6.098083657036987,
      "p90": 24.1008918634336,
      "p95": 40.813071915554566,
      "p99": 79.90482654221724
    },
    "latency_ms": {
      "p1": 1415.241,
      "p5": 236.484,
      "p10": 107.314,
      "p25": 81.326,
      "p50": 65.041,
      "p75": 51.853,
      "p90": 36.194,
      "p95": 27.632,
      "p99": 16.693
    },
    "packet_loss": {
      "p1": 0.2806093273271279,
      "p5": 0.177855834983745,
      "p10": 0.1347016005310909,
      "p25": 0.06041158933395785,
      "p50": 0.0036635766465350577,
      "p75": 0.0,
      "p90": 0.0,
      "p95": 0.0,
      "p99": 0.0
    }
  }
}