{
  "sample_counts": {
    "downloads": 143135,
    "uploads": 111184
  },
  "metrics": {
    "download_throughput_mbps": {
      "p1": 0.12576364800617099,
      "p5": 0.47367082611708894,
      "p10": 1.0978619914479657,
      "p25": 5.194668000898332,
      "p50": 14.472707506529124,
      "p75": 46.09615620956646,
      "p90": 105.36128086020534,
      "p95": 173.70883563781965,
      "p99": 369.73719375412054
    },
    "upload_throughput_mbps": {
      "p1": 0.04181201393413804,
      "p5": 0.08980007261941178,
      "p10": 0.250492747240111,
      "p25": 0.759205791587136,
      "p50": 5.456200204324818,
      "p75": 19.252616774878963,
      "p90": 43.39769011828382,
      "p95": 78.2767920783525,
      "p99": 207.36819570629976
    },
    "latency_ms": {
      "p1": 453.974,
      "p5": 183.144,
      "p10": 105.757,
      "p25": 66.967,
      "p50": 49.659,
      "p75": 39.688,
      "p90": 26.784,
      "p95": 20.333,
      "p99": 11.13
    },
    "packet_loss": {
      "p1": 0.29881433393710677,
      "p5": 0.1955974400450102,
      "p10": 0.14992813409543224,
      "p25": 0.08047676458529542,
      "p50": 0.009552255728341784,
      "p75": 0.0002494285127938737,
      "p90": 0.0,
      "p95": 0.0,
      "p99": 0.0
    }
  }
}