{
  "metrics": {
    "download_throughput_mbps": {
      "p1": 0.03646715314232035,
      "p5": 0.19941335011095335,
      "p10": 0.4972113402263071,
      "p25": 2.5685544,
      "p50": 9.252470135483616,
      "p75": 16.41367299351182,
      "p90": 43.057257292153245,
      "p95": 87.09911117570014,
      "p99": 237.60878055623232
    },
    "upload_throughput_mbps": {
      "p1": 0.015507178289950393,
      "p5": 0.07520005951688132,
      "p10": 0.15228703445653852,
      "p25": 0.5176222190514406,
      "p50": 0.8970491110876242,
      "p75": 6.101452138931131,
      "p90": 24.12002357944588,
      "p95": 40.74529633040926,
      "p99": 79.93530807763031
    },
    "latency_ms": {
      "p1": 1391.985,
      "p5": 237.616,
      "p10": 107.394,
      "p25": 81.298,
      "p50": 65.046,
      "p75": 51.845,
      "p90": 36.209,
      "p95": 27.62,
      "p99": 16.623
    },
    "packet_loss": {
      "p1": 0.2818507608550709,
      "p5": 0.177855834983745,
      "p10": 0.13485605867114242,
      "p25": 0.06038543193620866,
      "p50": 0.00364353976736565,
      "p75": 0.0,
      "p90": 0.0,
      "p95": 0.0,
      "p99": 0.0
    }
  }
}