{
  "sample_counts": {
    "downloads": 72211,
    "uploads": 58486
  },
  "metrics": {
    "download_throughput_mbps": {
      "p1": 0.03728669764785729,
      "p5": 0.20127642794251746,
      "p10": 0.4975084745724955,
      "p25": 2.5660764069907485,
      "p50": 9.247550612694486,
      "p75": 16.424147425087916,
      "p90": 43.05922787810728,
      "p95": 87.52050917326841,
      "p99": 237.78804103061296
    },
    "upload_throughput_mbps": {
      "p1": 0.015043786378233429,
      "p5": 0.07520166336214693,
      "p10": 0.15223512388243807,
      "p25": 0.5176222190514406,
      "p50": 0.8962001635776936,
      "p75": 6.093306693706288,
      "p90": 24.1393922563702,
      "p95": 40.77434043348057,
      "p99": 79.88581073581628
    },
    "latency_ms": {
      "p1": 1365.0,
      "p5": 237.965,
      "p10": 107.139,
      "p25": 81.356,
      "p50": 65.04,
      "p75": 51.85,
      "p90": 36.204,
      "p95": 27.626,
      "p99": 16.665
    },
    "packet_loss": {
      "p1": 0.2798540382479462,
      "p5": 0.17801250055356002,
      "p10": 0.1349084462639468,
      "p25": 0.06030317691062947,
      "p50": 0.003659138989468196,
      "p75": 0.0,
      "p90": 0.0,
      "p95": 0.0,
      "p99": 0.0
    }
  }
}