{
  "sample_counts": {
    "downloads": 143135,
    "uploads": 111184
  },
  "metrics": {
    "download_throughput_mbps": {
      "p1": 0.12633110628769556,
      "p5": 0.47498132731259957,
      "p10": 1.1042244304882596,
      "p25": 5.193062805019861,
      "p50": 14.471121204114448,
      "p75": 46.081962816821644,
      "p90": 105.47806771119696,
      "p95": 175.09970528246654,
      "p99": 364.22310054990083
    },
    "upload_throughput_mbps": {
      "p1": 0.04289922130865584,
      "p5": 0.08979815754497462,
      "p10": 0.25052142635092145,
      "p25": 0.7593957693777197,
      "p50": 5.456000767056549,
      "p75": 19.24997982552252,
      "p90": 43.3897931281637,
      "p95": 78.23818124092207,
      "p99": 203.0512572668593
    },
    "latency_ms": {
      "p1": 448.857,
      "p5": 182.699,
      "p10": 105.803,
      "p25": 66.939,
      "p50": 49.679,
      "p75": 39.684,
      "p90": 26.762,
      "p95": 20.4,
      "p99": 11.0
    },
    "packet_loss": {
      "p1": 0.2998586835254742,
      "p5": 0.19567585410133687,
      "p10": 0.1502257511568129,
      "p25": 0.08042931920814413,
      "p50": 0.009583074525427417,
      "p75": 0.00024856055638318225,
      "p90": 0.0,
      "p95": 0.0,
      "p99": 0.0
    }
  }
}