{
  "sample_counts": {
    "downloads": 46870,
    "uploads": 41305
  },
  "metrics": {
    "download_throughput_mbps": {
      "p1": 0.18884639331139375,
      "p5": 1.0996814525950853,
      "p10": 3.1602451145682813,
      "p25": 13.205994622408062,
      "p50": 42.08595585262581,
      "p75": 92.94839338466332,
      "p90": 157.9091307264286,
      "p95": 188.47509642601054,
      "p99": 276.67253920153513
    },
    "upload_throughput_mbps": {
      "p1": 0.06323147566608327,
      "p5": 0.31026945331453504,
      "p10": 1.311474780373379,
      "p25": 9.501228211556977,
      "p50": 26.542357135635733,
      "p75": 79.11152230930183,
      "p90": 156.0890152333319,
      "p95": 183.85314096154494,
      "p99": 262.4650318871894
    },
    "latency_ms": {
      "p1": 266.169,
      "p5": 157.518,
      "p10": 144.977,
      "p25": 131.502,
      "p50": 116.381,
      "p75": 82.813,
      "p90": 62.603,
      "p95": 37.407,
      "p99": 16.682
    },
    "packet_loss": {
      "p1": 0.29392496882312297,
      "p5": 0.18857110036965313,
      "p10": 0.13535191104661423,
      "p25": 0.04850992856468515,
      "p50": 0.0008497539434954383,
      "p75": 0.0,
      "p90": 0.0,
      "p95": 0.0,
      "p99": 0.0
    }
  }
}