{
  "metrics": {
    "download_throughput_mbps": {
      "p1": 0.18731833729659536,
      "p5": 1.0992725957700835,
      "p10": 3.162132392829626,
      "p25": 13.191983380072921,
      "p50": 42.059091580124715,
      "p75": 92.87698142201718,
      "p90": 157.90815764625157,
      "p95": 188.49737082462292,
      "p99": 277.36002346329377
    },
    "upload_throughput_mbps": {
      "p1": 0.0659536256694759,
      "p5": 0.30532549052660035,
      "p10": 1.3095363309851453,
      "p25": 9.505936432784345,
      "p50": 26.52276454372517,
      "p75": 79.18518744434617,
      "p90": 156.12612933682843,
      "p95": 183.60401466422744,
      "p99": 262.9013902969891
    },
    "latency_ms": {
      "p1": 268.207,
      "p5": 157.359,
      "p10": 144.99,
      "p25": 131.515,
      "p50": 116.389,
      "p75": 82.833,
      "p90": 62.668,
      "p95": 37.628,
      "p99": 16.662
    },
    "packet_loss": {
      "p1": 0.2933266612187933,
      "p5": 0.18880506426658286,
      "p10": 0.13533889561941806,
      "p25": 0.048658099208775764,
      "p50": 0.0008556517086170328,
      "p75": 0.0,
      "p90": 0.0,
      "p95": 0.0,
      "p99": 0.0
    }
  }
}