{
  "sample_counts": {
    "downloads": 82199,
    "uploads": 80084
  },
  "metrics": {
    "download_throughput_mbps": {
      "p1": 0.5059565324767575,
      "p5": 5.256471974105161,
      "p10": 13.470898372529845,
      "p25": 32.637924836315364,
      "p50": 43.291454891645515,
      "p75": 53.26103890494063,
      "p90": 70.1401280254651,
      "p95": 111.21512891919863,
      "p99": 172.03936460193628
    },
    "upload_throughput_mbps": {
      "p1": 0.3509464606434786,
      "p5": 4.157314395393167,
      "p10": 11.978346101773322,
      "p25": 16.179763047473603,
      "p50": 18.070667423443357,
      "p75": 19.330933925968885,
      "p90": 53.90946223213055,
      "p95": 106.20094104024395,
      "p99": 173.99736972414902
    },
    "latency_ms": {
      "p1": 201.253,
      "p5": 147.412,
      "p10": 132.165,
      "p25": 116.547,
      "p50": 106.896,
      "p75": 78.486,
      "p90": 75.883,
      "p95": 63.384,
      "p99": 38.899
    },
    "packet_loss": {
      "p1": 0.21470835434292607,
      "p5": 0.1274505957497594,
      "p10": 0.08660703698574314,
      "p25": 0.02206057082180425,
      "p50": 0.0,
      "p75": 0.0,
      "p90": 0.0,
      "p95": 0.0,
      "p99": 0.0
    }
  }
}