{
  "metrics": {
    "download_throughput_mbps": {
      "p1": 0.5174417703134127,
      "p5": 5.252245810795394,
      "p10": 13.481219363536642,
      "p25": 32.63572295633755,
      "p50": 43.298365435267016,
      "p75": 53.28742188234224,
      "p90": 69.98549083527494,
      "p95": 111.4857044119894,
      "p99": 172.52446774495726
    },
    "upload_throughput_mbps": {
      "p1": 0.3492281154730573,
      "p5": 4.156861019640627,
      "p10": 12.042156146444825,
      "p25": 16.179806767903287,
      "p50": 18.070667423443357,
      "p75": 19.330957454978304,
      "p90": 53.94030438173709,
      "p95": 106.12701682760022,
      "p99": 173.99736972414902
    },
    "latency_ms": {
      "p1": 198.777,
      "p5": 147.233,
      "p10": 132.145,
      "p25": 116.547,
      "p50": 106.875,
      "p75": 78.483,
      "p90": 75.877,
      "p95": 63.391,
      "p99": 38.947
    },
    "packet_loss": {
      "p1": 0.21472943897263266,
      "p5": 0.12734676715215024,
      "p10": 0.08657415983331607,
      "p25": 0.022122222862361634,
      "p50": 0.0,
      "p75": 0.0,
      "p90": 0.0,
      "p95": 0.0,
      "p99": 0.0
    }
  }
}