{
  "sample_counts": {
    "downloads": 46870,
    "uploads": 41305
  },
  "metrics": {
    "download_throughput_mbps": {
      "p1": 0.18982229164644246,
      "p5": 1.099754247052992,
      "p10": 3.151683401871134,
      "p25": 13.188399611613193,
      "p50": 42.07832343518274,
      "p75": 92.76628213803214,
      "p90": 157.86620487430633,
      "p95": 188.64759145150308,
      "p99": 277.2401178579421
    },
    "upload_throughput_mbps": {
      "p1": 0.0659536256694759,
      "p5": 0.30532549052660035,
      "p10": 1.3095363309851453,
      "p25": 9.505936432784345,
      "p50": 26.52276454372517,
      "p75": 79.18518744434617,
      "p90": 156.12612933682843,
      "p95": 183.60401466422744,
      "p99": 262.9013902969891
    },
    "latency_ms": {
      "p1": 267.752,
      "p5": 157.569,
      "p10": 144.959,
      "p25": 131.496,
      "p50": 116.39,
      "p75": 82.819,
      "p90": 62.63,
      "p95": 37.633,
      "p99": 16.674
    },
    "packet_loss": {
      "p1": 0.2918615143395307,
      "p5": 0.1893792947844068,
      "p10": 0.13537864393732965,
      "p25": 0.048516786836885935,
      "p50": 0.0008566983863491301,
      "p75": 0.0,
      "p90": 0.0,
      "p95": 0.0,
      "p99": 0.0
    }
  }
}