{
  "metrics": {
    "download_throughput_mbps": {
      "p1": 0.2942735612850231,
      "p5": 1.2729397656480248,
      "p10": 3.4486967747767046,
      "p25": 14.489455033715807,
      "p50": 45.86400917678807,
      "p75": 115.59944282765171,
      "p90": 237.1547442123474,
      "p95": 356.22216283012335,
      "p99": 656.7567238501612
    },
    "upload_throughput_mbps": {
      "p1": 0.06997253404645283,
      "p5": 0.28972093364185264,
      "p10": 1.1918617842919041,
      "p25": 5.432529181758841,
      "p50": 18.19357617900544,
      "p75": 51.53176974183351,
      "p90": 157.94832960605814,
      "p95": 267.1742320737716,
      "p99": 543.1361883893311
    },
    "latency_ms": {
      "p1": 357.494,
      "p5": 162.245,
      "p10": 84.157,
      "p25": 32.247,
      "p50": 18.472,
      "p75": 8.663,
      "p90": 5.964,
      "p95": 4.63,
      "p99": 3.697
    },
    "packet_loss": {
      "p1": 0.2659081595483107,
      "p5": 0.1509729552044274,
      "p10": 0.10873273218529082,
      "p25": 0.05678486616505672,
      "p50": 0.0027372771264120026,
      "p75": 0.0,
      "p90": 0.0,
      "p95": 0.0,
      "p99": 0.0
    }
  }
}