{
  "sample_counts": {
    "downloads": 11700,
    "uploads": 8916
  },
  "metrics": {
    "download_throughput_mbps": {
      "p1": 0.2942735612850231,
      "p5": 1.2806077452278044,
      "p10": 3.4720107400363833,
      "p25": 14.498798081127832,
      "p50": 45.87122582743134,
      "p75": 115.65987422178618,
      "p90": 237.11765214853844,
      "p95": 356.94516626473285,
      "p99": 648.5383439409615
    },
    "upload_throughput_mbps": {
      "p1": 0.06997253404645283,
      "p5": 0.28972093364185264,
      "p10": 1.1918617842919041,
      "p25": 5.432529181758841,
      "p50": 18.19357617900544,
      "p75": 51.53176974183351,
      "p90": 157.94832960605814,
      "p95": 267.1742320737716,
      "p99": 543.1361883893311
    },
    "latency_ms": {
      "p1": 357.494,
      "p5": 161.703,
      "p10": 84.026,
      "p25": 32.24,
      "p50": 18.478,
      "p75": 8.663,
      "p90": 5.961,
      "p95": 4.625,
      "p99": 3.7
    },
    "packet_loss": {
      "p1": 0.2659081595483107,
      "p5": 0.150672678560121,
      "p10": 0.10878687105930332,
      "p25": 0.05675583489198184,
      "p50": 0.002724551713937639,
      "p75": 0.0,
      "p90": 0.0,
      "p95": 0.0,
      "p99": 0.0
    }
  }
}