{
  "metrics": {
    "download_throughput_mbps": {
      "p1": 0.06413344665101005,
      "p5": 0.2618382707724361,
      "p10": 0.804555354262425,
      "p25": 3.4558343874134114,
      "p50": 9.779853803508237,
      "p75": 20.127593595667886,
      "p90": 27.217732095688504,
      "p95": 28.711910137747363,
      "p99": 78.73450341920251
    },
    "upload_throughput_mbps": {
      "p1": 0.01749981651031212,
      "p5": 0.08379259405032503,
      "p10": 0.22935875923060092,
      "p25": 0.6272896156362449,
      "p50": 1.5149315565741988,
      "p75": 2.5814544205462666,
      "p90": 5.182652637113714,
      "p95": 14.922769161263213,
      "p99": 45.104693343674256
    },
    "latency_ms": {
      "p1": 422.214,
      "p5": 163.105,
      "p10": 123.81,
      "p25": 105.695,
      "p50": 92.177,
      "p75": 81.181,
      "p90": 78.034,
      "p95": 76.655,
      "p99": 72.379
    },
    "packet_loss": {
      "p1": 0.36786786786786785,
      "p5": 0.20785328368310907,
      "p10": 0.15061923467906393,
      "p25": 0.07613817833003302,
      "p50": 0.023938092615260413,
      "p75": 0.00023718489826233424,
      "p90": 0.0,
      "p95": 0.0,
      "p99": 0.0
    }
  }
}