{
  "sample_counts": {
    "downloads": 101185,
    "uploads": 88293
  },
  "metrics": {
    "download_throughput_mbps": {
      "p1": 0.06379253087626931,
      "p5": 0.2609395143151331,
      "p10": 0.8054072525748365,
      "p25": 3.450843845985216,
      "p50": 9.775385686077321,
      "p75": 20.123978679289547,
      "p90": 27.22187823882398,
      "p95": 28.706955352254703,
      "p99": 79.21281491478281
    },
    "upload_throughput_mbps": {
      "p1": 0.01732556966389463,
      "p5": 0.08346903491699559,
      "p10": 0.2289512889214931,
      "p25": 0.6269697677862712,
      "p50": 1.5152508775354134,
      "p75": 2.5792640289071147,
      "p90": 5.163933531179584,
      "p95": 15.02059373645389,
      "p99": 44.68031935605608
    },
    "latency_ms": {
      "p1": 419.149,
      "p5": 162.728,
      "p10": 123.812,
      "p25": 105.743,
      "p50": 92.187,
      "p75": 81.185,
      "p90": 78.033,
      "p95": 76.652,
      "p99": 72.46
    },
    "packet_loss": {
      "p1": 0.367313369886124,
      "p5": 0.20769945268139314,
      "p10": 0.15062758292206915,
      "p25": 0.0761333442330669,
      "p50": 0.023930437502749362,
      "p75": 0.00023949784293887655,
      "p90": 0.0,
      "p95": 0.0,
      "p99": 0.0
    }
  }
}