{
  "sample_counts": {
    "downloads": 194710,
    "uploads": 146239
  },
  "metrics": {
    "download_throughput_mbps": {
      "p1": 0.08183367182352196,
      "p5": 0.3054189949895327,
      "p10": 0.8094889084964374,
      "p25": 3.5907872482441423,
      "p50": 11.290206203539807,
      "p75": 23.00707897402892,
      "p90": 28.39655050212508,
      "p95": 43.07423563040014,
      "p99": 98.41745600920252
    },
    "upload_throughput_mbps": {
      "p1": 0.018551859005871554,
      "p5": 0.0761742859085691,
      "p10": 0.12498995067933408,
      "p25": 0.6160419508253769,
      "p50": 1.6879397818032302,
      "p75": 3.8270701743930005,
      "p90": 10.652365007492612,
      "p95": 19.095634818658237,
      "p99": 39.707598543892665
    },
    "latency_ms": {
      "p1": 419.532,
      "p5": 190.064,
      "p10": 129.957,
      "p25": 104.361,
      "p50": 89.483,
      "p75": 81.867,
      "p90": 78.485,
      "p95": 76.406,
      "p99": 70.249
    },
    "packet_loss": {
      "p1": 0.3550046914252853,
      "p5": 0.21573048596919497,
      "p10": 0.15449446284706786,
      "p25": 0.07757941494124954,
      "p50": 0.023034600716612084,
      "p75": 0.00012004779702505954,
      "p90": 0.0,
      "p95": 0.0,
      "p99": 0.0
    }
  }
}