{
  "sample_counts": {
    "downloads": 194710,
    "uploads": 146239
  },
  "metrics": {
    "download_throughput_mbps": {
      "p1": 0.0822892351663436,
      "p5": 0.3040147389778332,
      "p10": 0.8094694768968004,
      "p25": 3.590620595425194,
      "p50": 11.289673272523794,
      "p75": 22.989760521536343,
      "p90": 28.394327279141773,
      "p95": 43.235669233592226,
      "p99": 97.10469300289006
    },
    "upload_throughput_mbps": {
      "p1": 0.018561122979139436,
      "p5": 0.07620783905198776,
      "p10": 0.12578811053255845,
      "p25": 0.6155956276251484,
      "p50": 1.6874421145954517,
      "p75": 3.8175997008237843,
      "p90": 10.561211347422415,
      "p95": 19.01247143537705,
      "p99": 39.65337353653992
    },
    "latency_ms": {
      "p1": 429.243,
      "p5": 190.469,
      "p10": 130.0,
      "p25": 104.379,
      "p50": 89.487,
      "p75": 81.869,
      "p90": 78.493,
      "p95": 76.416,
      "p99": 70.229
    },
    "packet_loss": {
      "p1": 0.3541060210213547,
      "p5": 0.21592466435720434,
      "p10": 0.15477040774724468,
      "p25": 0.07760108287280706,
      "p50": 0.023025365285381176,
      "p75": 0.00011816062312004602,
      "p90": 0.0,
      "p95": 0.0,
      "p99": 0.0
    }
  }
}