{
  "metrics": {
    "download_throughput_mbps": {
      "p1": 0.2741736668628632,
      "p5": 1.531112464236054,
      "p10": 3.9616166398254826,
      "p25": 17.458632926547065,
      "p50": 77.54083741729171,
      "p75": 274.75281798737234,
      "p90": 515.3320925861232,
      "p95": 647.6550750959839,
      "p99": 896.7613047965827
    },
    "upload_throughput_mbps": {
      "p1": 0.06325388699683329,
      "p5": 0.08988943818301144,
      "p10": 0.6412421709070992,
      "p25": 8.25423869997501,
      "p50": 47.642031221719,
      "p75": 182.37883368514062,
      "p90": 412.32086921495693,
      "p95": 569.1821356260982,
      "p99": 895.3322605406283
    },
    "latency_ms": {
      "p1": 181.151,
      "p5": 57.123,
      "p10": 44.383,
      "p25": 29.629,
      "p50": 17.245,
      "p75": 9.56,
      "p90": 3.846,
      "p95": 2.198,
      "p99": 0.422
    },
    "packet_loss": {
      "p1": 0.24897863735780018,
      "p5": 0.12331489721583648,
      "p10": 0.08063806457400223,
      "p25": 0.02148465281469656,
      "p50": 0.0007052759310557413,
      "p75": 0.0,
      "p90": 0.0,
      "p95": 0.0,
      "p99": 0.0
    }
  }
}