{
  "sample_counts": {
    "downloads": 2244997,
    "uploads": 1497274
  },
  "metrics": {
    "download_throughput_mbps": {
      "p1": 0.2759284076002129,
      "p5": 1.5272849594886935,
      "p10": 3.9474015536673517,
      "p25": 17.456546253540804,
      "p50": 77.57563825934197,
      "p75": 274.5632705875412,
      "p90": 515.3020042847246,
      "p95": 646.8426699061553,
      "p99": 895.0959627444929
    },
    "upload_throughput_mbps": {
      "p1": 0.06325388699683329,
      "p5": 0.08988943818301144,
      "p10": 0.6412421709070992,
      "p25": 8.25423869997501,
      "p50": 47.642031221719,
      "p75": 182.37883368514062,
      "p90": 412.32086921495693,
      "p95": 569.1821356260982,
      "p99": 895.3322605406283
    },
    "latency_ms": {
      "p1": 179.735,
      "p5": 57.022,
      "p10": 44.397,
      "p25": 29.628,
      "p50": 17.254,
      "p75": 9.56,
      "p90": 3.841,
      "p95": 2.184,
      "p99": 0.42
    },
    "packet_loss": {
      "p1": 0.2449586605857351,
      "p5": 0.12292679677612736,
      "p10": 0.08065607197095259,
      "p25": 0.021536117474131294,
      "p50": 0.0007073916284621969,
      "p75": 0.0,
      "p90": 0.0,
      "p95": 0.0,
      "p99": 0.0
    }
  }
}