{
  "sample_counts": {
    "downloads": 2459084,
    "uploads": 1672260
  },
  "metrics": {
    "download_throughput_mbps": {
      "p1": 0.25686899529130175,
      "p5": 1.416976304737206,
      "p10": 3.612295430261014,
      "p25": 15.252469088189626,
      "p50": 66.3628806488057,
      "p75": 249.3768821858813,
      "p90": 483.283484866746,
      "p95": 611.3757004580945,
      "p99": 877.2694000631022
    },
    "upload_throughput_mbps": {
      "p1": 0.0559280235175279,
      "p5": 0.08186885036399455,
      "p10": 0.48821446767829846,
      "p25": 7.016642075331983,
      "p50": 44.34477519328682,
      "p75": 159.02736829894872,
      "p90": 382.493996696398,
      "p95": 530.0599791660959,
      "p99": 870.4644550483405
    },
    "latency_ms": {
      "p1": 163.74,
      "p5": 59.036,
      "p10": 44.977,
      "p25": 30.0,
      "p50": 17.124,
      "p75": 9.305,
      "p90": 3.918,
      "p95": 2.341,
      "p99": 0.467
    },
    "packet_loss": {
      "p1": 0.26308071210503736,
      "p5": 0.13006070168661868,
      "p10": 0.08451826627202559,
      "p25": 0.024067708637382747,
      "p50": 0.0008752327413416587,
      "p75": 0.0,
      "p90": 0.0,
      "p95": 0.0,
      "p99": 0.0
    }
  }
}