{
  "sample_counts": {
    "downloads": 15292,
    "uploads": 11778
  },
  "metrics": {
    "download_throughput_mbps": {
      "p1": 0.006151379241642705,
      "p5": 0.041721501141841505,
      "p10": 0.08987190572223382,
      "p25": 0.3483052685395731,
      "p50": 1.601366442330007,
      "p75": 4.175433843924899,
      "p90": 11.11049176207187,
      "p95": 20.436162509142036,
      "p99": 44.36746713512469
    },
    "upload_throughput_mbps": {
      "p1": 0.008319241040631408,
      "p5": 0.03706570346538998,
      "p10": 0.07920689386293686,
      "p25": 0.2359750554222332,
      "p50": 0.8027665772905281,
      "p75": 4.372621647247332,
      "p90": 12.443995868829228,
      "p95": 19.378236638348103,
      "p99": 34.98072217089836
    },
    "latency_ms": {
      "p1": 1527.734,
      "p5": 446.06,
      "p10": 314.033,
      "p25": 273.0,
      "p50": 252.866,
      "p75": 181.596,
      "p90": 125.492,
      "p95": 55.677,
      "p99": 36.788
    },
    "packet_loss": {
      "p1": 0.45183561120043925,
      "p5": 0.37910675173792974,
      "p10": 0.3381547198485596,
      "p25": 0.25477661559094533,
      "p50": 0.10915958669523683,
      "p75": 0.003500435366648727,
      "p90": 0.0003731740181830454,
      "p95": 0.0,
      "p99": 0.0
    }
  }
}