{
  "sample_counts": {
    "downloads": 15292,
    "uploads": 11778
  },
  "metrics": {
    "download_throughput_mbps": {
      "p1": 0.006159117951979996,
      "p5": 0.041721501141841505,
      "p10": 0.08942619907991538,
      "p25": 0.3481319322786869,
      "p50": 1.6001048742812105,
      "p75": 4.175433843924899,
      "p90": 11.125688460939884,
      "p95": 20.427127515224285,
      "p99": 43.909168767611966
    },
    "upload_throughput_mbps": {
      "p1": 0.00829138409322377,
      "p5": 0.03679699243094095,
      "p10": 0.07920485383898139,
      "p25": 0.23634709239731336,
      "p50": 0.8027506841063842,
      "p75": 4.372517859119249,
      "p90": 12.443995868829228,
      "p95": 19.318424848128668,
      "p99": 34.114873710757735
    },
    "latency_ms": {
      "p1": 1517.924,
      "p5": 446.06,
      "p10": 314.053,
      "p25": 273.0,
      "p50": 252.872,
      "p75": 181.614,
      "p90": 126.644,
      "p95": 55.553,
      "p99": 36.776
    },
    "packet_loss": {
      "p1": 0.4519307086614173,
      "p5": 0.37910675173792974,
      "p10": 0.3381547198485596,
      "p25": 0.25467446341335975,
      "p50": 0.10915958669523683,
      "p75": 0.003485950233443137,
      "p90": 0.000373787231533463,
      "p95": 0.0,
      "p99": 0.0
    }
  }
}