{
  "metrics": {
    "download_throughput_mbps": {
      "p1": 0.006054070833888187,
      "p5": 0.04195391538476703,
      "p10": 0.08987190572223382,
      "p25": 0.34790524275301504,
      "p50": 1.6001048742812105,
      "p75": 4.172336533275368,
      "p90": 11.104017937633644,
      "p95": 20.436162509142036,
      "p99": 43.909168767611966
    },
    "upload_throughput_mbps": {
      "p1": 0.008319120027608928,
      "p5": 0.03706570346538998,
      "p10": 0.07920485383898139,
      "p25": 0.2359750554222332,
      "p50": 0.8027665772905281,
      "p75": 4.372517859119249,
      "p90": 12.436305627079625,
      "p95": 19.386130731370177,
      "p99": 34.98072217089836
    },
    "latency_ms": {
      "p1": 1517.924,
      "p5": 446.06,
      "p10": 314.053,
      "p25": 273.0,
      "p50": 252.866,
      "p75": 181.586,
      "p90": 125.492,
      "p95": 55.587,
      "p99": 36.752
    },
    "packet_loss": {
      "p1": 0.45141090706090437,
      "p5": 0.37908357800722503,
      "p10": 0.33837895393630296,
      "p25": 0.25477661559094533,
      "p50": 0.10919122624623796,
      "p75": 0.003485950233443137,
      "p90": 0.00037347368194464624,
      "p95": 0.0,
      "p99": 0.0
    }
  }
}