{
  "sample_counts": {
    "downloads": 8128,
    "uploads": 5924
  },
  "metrics": {
    "download_throughput_mbps": {
      "p1": 0.057805917027574545,
      "p5": 0.14711847861455585,
      "p10": 0.29176536530521296,
      "p25": 1.057200391649516,
      "p50": 3.551988150438239,
      "p75": 6.649684245131511,
      "p90": 20.639834090375828,
      "p95": 35.690456180023595,
      "p99": 73.84587685834347
    },
    "upload_throughput_mbps": {
      "p1": 0.016609216327102844,
      "p5": 0.07772709825684228,
      "p10": 0.15611277779745739,
      "p25": 0.531647358678819,
      "p50": 1.9171220237705358,
      "p75": 6.304063498507379,
      "p90": 15.782671501948625,
      "p95": 23.751556600877635,
      "p99": 48.27264032869861
    },
    "latency_ms": {
      "p1": 617.316,
      "p5": 305.781,
      "p10": 283.919,
      "p25": 262.908,
      "p50": 243.997,
      "p75": 188.216,
      "p90": 58.075,
      "p95": 40.031,
      "p99": 32.009
    },
    "packet_loss": {
      "p1": 0.4271477071514631,
      "p5": 0.3617191244607765,
      "p10": 0.322714581607044,
      "p25": 0.24388032864048534,
      "p50": 0.07649609533415828,
      "p75": 0.0005908186861307655,
      "p90": 0.0,
      "p95": 0.0,
      "p99": 0.0
    }
  }
}