{
  "sample_counts": {
    "downloads": 76994,
    "uploads": 68877
  },
  "metrics": {
    "download_throughput_mbps": {
      "p1": 0.6438032178026968,
      "p5": 4.329977875276559,
      "p10": 9.584646422179596,
      "p25": 20.915602843475167,
      "p50": 37.824006397820405,
      "p75": 113.84508491533764,
      "p90": 325.0466488657075,
      "p95": 495.65067394155966,
      "p99": 779.3100199769361
    },
    "upload_throughput_mbps": {
      "p1": 0.0755271302628404,
      "p5": 0.30238212989614316,
      "p10": 0.4210364224531001,
      "p25": 0.42106244186393016,
      "p50": 9.493072620044954,
      "p75": 48.06784295576536,
      "p90": 103.55957630377145,
      "p95": 232.90544646527596,
      "p99": 589.5376183409068
    },
    "latency_ms": {
      "p1": 218.062,
      "p5": 42.704,
      "p10": 30.823,
      "p25": 22.0,
      "p50": 13.684,
      "p75": 7.135,
      "p90": 5.307,
      "p95": 4.55,
      "p99": 2.481
    },
    "packet_loss": {
      "p1": 0.18728108932026763,
      "p5": 0.08497983776247747,
      "p10": 0.05145195175561549,
      "p25": 0.004540839750013904,
      "p50": 0.0,
      "p75": 0.0,
      "p90": 0.0,
      "p95": 0.0,
      "p99": 0.0
    }
  }
}