{
  "sample_counts": {
    "downloads": 76994,
    "uploads": 68877
  },
  "metrics": {
    "download_throughput_mbps": {
      "p1": 0.6443409662167894,
      "p5": 4.297441664206561,
      "p10": 9.57311556334385,
      "p25": 20.916030728548705,
      "p50": 37.841619036514636,
      "p75": 113.8873690386204,
      "p90": 324.83090950921513,
      "p95": 496.49773608062816,
      "p99": 779.31475614579
    },
    "upload_throughput_mbps": {
      "p1": 0.0755491409588951,
      "p5": 0.2941335405248385,
      "p10": 0.4210363803530995,
      "p25": 0.42106248393170476,
      "p50": 9.481831850613961,
      "p75": 48.19723028872007,
      "p90": 103.56399178811321,
      "p95": 232.71913776172448,
      "p99": 588.6276695881127
    },
    "latency_ms": {
      "p1": 217.297,
      "p5": 42.468,
      "p10": 30.79,
      "p25": 22.0,
      "p50": 13.688,
      "p75": 7.133,
      "p90": 5.299,
      "p95": 4.548,
      "p99": 2.478
    },
    "packet_loss": {
      "p1": 0.18802763197779232,
      "p5": 0.08500668135077105,
      "p10": 0.05149885042470686,
      "p25": 0.004546442177594616,
      "p50": 0.0,
      "p75": 0.0,
      "p90": 0.0,
      "p95": 0.0,
      "p99": 0.0
    }
  }
}