{
  "sample_counts": {
    "downloads": 82516,
    "uploads": 66207
  },
  "metrics": {
    "download_throughput_mbps": {
      "p1": 0.38353008086214063,
      "p5": 2.4166588202941566,
      "p10": 6.0481960057475375,
      "p25": 19.750003363545446,
      "p50": 54.30349968250159,
      "p75": 156.25072692833754,
      "p90": 371.72929776412,
      "p95": 550.9722869283639,
      "p99": 843.8673494896914
    },
    "upload_throughput_mbps": {
      "p1": 0.07012292070572508,
      "p5": 0.22283626519296354,
      "p10": 0.42104800027278394,
      "p25": 3.1122768644373116,
      "p50": 15.683177948406978,
      "p75": 57.914544040754414,
      "p90": 157.96472067517874,
      "p95": 356.3817316686974,
      "p99": 797.8231281414975
    },
    "latency_ms": {
      "p1": 234.116,
      "p5": 69.0,
      "p10": 34.415,
      "p25": 25.421,
      "p50": 18.156,
      "p75": 10.443,
      "p90": 5.886,
      "p95": 4.58,
      "p99": 2.482
    },
    "packet_loss": {
      "p1": 0.2159539775017405,
      "p5": 0.10146088159006698,
      "p10": 0.06744258234981772,
      "p25": 0.009993853301717575,
      "p50": 9.969376990001312e-06,
      "p75": 0.0,
      "p90": 0.0,
      "p95": 0.0,
      "p99": 0.0
    }
  }
}