{
  "metrics": {
    "download_throughput_mbps": {
      "p1": 0.05649054315792246,
      "p5": 0.35578329233315575,
      "p10": 1.047863058294499,
      "p25": 4.502919312243842,
      "p50": 13.317218683442935,
      "p75": 29.456360011903126,
      "p90": 58.230562798941754,
      "p95": 90.76327154850271,
      "p99": 183.94533414632048
    },
    "upload_throughput_mbps": {
      "p1": 0.026937659117422696,
      "p5": 0.20678495509435615,
      "p10": 0.424371864673284,
      "p25": 0.926434785460622,
      "p50": 4.369088092146397,
      "p75": 10.740947625596304,
      "p90": 22.897684606727136,
      "p95": 29.62180121389109,
      "p99": 46.6942335372661
    },
    "latency_ms": {
      "p1": 743.703,
      "p5": 171.417,
      "p10": 111.529,
      "p25": 96.154,
      "p50": 89.24,
      "p75": 84.873,
      "p90": 76.819,
      "p95": 72.228,
      "p99": 62.692
    },
    "packet_loss": {
      "p1": 0.2773372443863284,
      "p5": 0.11271832307467511,
      "p10": 0.062440023451562014,
      "p25": 0.01463719189476054,
      "p50": 0.00033666720802121475,
      "p75": 0.0,
      "p90": 0.0,
      "p95": 0.0,
      "p99": 0.0
    }
  }
}