{
  "sample_counts": {
    "downloads": 15902,
    "uploads": 17050
  },
  "metrics": {
    "download_throughput_mbps": {
      "p1": 0.05753925637825443,
      "p5": 0.35352415064426235,
      "p10": 1.047415257801329,
      "p25": 4.504207172387813,
      "p50": 13.314072541936017,
      "p75": 29.480564151403488,
      "p90": 58.326102800081635,
      "p95": 90.901689573282,
      "p99": 183.55042405296837
    },
    "upload_throughput_mbps": {
      "p1": 0.026937659117422696,
      "p5": 0.20678495509435615,
      "p10": 0.424371864673284,
      "p25": 0.926434785460622,
      "p50": 4.369088092146397,
      "p75": 10.740947625596304,
      "p90": 22.897684606727136,
      "p95": 29.62180121389109,
      "p99": 46.6942335372661
    },
    "latency_ms": {
      "p1": 747.743,
      "p5": 171.417,
      "p10": 111.415,
      "p25": 96.159,
      "p50": 89.237,
      "p75": 84.872,
      "p90": 76.825,
      "p95": 72.205,
      "p99": 62.739
    },
    "packet_loss": {
      "p1": 0.2773372443863284,
      "p5": 0.11271832307467511,
      "p10": 0.06236112870863689,
      "p25": 0.01463719189476054,
      "p50": 0.0003373407494054444,
      "p75": 0.0,
      "p90": 0.0,
      "p95": 0.0,
      "p99": 0.0
    }
  }
}