{
  "sample_counts": {
    "downloads": 8297,
    "uploads": 8192
  },
  "metrics": {
    "download_throughput_mbps": {
      "p1": 0.04787624254579195,
      "p5": 0.3633379850343221,
      "p10": 0.9109802433235189,
      "p25": 3.0489902345871807,
      "p50": 8.521762797064799,
      "p75": 18.38953361057452,
      "p90": 32.744525669051185,
      "p95": 44.61914900427245,
      "p99": 81.28239530078451
    },
    "upload_throughput_mbps": {
      "p1": 0.025468668279389088,
      "p5": 0.15619295441807446,
      "p10": 0.3021214086840418,
      "p25": 0.7403701459735315,
      "p50": 2.1404807655198086,
      "p75": 9.320879620656749,
      "p90": 20.826679420132162,
      "p95": 27.086743737868446,
      "p99": 36.03368235437802
    },
    "latency_ms": {
      "p1": 592.954,
      "p5": 248.322,
      "p10": 223.64,
      "p25": 218.975,
      "p50": 91.467,
      "p75": 81.366,
      "p90": 77.695,
      "p95": 74.174,
      "p99": 47.448
    },
    "packet_loss": {
      "p1": 0.14339850392010076,
      "p5": 0.05267693962986729,
      "p10": 0.025891574597882567,
      "p25": 0.006481706423330492,
      "p50": 0.0006067414098021211,
      "p75": 0.0,
      "p90": 0.0,
      "p95": 0.0,
      "p99": 0.0
    }
  }
}