{
  "metrics": {
    "download_throughput_mbps": {
      "p1": 0.417496117777912,
      "p5": 2.1101088969406487,
      "p10": 2.362554007069746,
      "p25": 3.7532737394549396,
      "p50": 8.11849089605219,
      "p75": 11.097676558892841,
      "p90": 15.800880408383199,
      "p95": 16.95598519177677,
      "p99": 39.52464587050196
    },
    "upload_throughput_mbps": {
      "p1": 0.04076862929189108,
      "p5": 0.06977439037804262,
      "p10": 0.0934005933329487,
      "p25": 0.4123417762021169,
      "p50": 0.6011580346390414,
      "p75": 0.7558272540326875,
      "p90": 2.4310538998873805,
      "p95": 3.007094621249704,
      "p99": 3.5618695162418486
    },
    "latency_ms": {
      "p1": 217.974,
      "p5": 216.403,
      "p10": 216.352,
      "p25": 215.635,
      "p50": 214.661,
      "p75": 154.0,
      "p90": 153.569,
      "p95": 153.017,
      "p99": 47.274
    },
    "packet_loss": {
      "p1": 0.0029625262286773995,
      "p5": 0.0006032534650881118,
      "p10": 0.0,
      "p25": 0.0,
      "p50": 0.0,
      "p75": 0.0,
      "p90": 0.0,
      "p95": 0.0,
      "p99": 0.0
    }
  }
}