{
  "metrics": {
    "download_throughput_mbps": {
      "p1": 0.23344246701218133,
      "p5": 0.29740222416096,
      "p10": 0.3367026248995133,
      "p25": 0.9760037250756868,
      "p50": 2.930574656569342,
      "p75": 10.447370017203975,
      "p90": 23.976827052410506,
      "p95": 124.76661315672553,
      "p99": 361.05479258082966
    },
    "upload_throughput_mbps": {
      "p1": 0.1656141847015599,
      "p5": 0.21175577422839956,
      "p10": 0.22816247846802107,
      "p25": 1.036729437559956,
      "p50": 1.0643226249477078,
      "p75": 3.3639463717662474,
      "p90": 7.933569258372117,
      "p95": 10.037231936784885,
      "p99": 10.14544635301155
    },
    "latency_ms": {
      "p1": 333.658,
      "p5": 269.348,
      "p10": 216.0,
      "p25": 149.728,
      "p50": 91.0,
      "p75": 53.776,
      "p90": 52.519,
      "p95": 52.0,
      "p99": 51.0
    },
    "packet_loss": {
      "p1": 0.3905391104215685,
      "p5": 0.32714603374674484,
      "p10": 0.3200680167188488,
      "p25": 0.27478296229811744,
      "p50": 0.20214939074457053,
      "p75": 0.08715649810127371,
      "p90": 0.006915557027575508,
      "p95": 0.004287903079176367,
      "p99": 4.00112322848728e-05
    }
  }
}