{
  "metrics": {
    "download_throughput_mbps": {
      "p1": 0.06876396428110558,
      "p5": 0.10770456404253993,
      "p10": 0.3804219405209819,
      "p25": 1.745264864376396,
      "p50": 4.060681772580478,
      "p75": 9.264192860438916,
      "p90": 18.10042516238315,
      "p95": 38.50557338813539,
      "p99": 93.20528684611855
    },
    "upload_throughput_mbps": {
      "p1": 0.3060985571930299,
      "p5": 0.5119635401443102,
      "p10": 0.5343567066527699,
      "p25": 0.950988986037045,
      "p50": 2.31610652162348,
      "p75": 4.948508768676975,
      "p90": 5.959530975531736,
      "p95": 8.184768736108827,
      "p99": 9.063276410263107
    },
    "latency_ms": {
      "p1": 699.544,
      "p5": 333.053,
      "p10": 209.392,
      "p25": 184.155,
      "p50": 150.824,
      "p75": 142.0,
      "p90": 100.369,
      "p95": 95.363,
      "p99": 69.269
    },
    "packet_loss": {
      "p1": 0.4864047774563777,
      "p5": 0.331422723306547,
      "p10": 0.31635384875697964,
      "p25": 0.19422356180258946,
      "p50": 0.09394602286780668,
      "p75": 0.011550014505218087,
      "p90": 0.00012196733650712333,
      "p95": 0.0,
      "p99": 0.0
    }
  }
}