{
  "sample_counts": {
    "downloads": 2365228,
    "uploads": 1565446
  },
  "metrics": {
    "download_throughput_mbps": {
      "p1": 0.35191279941086,
      "p5": 2.3565732837131996,
      "p10": 6.598442966216389,
      "p25": 29.56178732000751,
      "p50": 101.44625483971888,
      "p75": 338.2405753811465,
      "p90": 632.5093690476953,
      "p95": 812.7937270004902,
      "p99": 1318.3319863546155
    },
    "upload_throughput_mbps": {
      "p1": 0.061515139697596026,
      "p5": 0.09591015457931508,
      "p10": 0.4728473836078608,
      "p25": 6.410495838117968,
      "p50": 53.331278939291074,
      "p75": 214.49306124571385,
      "p90": 474.8906014409784,
      "p95": 649.3798265349888,
      "p99": 900.6210869965431
    },
    "latency_ms": {
      "p1": 200.108,
      "p5": 57.783,
      "p10": 42.942,
      "p25": 27.953,
      "p50": 16.273,
      "p75": 7.039,
      "p90": 2.901,
      "p95": 1.125,
      "p99": 0.441
    },
    "packet_loss": {
      "p1": 0.23706665714591738,
      "p5": 0.11506088976369977,
      "p10": 0.06731132068698885,
      "p25": 0.011083591755532255,
      "p50": 3.2000295841351754e-05,
      "p75": 0.0,
      "p90": 0.0,
      "p95": 0.0,
      "p99": 0.0
    }
  }
}