{
  "metrics": {
    "download_throughput_mbps": {
      "p1": 0.2944929291158972,
      "p5": 1.7871936762783747,
      "p10": 4.726344520563863,
      "p25": 20.398506030164985,
      "p50": 79.26781835295613,
      "p75": 271.63431439308965,
      "p90": 526.4984057344857,
      "p95": 732.0760836701168,
      "p99": 1150.1120880100998
    },
    "upload_throughput_mbps": {
      "p1": 0.054021055364102046,
      "p5": 0.08225733677652232,
      "p10": 0.3266601108410516,
      "p25": 3.343972221961122,
      "p50": 34.20894607175253,
      "p75": 158.27271250011376,
      "p90": 374.3319726770076,
      "p95": 518.1144457133257,
      "p99": 763.1248946709579
    },
    "latency_ms": {
      "p1": 252.448,
      "p5": 61.568,
      "p10": 41.185,
      "p25": 28.558,
      "p50": 16.616,
      "p75": 6.749,
      "p90": 2.383,
      "p95": 1.156,
      "p99": 0.534
    },
    "packet_loss": {
      "p1": 0.24350006323774473,
      "p5": 0.12262529395695393,
      "p10": 0.07298729505207166,
      "p25": 0.013654919519038888,
      "p50": 7.671216392766279e-05,
      "p75": 0.0,
      "p90": 0.0,
      "p95": 0.0,
      "p99": 0.0
    }
  }
}