{
  "metrics": {
    "download_throughput_mbps": {
      "p1": 0.35695837010814385,
      "p5": 2.3441517763434088,
      "p10": 6.611793872114654,
      "p25": 29.53539232920363,
      "p50": 101.50526743162517,
      "p75": 338.2418247321951,
      "p90": 631.7479349566427,
      "p95": 813.0033468271861,
      "p99": 1322.479949812642
    },
    "upload_throughput_mbps": {
      "p1": 0.061515139697596026,
      "p5": 0.09591015457931508,
      "p10": 0.4728473836078608,
      "p25": 6.410495838117968,
      "p50": 53.331278939291074,
      "p75": 214.49306124571385,
      "p90": 474.8906014409784,
      "p95": 649.3798265349888,
      "p99": 900.6210869965431
    },
    "latency_ms": {
      "p1": 199.665,
      "p5": 57.9,
      "p10": 42.947,
      "p25": 27.937,
      "p50": 16.275,
      "p75": 7.026,
      "p90": 2.902,
      "p95": 1.124,
      "p99": 0.441
    },
    "packet_loss": {
      "p1": 0.24029465446341014,
      "p5": 0.114682570728978,
      "p10": 0.06727462124760566,
      "p25": 0.011041621738192797,
      "p50": 3.163582326185979e-05,
      "p75": 0.0,
      "p90": 0.0,
      "p95": 0.0,
      "p99": 0.0
    }
  }
}