{
  "sample_counts": {
    "downloads": 2840166,
    "uploads": 1906226
  },
  "metrics": {
    "download_throughput_mbps": {
      "p1": 0.28832621607532105,
      "p5": 1.7888137639435175,
      "p10": 4.731056698094385,
      "p25": 20.35947702025919,
      "p50": 79.23180669158808,
      "p75": 271.794779076463,
      "p90": 526.6961571483621,
      "p95": 733.3861463445854,
      "p99": 1130.6515632724963
    },
    "upload_throughput_mbps": {
      "p1": 0.054683788349915524,
      "p5": 0.08220394472378893,
      "p10": 0.32463513286090656,
      "p25": 3.3493090187889814,
      "p50": 34.207652128939664,
      "p75": 158.59019433339267,
      "p90": 374.40759408887766,
      "p95": 519.0712437656717,
      "p99": 761.2866005212156
    },
    "latency_ms": {
      "p1": 255.099,
      "p5": 61.384,
      "p10": 41.205,
      "p25": 28.559,
      "p50": 16.618,
      "p75": 6.748,
      "p90": 2.385,
      "p95": 1.155,
      "p99": 0.532
    },
    "packet_loss": {
      "p1": 0.24435740549986032,
      "p5": 0.12262361568231575,
      "p10": 0.07304541986698389,
      "p25": 0.013636780838824213,
      "p50": 7.670935706764674e-05,
      "p75": 0.0,
      "p90": 0.0,
      "p95": 0.0,
      "p99": 0.0
    }
  }
}