{
  "metrics": {
    "download_throughput_mbps": {
      "p1": 0.12045541156124721,
      "p5": 0.2546115635702546,
      "p10": 0.5625404716816483,
      "p25": 2.33822011407686,
      "p50": 7.071681794248316,
      "p75": 14.726399305902593,
      "p90": 27.84369200148476,
      "p95": 34.605136177712915,
      "p99": 51.71524856950286
    },
    "upload_throughput_mbps": {
      "p1": 0.057298463595550984,
      "p5": 0.2187871191467427,
      "p10": 0.6049445603416397,
      "p25": 2.645931471017924,
      "p50": 7.095621950939053,
      "p75": 8.72494612454188,
      "p90": 10.018751312637784,
      "p95": 14.965391948987294,
      "p99": 27.407964864641464
    },
    "latency_ms": {
      "p1": 465.271,
      "p5": 314.122,
      "p10": 287.0,
      "p25": 252.488,
      "p50": 240.536,
      "p75": 231.545,
      "p90": 225.17,
      "p95": 224.196,
      "p99": 180.218
    },
    "packet_loss": {
      "p1": 0.2834100080646561,
      "p5": 0.22060199458783514,
      "p10": 0.1805180837684076,
      "p25": 0.11618272812572364,
      "p50": 0.0512164894417829,
      "p75": 0.003718165278514852,
      "p90": 0.0,
      "p95": 0.0,
      "p99": 0.0
    }
  }
}