{
  "sample_counts": {
    "downloads": 7993971,
    "uploads": 5491831
  },
  "metrics": {
    "download_throughput_mbps": {
      "p1": 0.3830946265453006,
      "p5": 2.737633359475995,
      "p10": 7.336644796832535,
      "p25": 21.697168895196832,
      "p50": 58.3778708110646,
      "p75": 150.2332684206621,
      "p90": 371.5094057282172,
      "p95": 516.829674924312,
      "p99": 855.4547368588891
    },
    "upload_throughput_mbps": {
      "p1": 0.056054056497247456,
      "p5": 0.0827411780199921,
      "p10": 0.42103494902527633,
      "p25": 5.880083416371388,
      "p50": 17.297914331679742,
      "p75": 43.12192279050261,
      "p90": 100.82168759465793,
      "p95": 223.3013782135383,
      "p99": 577.6425467542795
    },
    "latency_ms": {
      "p1": 197.38,
      "p5": 45.206,
      "p10": 30.15,
      "p25": 18.471,
      "p50": 10.432,
      "p75": 6.101,
      "p90": 2.412,
      "p95": 1.155,
      "p99": 0.404
    },
    "packet_loss": {
      "p1": 0.2096465529216868,
      "p5": 0.09444439608610787,
      "p10": 0.056281581683487604,
      "p25": 0.011869429443391923,
      "p50": 0.00014696922040177037,
      "p75": 0.0,
      "p90": 0.0,
      "p95": 0.0,
      "p99": 0.0
    }
  }
}