{
  "metrics": {
    "download_throughput_mbps": {
      "p1": 0.4090487898471065,
      "p5": 2.9865627448116525,
      "p10": 8.140729129684289,
      "p25": 28.003990315524092,
      "p50": 73.47945517797913,
      "p75": 219.43547818481215,
      "p90": 462.81723194524835,
      "p95": 632.4948279246764,
      "p99": 903.1424770695512
    },
    "upload_throughput_mbps": {
      "p1": 0.06313329064687583,
      "p5": 0.09004676777551468,
      "p10": 0.5342936838103253,
      "p25": 6.577504716162751,
      "p50": 21.60776367537594,
      "p75": 67.97852912356853,
      "p90": 148.01223714003802,
      "p95": 330.18316258134524,
      "p99": 752.8189872439242
    },
    "latency_ms": {
      "p1": 197.871,
      "p5": 49.693,
      "p10": 30.195,
      "p25": 19.279,
      "p50": 10.446,
      "p75": 6.0,
      "p90": 2.612,
      "p95": 1.241,
      "p99": 0.474
    },
    "packet_loss": {
      "p1": 0.21852218889898056,
      "p5": 0.09480568372027105,
      "p10": 0.05506963331592787,
      "p25": 0.012315860410672733,
      "p50": 0.00016681728104698973,
      "p75": 0.0,
      "p90": 0.0,
      "p95": 0.0,
      "p99": 0.0
    }
  }
}