{
  "metrics": {
    "download_throughput_mbps": {
      "p1": 0.38117595390085035,
      "p5": 2.738537828747538,
      "p10": 7.349847536007639,
      "p25": 21.719137583285253,
      "p50": 58.38571555142579,
      "p75": 150.19505358131795,
      "p90": 371.4893362359849,
      "p95": 516.1845462880476,
      "p99": 856.7619001440415
    },
    "upload_throughput_mbps": {
      "p1": 0.05591942997396564,
      "p5": 0.08275672842383726,
      "p10": 0.4210331387524023,
      "p25": 5.880027255896428,
      "p50": 17.2966002178195,
      "p75": 43.012859085855006,
      "p90": 100.69926946599038,
      "p95": 225.0747932166129,
      "p99": 574.554712578115
    },
    "latency_ms": {
      "p1": 193.032,
      "p5": 45.219,
      "p10": 30.172,
      "p25": 18.48,
      "p50": 10.43,
      "p75": 6.105,
      "p90": 2.418,
      "p95": 1.162,
      "p99": 0.398
    },
    "packet_loss": {
      "p1": 0.2088028178854866,
      "p5": 0.09454491145821788,
      "p10": 0.05636955296581722,
      "p25": 0.011859176857097106,
      "p50": 0.00014700952810724554,
      "p75": 0.0,
      "p90": 0.0,
      "p95": 0.0,
      "p99": 0.0
    }
  }
}