{
  "sample_counts": {
    "downloads": 7177944,
    "uploads": 4630509
  },
  "metrics": {
    "download_throughput_mbps": {
      "p1": 0.4244126071890919,
      "p5": 2.992647711575815,
      "p10": 8.121095697606968,
      "p25": 27.985544182782437,
      "p50": 73.47222111668324,
      "p75": 219.5072111974204,
      "p90": 462.69943366205956,
      "p95": 631.1763684834046,
      "p99": 903.357532764028
    },
    "upload_throughput_mbps": {
      "p1": 0.06313329064687583,
      "p5": 0.09004676777551468,
      "p10": 0.5342936838103253,
      "p25": 6.577504716162751,
      "p50": 21.60776367537594,
      "p75": 67.97852912356853,
      "p90": 148.01223714003802,
      "p95": 330.18316258134524,
      "p99": 752.8189872439242
    },
    "latency_ms": {
      "p1": 198.864,
      "p5": 49.541,
      "p10": 30.188,
      "p25": 19.271,
      "p50": 10.445,
      "p75": 6.0,
      "p90": 2.609,
      "p95": 1.242,
      "p99": 0.475
    },
    "packet_loss": {
      "p1": 0.21691098248236507,
      "p5": 0.09490102453570683,
      "p10": 0.05489424062047428,
      "p25": 0.01234739067607653,
      "p50": 0.00016680441655566434,
      "p75": 0.0,
      "p90": 0.0,
      "p95": 0.0,
      "p99": 0.0
    }
  }
}