{
  "metrics": {
    "download_throughput_mbps": {
      "p1": 0.3666780406138002,
      "p5": 5.097589557522789,
      "p10": 8.490829592845541,
      "p25": 38.48595097952682,
      "p50": 51.42917428914366,
      "p75": 70.28213729997573,
      "p90": 153.9668470268588,
      "p95": 173.74994620116206,
      "p99": 191.72559881766384
    },
    "upload_throughput_mbps": {
      "p1": 0.2254773258711542,
      "p5": 1.0834301627224403,
      "p10": 4.191383380302195,
      "p25": 19.20722949368806,
      "p50": 21.021218412589278,
      "p75": 33.65901561183173,
      "p90": 53.502556158363696,
      "p95": 108.04399875160138,
      "p99": 183.40904665043817
    },
    "latency_ms": {
      "p1": 248.003,
      "p5": 130.108,
      "p10": 118.456,
      "p25": 112.475,
      "p50": 108.025,
      "p75": 104.488,
      "p90": 101.852,
      "p95": 99.337,
      "p99": 76.739
    },
    "packet_loss": {
      "p1": 0.25233677656272363,
      "p5": 0.22265926515871337,
      "p10": 0.19917991704801055,
      "p25": 0.15330663121130578,
      "p50": 0.06518597581910104,
      "p75": 0.005466695671114155,
      "p90": 0.0,
      "p95": 0.0,
      "p99": 0.0
    }
  }
}