{
  "metrics": {
    "download_throughput_mbps": {
      "p1": 0.2019464736345422,
      "p5": 0.8364961891515724,
      "p10": 1.5165637850108098,
      "p25": 6.279699049630412,
      "p50": 22.204863262492253,
      "p75": 41.508199042521746,
      "p90": 67.18727108786555,
      "p95": 98.09244592112498,
      "p99": 184.0939330724259
    },
    "upload_throughput_mbps": {
      "p1": 0.07505782897821522,
      "p5": 0.29461393795841445,
      "p10": 0.6592330649352749,
      "p25": 2.6089637972458575,
      "p50": 10.641691124862342,
      "p75": 27.70306133070737,
      "p90": 42.58853731034061,
      "p95": 53.6506456027282,
      "p99": 79.2212308744903
    },
    "latency_ms": {
      "p1": 431.46,
      "p5": 210.155,
      "p10": 134.592,
      "p25": 119.0,
      "p50": 109.6,
      "p75": 101.72,
      "p90": 74.241,
      "p95": 47.935,
      "p99": 37.0
    },
    "packet_loss": {
      "p1": 0.2858618792362344,
      "p5": 0.20881632436870193,
      "p10": 0.16996923854113105,
      "p25": 0.10613264446171367,
      "p50": 0.026816955908148865,
      "p75": 8.524511561543967e-05,
      "p90": 0.0,
      "p95": 0.0,
      "p99": 0.0
    }
  }
}