{
  "sample_counts": {
    "downloads": 10200,
    "uploads": 8989
  },
  "metrics": {
    "download_throughput_mbps": {
      "p1": 0.14447086011090973,
      "p5": 0.7818436796407937,
      "p10": 2.146236963197113,
      "p25": 9.589506128604842,
      "p50": 28.61209533452017,
      "p75": 45.49892399871823,
      "p90": 66.80613373954837,
      "p95": 86.18271857568323,
      "p99": 275.54443224617455
    },
    "upload_throughput_mbps": {
      "p1": 0.06782320395806005,
      "p5": 0.4168146628791102,
      "p10": 1.2425250172718247,
      "p25": 5.783840283767194,
      "p50": 22.84288277931807,
      "p75": 39.49369700231488,
      "p90": 60.81559707944759,
      "p95": 77.67984276007861,
      "p99": 279.55905363150157
    },
    "latency_ms": {
      "p1": 261.748,
      "p5": 135.0,
      "p10": 122.813,
      "p25": 114.706,
      "p50": 110.595,
      "p75": 107.0,
      "p90": 96.802,
      "p95": 46.621,
      "p99": 0.979
    },
    "packet_loss": {
      "p1": 0.3222944291516351,
      "p5": 0.245950270561884,
      "p10": 0.20191585648818197,
      "p25": 0.1315574629367805,
      "p50": 0.05846218433701398,
      "p75": 0.0027689151255006665,
      "p90": 0.0,
      "p95": 0.0,
      "p99": 0.0
    }
  }
}