{
  "metrics": {
    "download_throughput_mbps": {
      "p1": 0.14451206147101922,
      "p5": 0.7911087542184668,
      "p10": 2.154344998305413,
      "p25": 9.609392315723323,
      "p50": 28.603809512489864,
      "p75": 45.54921697449858,
      "p90": 66.80613373954837,
      "p95": 86.16248711415332,
      "p99": 278.0130683922662
    },
    "upload_throughput_mbps": {
      "p1": 0.06782320395806005,
      "p5": 0.4168146628791102,
      "p10": 1.2425250172718247,
      "p25": 5.783840283767194,
      "p50": 22.84288277931807,
      "p75": 39.49369700231488,
      "p90": 60.81559707944759,
      "p95": 77.67984276007861,
      "p99": 279.55905363150157
    },
    "latency_ms": {
      "p1": 261.815,
      "p5": 135.059,
      "p10": 122.826,
      "p25": 114.707,
      "p50": 110.594,
      "p75": 107.0,
      "p90": 96.802,
      "p95": 46.621,
      "p99": 0.978
    },
    "packet_loss": {
      "p1": 0.3222944291516351,
      "p5": 0.24582469492617467,
      "p10": 0.20191585648818197,
      "p25": 0.13149524197739487,
      "p50": 0.058455213039788234,
      "p75": 0.0028001368217650804,
      "p90": 0.0,
      "p95": 0.0,
      "p99": 0.0
    }
  }
}