{
  "metrics": {
    "download_throughput_mbps": {
      "p1": 0.2629899067127594,
      "p5": 1.152364399655487,
      "p10": 2.8637044115804335,
      "p25": 10.29836178760368,
      "p50": 38.17922192673741,
      "p75": 93.47846981304372,
      "p90": 153.04073691127655,
      "p95": 178.75400621658696,
      "p99": 236.3606534188814
    },
    "upload_throughput_mbps": {
      "p1": 0.02277557637427944,
      "p5": 0.10655911717256988,
      "p10": 0.33024707714933843,
      "p25": 2.098771505650514,
      "p50": 17.774194103216708,
      "p75": 86.0624940190353,
      "p90": 166.6934211665771,
      "p95": 181.1089259561253,
      "p99": 278.6023460339003
    },
    "latency_ms": {
      "p1": 245.952,
      "p5": 189.18,
      "p10": 176.844,
      "p25": 162.569,
      "p50": 143.0,
      "p75": 117.866,
      "p90": 106.164,
      "p95": 88.563,
      "p99": 59.464
    },
    "packet_loss": {
      "p1": 0.36494182339365416,
      "p5": 0.2858339439107208,
      "p10": 0.21515660103616047,
      "p25": 0.09374993652338644,
      "p50": 0.002496487886423108,
      "p75": 0.0,
      "p90": 0.0,
      "p95": 0.0,
      "p99": 0.0
    }
  }
}