{
  "metrics": {
    "download_throughput_mbps": {
      "p1": 1.3015914744872374,
      "p5": 7.668450145878164,
      "p10": 16.885595725271624,
      "p25": 37.612427568931075,
      "p50": 62.081862058586324,
      "p75": 113.13889741884991,
      "p90": 151.74990844734523,
      "p95": 442.7523634252906,
      "p99": 486.82281716284143
    },
    "upload_throughput_mbps": {
      "p1": 0.29987887208856556,
      "p5": 1.3725458902793186,
      "p10": 4.596266772692973,
      "p25": 6.725490315685832,
      "p50": 16.70095942841286,
      "p75": 106.81854490807426,
      "p90": 153.29026136836018,
      "p95": 426.13519854265354,
      "p99": 435.69198332405
    },
    "latency_ms": {
      "p1": 309.378,
      "p5": 137.15,
      "p10": 35.516,
      "p25": 28.835,
      "p50": 19.859,
      "p75": 14.443,
      "p90": 11.91,
      "p95": 11.629,
      "p99": 11.0
    },
    "packet_loss": {
      "p1": 0.1366969101400892,
      "p5": 0.06802847890642263,
      "p10": 0.03915904100863578,
      "p25": 0.016618270100367767,
      "p50": 0.004622597961719578,
      "p75": 0.001210467200290238,
      "p90": 4.510795570424379e-05,
      "p95": 0.0,
      "p99": 0.0
    }
  }
}