{
  "sample_counts": {
    "downloads": 91237,
    "uploads": 65493
  },
  "metrics": {
    "download_throughput_mbps": {
      "p1": 0.08518595742393137,
      "p5": 0.34647463331500994,
      "p10": 0.7377257661420223,
      "p25": 2.4056646035555618,
      "p50": 8.718593275330962,
      "p75": 29.280177136554148,
      "p90": 63.7403649298265,
      "p95": 87.56895331326129,
      "p99": 189.01417358992393
    },
    "upload_throughput_mbps": {
      "p1": 0.0276672344514544,
      "p5": 0.07531492709745917,
      "p10": 0.08348991959777388,
      "p25": 1.163099720143349,
      "p50": 5.784315209695129,
      "p75": 17.449656317305006,
      "p90": 37.136108179065985,
      "p95": 52.94895981020804,
      "p99": 86.12700106286036
    },
    "latency_ms": {
      "p1": 416.971,
      "p5": 227.622,
      "p10": 213.783,
      "p25": 160.986,
      "p50": 48.499,
      "p75": 31.977,
      "p90": 23.818,
      "p95": 18.699,
      "p99": 14.501
    },
    "packet_loss": {
      "p1": 0.3664480376195474,
      "p5": 0.2562281782670829,
      "p10": 0.1928088869637119,
      "p25": 0.09062864837432545,
      "p50": 0.00816319204062259,
      "p75": 0.0,
      "p90": 0.0,
      "p95": 0.0,
      "p99": 0.0
    }
  }
}