{
  "sample_counts": {
    "downloads": 108142,
    "uploads": 76223
  },
  "metrics": {
    "download_throughput_mbps": {
      "p1": 0.10643441430352643,
      "p5": 0.4035710261951606,
      "p10": 0.842237994240051,
      "p25": 2.7997409387333767,
      "p50": 10.979842512672741,
      "p75": 36.08350263809434,
      "p90": 80.19409095036035,
      "p95": 119.68840550652165,
      "p99": 189.49674105238066
    },
    "upload_throughput_mbps": {
      "p1": 0.027083600196511296,
      "p5": 0.0818232687470327,
      "p10": 0.09607219113563906,
      "p25": 1.5671713696214697,
      "p50": 7.58435819659796,
      "p75": 19.977145746267222,
      "p90": 42.03185000505994,
      "p95": 67.60683287012004,
      "p99": 119.64669744577407
    },
    "latency_ms": {
      "p1": 404.238,
      "p5": 226.206,
      "p10": 193.005,
      "p25": 141.0,
      "p50": 43.567,
      "p75": 28.587,
      "p90": 20.172,
      "p95": 18.505,
      "p99": 15.548
    },
    "packet_loss": {
      "p1": 0.3302803590638086,
      "p5": 0.21592595406759033,
      "p10": 0.15633454760197182,
      "p25": 0.07048609233012018,
      "p50": 0.005647746242041327,
      "p75": 0.0,
      "p90": 0.0,
      "p95": 0.0,
      "p99": 0.0
    }
  }
}