{
  "sample_counts": {
    "downloads": 108142,
    "uploads": 76223
  },
  "metrics": {
    "download_throughput_mbps": {
      "p1": 0.1060413857323631,
      "p5": 0.3989401348174722,
      "p10": 0.8431807007645,
      "p25": 2.7997230441970915,
      "p50": 10.968508920949969,
      "p75": 36.07342455949185,
      "p90": 80.27128265219528,
      "p95": 119.65931606385485,
      "p99": 189.99817263709548
    },
    "upload_throughput_mbps": {
      "p1": 0.027442977711880534,
      "p5": 0.08161664492837463,
      "p10": 0.0960757803787319,
      "p25": 1.5700333159600208,
      "p50": 7.592723656894686,
      "p75": 19.971031929514123,
      "p90": 42.03185000505994,
      "p95": 67.09726518354202,
      "p99": 119.53306536419761
    },
    "latency_ms": {
      "p1": 403.971,
      "p5": 226.326,
      "p10": 193.0,
      "p25": 141.0,
      "p50": 43.572,
      "p75": 28.589,
      "p90": 20.164,
      "p95": 18.512,
      "p99": 15.543
    },
    "packet_loss": {
      "p1": 0.3309027175211898,
      "p5": 0.2157662693974286,
      "p10": 0.15640995514517345,
      "p25": 0.0704530346321006,
      "p50": 0.005615761570808737,
      "p75": 0.0,
      "p90": 0.0,
      "p95": 0.0,
      "p99": 0.0
    }
  }
}