{
  "metrics": {
    "download_throughput_mbps": {
      "p1": 1.3389358808303284,
      "p5": 3.898332031702503,
      "p10": 12.832545297242467,
      "p25": 27.676619950517725,
      "p50": 42.528141787192325,
      "p75": 72.53559341766339,
      "p90": 116.38453316838708,
      "p95": 181.98062711975248,
      "p99": 210.8720142890218
    },
    "upload_throughput_mbps": {
      "p1": 0.06760615974182903,
      "p5": 0.7311343866103351,
      "p10": 1.8207495209147557,
      "p25": 7.243263749602159,
      "p50": 8.527834741459548,
      "p75": 24.229328683494334,
      "p90": 31.30246608152913,
      "p95": 41.04320065337577,
      "p99": 165.9101464094892
    },
    "latency_ms": {
      "p1": 197.982,
      "p5": 106.779,
      "p10": 106.722,
      "p25": 106.0,
      "p50": 85.546,
      "p75": 78.0,
      "p90": 76.674,
      "p95": 76.008,
      "p99": 68.199
    },
    "packet_loss": {
      "p1": 0.22750045061512195,
      "p5": 0.1366490215586472,
      "p10": 0.1159553893202437,
      "p25": 0.07243587357925621,
      "p50": 0.018397465876068882,
      "p75": 0.0,
      "p90": 0.0,
      "p95": 0.0,
      "p99": 0.0
    }
  }
}