{
  "metrics": {
    "download_throughput_mbps": {
      "p1": 0.10058600506760342,
      "p5": 0.22310792673324606,
      "p10": 0.4320461939923766,
      "p25": 1.4560943972916947,
      "p50": 4.3983639468731335,
      "p75": 14.763883361809746,
      "p90": 28.142942392361643,
      "p95": 39.105555770789294,
      "p99": 76.1323102067635
    },
    "upload_throughput_mbps": {
      "p1": 0.03237707606381021,
      "p5": 0.11503505590791775,
      "p10": 0.3277741046898067,
      "p25": 1.3075090710301207,
      "p50": 2.34093065004998,
      "p75": 5.72459010075925,
      "p90": 17.161292494577197,
      "p95": 25.83810261459044,
      "p99": 47.333713725953714
    },
    "latency_ms": {
      "p1": 558.938,
      "p5": 422.957,
      "p10": 296.822,
      "p25": 210.938,
      "p50": 198.825,
      "p75": 186.0,
      "p90": 173.0,
      "p95": 116.521,
      "p99": 72.62
    },
    "packet_loss": {
      "p1": 0.3924453598951009,
      "p5": 0.33229242959995214,
      "p10": 0.2996107472562686,
      "p25": 0.23262809248235825,
      "p50": 0.10588602070083551,
      "p75": 0.0010465787882306635,
      "p90": 0.0,
      "p95": 0.0,
      "p99": 0.0
    }
  }
}