{
  "metrics": {
    "download_throughput_mbps": {
      "p1": 0.042040183434746234,
      "p5": 0.14604723879584466,
      "p10": 0.3404714781024509,
      "p25": 1.0820636880297627,
      "p50": 2.993953145182004,
      "p75": 7.258998854960809,
      "p90": 16.04395305757705,
      "p95": 27.460442591812665,
      "p99": 62.04961709498851
    },
    "upload_throughput_mbps": {
      "p1": 0.016801260874512707,
      "p5": 0.08684037875620587,
      "p10": 0.17276779120635277,
      "p25": 0.6424631613072704,
      "p50": 2.2426139796901254,
      "p75": 4.546815629251995,
      "p90": 7.478056438243299,
      "p95": 11.97395242344282,
      "p99": 31.90922987649573
    },
    "latency_ms": {
      "p1": 764.473,
      "p5": 364.853,
      "p10": 221.23,
      "p25": 197.784,
      "p50": 187.737,
      "p75": 176.349,
      "p90": 163.234,
      "p95": 136.885,
      "p99": 80.074
    },
    "packet_loss": {
      "p1": 0.40218511976870325,
      "p5": 0.33064130985574036,
      "p10": 0.27594011769490967,
      "p25": 0.16141878794274636,
      "p50": 0.04791985080696047,
      "p75": 0.0,
      "p90": 0.0,
      "p95": 0.0,
      "p99": 0.0
    }
  }
}