{
  "metrics": {
    "download_throughput_mbps": {
      "p1": 0.08068056228092058,
      "p5": 0.2519032478933774,
      "p10": 0.49807560797910566,
      "p25": 1.9166429238582112,
      "p50": 5.5187333095853575,
      "p75": 12.216259111909215,
      "p90": 26.11798432467433,
      "p95": 38.33809434417332,
      "p99": 57.03040368865532
    },
    "upload_throughput_mbps": {
      "p1": 0.020766652244269348,
      "p5": 0.1087318869599711,
      "p10": 0.2171839205228001,
      "p25": 0.9947159952435558,
      "p50": 2.474833466505467,
      "p75": 5.8828701516721775,
      "p90": 14.009405249461093,
      "p95": 19.982951676717455,
      "p99": 26.502723835634136
    },
    "latency_ms": {
      "p1": 665.212,
      "p5": 284.953,
      "p10": 255.252,
      "p25": 240.767,
      "p50": 202.149,
      "p75": 190.062,
      "p90": 64.641,
      "p95": 59.695,
      "p99": 58.176
    },
    "packet_loss": {
      "p1": 0.3502942533718446,
      "p5": 0.2748517918451816,
      "p10": 0.21061900467229475,
      "p25": 0.08916929475800342,
      "p50": 0.005249381203394938,
      "p75": 0.0,
      "p90": 0.0,
      "p95": 0.0,
      "p99": 0.0
    }
  }
}