{
  "metrics": {
    "download_throughput_mbps": {
      "p1": 0.16959884310134013,
      "p5": 1.2198766901959939,
      "p10": 3.6897356014446805,
      "p25": 16.74939487583767,
      "p50": 57.77180799416962,
      "p75": 114.48745105791102,
      "p90": 172.9414129958502,
      "p95": 210.99936156065525,
      "p99": 323.6645093430157
    },
    "upload_throughput_mbps": {
      "p1": 0.03257663247401552,
      "p5": 0.08009683617497108,
      "p10": 0.19798616377558695,
      "p25": 1.4854838659680574,
      "p50": 18.26735477729235,
      "p75": 64.15477117555623,
      "p90": 131.94356802457386,
      "p95": 181.7852897407134,
      "p99": 267.3575123937918
    },
    "latency_ms": {
      "p1": 278.843,
      "p5": 156.983,
      "p10": 143.284,
      "p25": 131.501,
      "p50": 114.809,
      "p75": 90.672,
      "p90": 79.381,
      "p95": 46.528,
      "p99": 41.786
    },
    "packet_loss": {
      "p1": 0.3137288252709462,
      "p5": 0.17039221132017218,
      "p10": 0.11155245549157665,
      "p25": 0.029285575764442864,
      "p50": 0.0,
      "p75": 0.0,
      "p90": 0.0,
      "p95": 0.0,
      "p99": 0.0
    }
  }
}