{
  "sample_counts": {
    "downloads": 6815,
    "uploads": 5526
  },
  "metrics": {
    "download_throughput_mbps": {
      "p1": 0.1187050138608019,
      "p5": 0.7763523505955531,
      "p10": 1.976158607997323,
      "p25": 9.790601990756436,
      "p50": 49.13814914251925,
      "p75": 117.76690318877738,
      "p90": 204.9507226887664,
      "p95": 242.3012847958584,
      "p99": 343.8215146977481
    },
    "upload_throughput_mbps": {
      "p1": 0.055900818625126567,
      "p5": 0.09621328717198833,
      "p10": 0.2457215628114736,
      "p25": 1.621063875039535,
      "p50": 16.005066999853504,
      "p75": 75.52219987971512,
      "p90": 171.09169319332577,
      "p95": 227.07498086120958,
      "p99": 358.75949227342164
    },
    "latency_ms": {
      "p1": 382.9,
      "p5": 164.825,
      "p10": 153.018,
      "p25": 139.678,
      "p50": 105.712,
      "p75": 90.021,
      "p90": 58.995,
      "p95": 50.346,
      "p99": 47.16
    },
    "packet_loss": {
      "p1": 0.3171584476704867,
      "p5": 0.19342043863742417,
      "p10": 0.13763008571263674,
      "p25": 0.052911558921613505,
      "p50": 0.0008930462783358071,
      "p75": 0.0,
      "p90": 0.0,
      "p95": 0.0,
      "p99": 0.0
    }
  }
}