{
  "sample_counts": {
    "downloads": 7422,
    "uploads": 5663
  },
  "metrics": {
    "download_throughput_mbps": {
      "p1": 0.16959884310134013,
      "p5": 1.215883928422496,
      "p10": 3.6897356014446805,
      "p25": 16.733912102972013,
      "p50": 57.77180799416962,
      "p75": 114.46667824603583,
      "p90": 173.043534221487,
      "p95": 210.9800788334988,
      "p99": 323.6645093430157
    },
    "upload_throughput_mbps": {
      "p1": 0.03257663247401552,
      "p5": 0.08009683617497108,
      "p10": 0.19798616377558695,
      "p25": 1.4906412564635894,
      "p50": 18.26735477729235,
      "p75": 64.14820142187061,
      "p90": 131.94356802457386,
      "p95": 181.7852897407134,
      "p99": 265.2274893549533
    },
    "latency_ms": {
      "p1": 278.258,
      "p5": 156.685,
      "p10": 143.27,
      "p25": 131.501,
      "p50": 114.797,
      "p75": 90.671,
      "p90": 79.484,
      "p95": 46.496,
      "p99": 41.785
    },
    "packet_loss": {
      "p1": 0.3137288252709462,
      "p5": 0.17039221132017218,
      "p10": 0.1115640524237073,
      "p25": 0.029285575764442864,
      "p50": 0.0,
      "p75": 0.0,
      "p90": 0.0,
      "p95": 0.0,
      "p99": 0.0
    }
  }
}