{
  "sample_counts": {
    "downloads": 7422,
    "uploads": 5663
  },
  "metrics": {
    "download_throughput_mbps": {
      "p1": 0.16967962975664402,
      "p5": 1.2198766901959939,
      "p10": 3.6810609519478645,
      "p25": 16.74939487583767,
      "p50": 57.77180799416962,
      "p75": 114.46667824603583,
      "p90": 173.043534221487,
      "p95": 210.9800788334988,
      "p99": 321.29078116938314
    },
    "upload_throughput_mbps": {
      "p1": 0.03257663247401552,
      "p5": 0.08009683617497108,
      "p10": 0.1969318124889193,
      "p25": 1.4854838659680574,
      "p50": 18.22643001009617,
      "p75": 64.15477117555623,
      "p90": 131.94356802457386,
      "p95": 181.7852897407134,
      "p99": 265.2274893549533
    },
    "latency_ms": {
      "p1": 278.258,
      "p5": 156.685,
      "p10": 143.27,
      "p25": 131.497,
      "p50": 114.797,
      "p75": 90.672,
      "p90": 79.381,
      "p95": 46.528,
      "p99": 41.786
    },
    "packet_loss": {
      "p1": 0.3129687219102254,
      "p5": 0.17045382471380824,
      "p10": 0.11155245549157665,
      "p25": 0.029285575764442864,
      "p50": 0.0,
      "p75": 0.0,
      "p90": 0.0,
      "p95": 0.0,
      "p99": 0.0
    }
  }
}