{
  "metrics": {
    "download_throughput_mbps": {
      "p1": 0.11802290712461451,
      "p5": 0.7763523505955531,
      "p10": 1.976158607997323,
      "p25": 9.791780996495454,
      "p50": 49.10519706778953,
      "p75": 117.7639040218106,
      "p90": 204.9507226887664,
      "p95": 242.13947653578145,
      "p99": 343.37745430133
    },
    "upload_throughput_mbps": {
      "p1": 0.055900818625126567,
      "p5": 0.09621328717198833,
      "p10": 0.2457215628114736,
      "p25": 1.621063875039535,
      "p50": 16.005066999853504,
      "p75": 75.52219987971512,
      "p90": 171.09169319332577,
      "p95": 227.07498086120958,
      "p99": 358.75949227342164
    },
    "latency_ms": {
      "p1": 381.771,
      "p5": 164.825,
      "p10": 153.018,
      "p25": 139.681,
      "p50": 105.712,
      "p75": 90.024,
      "p90": 58.995,
      "p95": 50.32,
      "p99": 47.16
    },
    "packet_loss": {
      "p1": 0.3171584476704867,
      "p5": 0.19334559505639584,
      "p10": 0.1375989523557282,
      "p25": 0.05286202457736943,
      "p50": 0.0008930462783358071,
      "p75": 0.0,
      "p90": 0.0,
      "p95": 0.0,
      "p99": 0.0
    }
  }
}