{
  "metrics": {
    "download_throughput_mbps": {
      "p1": 0.041656391582596236,
      "p5": 0.16382411435237568,
      "p10": 0.25330325491459876,
      "p25": 0.5490540173498644,
      "p50": 1.2913536701576127,
      "p75": 3.4479443010681337,
      "p90": 9.328641790150352,
      "p95": 26.877384196185286,
      "p99": 70.63949199627358
    },
    "upload_throughput_mbps": {
      "p1": 0.018352722739853035,
      "p5": 0.06509594792324166,
      "p10": 0.19697810991031042,
      "p25": 0.5159912375465611,
      "p50": 1.2292682282945566,
      "p75": 2.976842769243969,
      "p90": 7.892853957391323,
      "p95": 13.36359867371475,
      "p99": 49.31332955268292
    },
    "latency_ms": {
      "p1": 617.511,
      "p5": 296.371,
      "p10": 238.184,
      "p25": 196.627,
      "p50": 139.079,
      "p75": 124.104,
      "p90": 33.018,
      "p95": 25.377,
      "p99": 19.32
    },
    "packet_loss": {
      "p1": 0.36861034089055617,
      "p5": 0.2775741900929534,
      "p10": 0.2380407889958235,
      "p25": 0.1590623691921306,
      "p50": 0.08021340363659035,
      "p75": 0.004384883115459454,
      "p90": 0.0,
      "p95": 0.0,
      "p99": 0.0
    }
  }
}