{
  "sample_counts": {
    "downloads": 150609,
    "uploads": 110627
  },
  "metrics": {
    "download_throughput_mbps": {
      "p1": 0.23192163114543451,
      "p5": 1.5393607530685698,
      "p10": 3.9480998022083207,
      "p25": 13.925142014811364,
      "p50": 44.3415399416395,
      "p75": 99.26924649856863,
      "p90": 270.33225993103565,
      "p95": 378.5417228998498,
      "p99": 850.1147992261984
    },
    "upload_throughput_mbps": {
      "p1": 0.05326438009075111,
      "p5": 0.10875800617655047,
      "p10": 0.4708608392253592,
      "p25": 2.6418116122090733,
      "p50": 8.460223443787907,
      "p75": 25.721664981294925,
      "p90": 140.7792970484354,
      "p95": 213.8646148935417,
      "p99": 452.92594424031034
    },
    "latency_ms": {
      "p1": 237.248,
      "p5": 86.875,
      "p10": 73.556,
      "p25": 39.966,
      "p50": 13.915,
      "p75": 6.013,
      "p90": 2.379,
      "p95": 2.0,
      "p99": 1.535
    },
    "packet_loss": {
      "p1": 0.2721680125679932,
      "p5": 0.13437091705215579,
      "p10": 0.08911005026890159,
      "p25": 0.03010381842833195,
      "p50": 0.0009216028402140989,
      "p75": 0.0,
      "p90": 0.0,
      "p95": 0.0,
      "p99": 0.0
    }
  }
}