{
  "sample_counts": {
    "downloads": 45332,
    "uploads": 41633
  },
  "metrics": {
    "download_throughput_mbps": {
      "p1": 0.3063344060215105,
      "p5": 2.513233396484499,
      "p10": 5.677747235493891,
      "p25": 15.261024757913765,
      "p50": 45.508900386051636,
      "p75": 94.09219892411022,
      "p90": 201.37331311006884,
      "p95": 304.9207402517435,
      "p99": 764.5163052760116
    },
    "upload_throughput_mbps": {
      "p1": 0.08204048046338812,
      "p5": 0.40415263178258726,
      "p10": 0.7026070602803758,
      "p25": 3.1855410159718547,
      "p50": 8.46533589886322,
      "p75": 17.09123478746068,
      "p90": 41.52077936115607,
      "p95": 80.56030919221644,
      "p99": 190.66071422678795
    },
    "latency_ms": {
      "p1": 174.82,
      "p5": 82.487,
      "p10": 71.315,
      "p25": 36.388,
      "p50": 12.967,
      "p75": 6.152,
      "p90": 2.525,
      "p95": 2.023,
      "p99": 1.513
    },
    "packet_loss": {
      "p1": 0.21421759821376096,
      "p5": 0.11259157392782425,
      "p10": 0.07977611039926584,
      "p25": 0.03029102833177838,
      "p50": 0.002344329457694841,
      "p75": 3.429013232433476e-07,
      "p90": 0.0,
      "p95": 0.0,
      "p99": 0.0
    }
  }
}