{
  "sample_counts": {
    "downloads": 150609,
    "uploads": 110627
  },
  "metrics": {
    "download_throughput_mbps": {
      "p1": 0.22944227181685894,
      "p5": 1.5448317902112478,
      "p10": 3.9299448068920104,
      "p25": 13.895711419546172,
      "p50": 44.36110545605535,
      "p75": 99.27015563583262,
      "p90": 270.0987707116776,
      "p95": 379.9274059962647,
      "p99": 868.5836287048654
    },
    "upload_throughput_mbps": {
      "p1": 0.053586354230255616,
      "p5": 0.10701864906754663,
      "p10": 0.47108484947203244,
      "p25": 2.642199618434843,
      "p50": 8.453377684872077,
      "p75": 25.717978713755844,
      "p90": 141.0581770371043,
      "p95": 213.87523483630233,
      "p99": 454.20801091834323
    },
    "latency_ms": {
      "p1": 237.248,
      "p5": 86.99,
      "p10": 73.642,
      "p25": 39.951,
      "p50": 13.929,
      "p75": 6.014,
      "p90": 2.38,
      "p95": 2.0,
      "p99": 1.607
    },
    "packet_loss": {
      "p1": 0.2680694617009004,
      "p5": 0.13451348216966394,
      "p10": 0.08902896770153496,
      "p25": 0.03020455875870877,
      "p50": 0.0009216028402140989,
      "p75": 0.0,
      "p90": 0.0,
      "p95": 0.0,
      "p99": 0.0
    }
  }
}