{
  "sample_counts": {
    "downloads": 13870,
    "uploads": 12106
  },
  "metrics": {
    "download_throughput_mbps": {
      "p1": 0.23388724407361755,
      "p5": 1.2646673244124675,
      "p10": 2.7822301564460314,
      "p25": 7.953200032306311,
      "p50": 22.173745632030062,
      "p75": 55.21849685180011,
      "p90": 97.7383018157583,
      "p95": 146.65501430596066,
      "p99": 210.80229306988235
    },
    "upload_throughput_mbps": {
      "p1": 0.08590690139332541,
      "p5": 0.6222023837021758,
      "p10": 1.1394583835985523,
      "p25": 3.8773815986799414,
      "p50": 9.04030427132126,
      "p75": 16.35402176053136,
      "p90": 23.178105682189432,
      "p95": 32.85352509945291,
      "p99": 79.65908928867671
    },
    "latency_ms": {
      "p1": 198.316,
      "p5": 143.144,
      "p10": 132.794,
      "p25": 120.191,
      "p50": 95.933,
      "p75": 85.255,
      "p90": 79.865,
      "p95": 76.888,
      "p99": 62.8
    },
    "packet_loss": {
      "p1": 0.3289946509073285,
      "p5": 0.24473084507257278,
      "p10": 0.2025332583353467,
      "p25": 0.13058574251608202,
      "p50": 0.03710045154396821,
      "p75": 6.918435211846464e-05,
      "p90": 0.0,
      "p95": 0.0,
      "p99": 0.0
    }
  }
}