{
  "sample_counts": {
    "downloads": 33079,
    "uploads": 27691
  },
  "metrics": {
    "download_throughput_mbps": {
      "p1": 0.15393034191409846,
      "p5": 0.7410407490514682,
      "p10": 2.0372021248208356,
      "p25": 7.891718925753674,
      "p50": 25.85884650420151,
      "p75": 71.42813774351609,
      "p90": 129.1461705487564,
      "p95": 166.45246396834037,
      "p99": 228.55523046876093
    },
    "upload_throughput_mbps": {
      "p1": 0.05451072444904789,
      "p5": 0.11123065238771172,
      "p10": 0.5824190340515629,
      "p25": 2.304429983959434,
      "p50": 7.775062194614393,
      "p75": 20.078159678267667,
      "p90": 35.87870778484573,
      "p95": 60.23604106950623,
      "p99": 174.92402459055816
    },
    "latency_ms": {
      "p1": 254.0,
      "p5": 148.056,
      "p10": 136.715,
      "p25": 119.844,
      "p50": 97.148,
      "p75": 84.967,
      "p90": 79.109,
      "p95": 76.8,
      "p99": 58.31
    },
    "packet_loss": {
      "p1": 0.3415082431176854,
      "p5": 0.23789876399718662,
      "p10": 0.18880530320778127,
      "p25": 0.1149227088054754,
      "p50": 0.022466426684264316,
      "p75": 1.9829676791412002e-05,
      "p90": 0.0,
      "p95": 0.0,
      "p99": 0.0
    }
  }
}