{
  "metrics": {
    "download_throughput_mbps": {
      "p1": 0.15393034191409846,
      "p5": 0.7322104569265379,
      "p10": 2.0422264842083626,
      "p25": 7.900452113982915,
      "p50": 25.869826040464158,
      "p75": 71.30640025965565,
      "p90": 129.15163084633005,
      "p95": 166.45246396834037,
      "p99": 228.49663784351137
    },
    "upload_throughput_mbps": {
      "p1": 0.05451072444904789,
      "p5": 0.11123065238771172,
      "p10": 0.5824190340515629,
      "p25": 2.304429983959434,
      "p50": 7.775062194614393,
      "p75": 20.078159678267667,
      "p90": 35.87870778484573,
      "p95": 60.23604106950623,
      "p99": 174.92402459055816
    },
    "latency_ms": {
      "p1": 254.0,
      "p5": 148.0,
      "p10": 136.736,
      "p25": 119.845,
      "p50": 97.172,
      "p75": 84.958,
      "p90": 79.107,
      "p95": 76.8,
      "p99": 58.279
    },
    "packet_loss": {
      "p1": 0.3423582043275087,
      "p5": 0.23789876399718662,
      "p10": 0.1885433955343634,
      "p25": 0.11501674304902072,
      "p50": 0.022498042117817807,
      "p75": 1.8983572930686642e-05,
      "p90": 0.0,
      "p95": 0.0,
      "p99": 0.0
    }
  }
}