{
  "metrics": {
    "download_throughput_mbps": {
      "p1": 0.23292930131880576,
      "p5": 1.2678066236545649,
      "p10": 2.7785981838201237,
      "p25": 7.953213743412862,
      "p50": 22.164059054434983,
      "p75": 55.25585724027858,
      "p90": 97.79102617357707,
      "p95": 147.00135592979314,
      "p99": 210.2948303323937
    },
    "upload_throughput_mbps": {
      "p1": 0.08415377208170073,
      "p5": 0.6222314488095403,
      "p10": 1.1374360190739308,
      "p25": 3.8748510280079844,
      "p50": 9.03886945582762,
      "p75": 16.358046048502803,
      "p90": 23.18304608234935,
      "p95": 32.85352509945291,
      "p99": 79.65908928867671
    },
    "latency_ms": {
      "p1": 199.069,
      "p5": 143.145,
      "p10": 132.781,
      "p25": 120.171,
      "p50": 95.933,
      "p75": 85.265,
      "p90": 79.864,
      "p95": 76.885,
      "p99": 62.654
    },
    "packet_loss": {
      "p1": 0.32678589271805486,
      "p5": 0.24478395533738126,
      "p10": 0.2025332583353467,
      "p25": 0.130633120021559,
      "p50": 0.03714510658462778,
      "p75": 7.017521443859951e-05,
      "p90": 0.0,
      "p95": 0.0,
      "p99": 0.0
    }
  }
}