{
  "metrics": {
    "download_throughput_mbps": {
      "p1": 0.0375835767561859,
      "p5": 0.18846982356760897,
      "p10": 0.33122389895211496,
      "p25": 0.8333563655933633,
      "p50": 1.9213717176689025,
      "p75": 5.960271562112132,
      "p90": 19.193149578526043,
      "p95": 24.604948025162955,
      "p99": 42.74337654140373
    },
    "upload_throughput_mbps": {
      "p1": 0.07074874501854786,
      "p5": 0.29717422296806434,
      "p10": 0.40243667077925027,
      "p25": 0.761075283611412,
      "p50": 1.6265052952037982,
      "p75": 4.74318268563593,
      "p90": 8.597125760957386,
      "p95": 12.309721216426505,
      "p99": 29.569573388124418
    },
    "latency_ms": {
      "p1": 342.4,
      "p5": 232.903,
      "p10": 215.137,
      "p25": 209.397,
      "p50": 197.857,
      "p75": 184.211,
      "p90": 78.157,
      "p95": 77.226,
      "p99": 47.458
    },
    "packet_loss": {
      "p1": 0.4386678950046063,
      "p5": 0.3929578834743702,
      "p10": 0.38354380265587246,
      "p25": 0.3060115167580654,
      "p50": 0.16473861397402947,
      "p75": 0.004214947736497156,
      "p90": 0.0008291723954941265,
      "p95": 0.0,
      "p99": 0.0
    }
  }
}