{
  "metrics": {
    "download_throughput_mbps": {
      "p1": 0.06057908213188677,
      "p5": 0.18087652625129763,
      "p10": 0.2892973395067754,
      "p25": 2.0202362194913364,
      "p50": 4.734994897528771,
      "p75": 13.219640961910033,
      "p90": 31.686309624270088,
      "p95": 41.047045475795635,
      "p99": 54.91481199556349
    },
    "upload_throughput_mbps": {
      "p1": 0.0201752395958409,
      "p5": 0.10675489015065738,
      "p10": 0.1783979383562767,
      "p25": 0.6436104480761097,
      "p50": 1.4224557003763083,
      "p75": 4.522580103893647,
      "p90": 14.304482149151644,
      "p95": 27.321783275215054,
      "p99": 37.143105250642435
    },
    "latency_ms": {
      "p1": 626.691,
      "p5": 292.939,
      "p10": 209.706,
      "p25": 186.254,
      "p50": 173.989,
      "p75": 173.653,
      "p90": 82.049,
      "p95": 77.292,
      "p99": 47.283
    },
    "packet_loss": {
      "p1": 0.3958077356450051,
      "p5": 0.3692382441504765,
      "p10": 0.33095346615635324,
      "p25": 0.2397467418969348,
      "p50": 0.043724957252259174,
      "p75": 0.0004204724087661187,
      "p90": 0.0,
      "p95": 0.0,
      "p99": 0.0
    }
  }
}