{
  "metrics": {
    "download_throughput_mbps": {
      "p1": 0.11314905907826976,
      "p5": 0.7381235823610678,
      "p10": 1.5978985443181082,
      "p25": 7.255651324888063,
      "p50": 21.89242498645031,
      "p75": 80.58650342550646,
      "p90": 167.7938412429104,
      "p95": 176.35810310757896,
      "p99": 181.33775581831847
    },
    "upload_throughput_mbps": {
      "p1": 0.034713554577513024,
      "p5": 0.23161918109092086,
      "p10": 0.3960052783265341,
      "p25": 0.8515246774567886,
      "p50": 6.472451521213307,
      "p75": 28.235738060155587,
      "p90": 189.6823036649424,
      "p95": 202.8222837855337,
      "p99": 209.46074331488987
    },
    "latency_ms": {
      "p1": 416.932,
      "p5": 189.789,
      "p10": 166.517,
      "p25": 143.796,
      "p50": 126.58,
      "p75": 114.765,
      "p90": 107.867,
      "p95": 105.462,
      "p99": 61.932
    },
    "packet_loss": {
      "p1": 0.291946985304853,
      "p5": 0.17743185884124185,
      "p10": 0.13664824656182165,
      "p25": 0.08248702898483416,
      "p50": 0.004017067460297696,
      "p75": 0.0,
      "p90": 0.0,
      "p95": 0.0,
      "p99": 0.0
    }
  }
}