{
  "metrics": {
    "download_throughput_mbps": {
      "p1": 0.06478837657046642,
      "p5": 0.5364978089749651,
      "p10": 1.42034501409634,
      "p25": 5.288660836411882,
      "p50": 12.531770618501291,
      "p75": 39.26471217581859,
      "p90": 94.97806683037454,
      "p95": 129.42841031807723,
      "p99": 182.1298149851379
    },
    "upload_throughput_mbps": {
      "p1": 0.02769567755575904,
      "p5": 0.16322032042687926,
      "p10": 0.4814994664076837,
      "p25": 0.8316704162215965,
      "p50": 4.4198896928059535,
      "p75": 17.776236560612876,
      "p90": 34.854555627165915,
      "p95": 53.59034617834226,
      "p99": 154.53556071217324
    },
    "latency_ms": {
      "p1": 557.809,
      "p5": 174.625,
      "p10": 156.715,
      "p25": 141.586,
      "p50": 127.345,
      "p75": 119.857,
      "p90": 111.508,
      "p95": 107.214,
      "p99": 96.519
    },
    "packet_loss": {
      "p1": 0.28652828652828655,
      "p5": 0.19013901033513478,
      "p10": 0.14915949760568853,
      "p25": 0.09017560837202072,
      "p50": 0.01956168353582791,
      "p75": 5.558948857773271e-05,
      "p90": 0.0,
      "p95": 0.0,
      "p99": 0.0
    }
  }
}