{
  "sample_counts": {
    "downloads": 101931,
    "uploads": 79013
  },
  "metrics": {
    "download_throughput_mbps": {
      "p1": 0.17843440207771288,
      "p5": 0.8495423610142016,
      "p10": 2.3116256399738035,
      "p25": 8.370946054070616,
      "p50": 39.39269163705838,
      "p75": 135.7165190086509,
      "p90": 462.74989558004347,
      "p95": 712.2913439674942,
      "p99": 927.8832817929202
    },
    "upload_throughput_mbps": {
      "p1": 0.036882805353982716,
      "p5": 0.07681168738898402,
      "p10": 0.1485047161203067,
      "p25": 3.076025130294736,
      "p50": 15.944540047160599,
      "p75": 79.75720095310055,
      "p90": 325.64282683580217,
      "p95": 498.7732753292355,
      "p99": 846.2555273567597
    },
    "latency_ms": {
      "p1": 516.392,
      "p5": 338.381,
      "p10": 313.001,
      "p25": 159.687,
      "p50": 8.791,
      "p75": 2.778,
      "p90": 1.045,
      "p95": 0.522,
      "p99": 0.16
    },
    "packet_loss": {
      "p1": 0.36042568365371463,
      "p5": 0.19621316518972132,
      "p10": 0.11356438905662837,
      "p25": 0.017485472794506074,
      "p50": 0.00041556289043115596,
      "p75": 0.0,
      "p90": 0.0,
      "p95": 0.0,
      "p99": 0.0
    }
  }
}