{
  "sample_counts": {
    "downloads": 164431,
    "uploads": 114448
  },
  "metrics": {
    "download_throughput_mbps": {
      "p1": 0.21876448553348624,
      "p5": 0.8975526330374746,
      "p10": 2.1249642916288245,
      "p25": 7.81959608894599,
      "p50": 40.822723825371696,
      "p75": 140.66469837183215,
      "p90": 479.411503098311,
      "p95": 756.0836521065726,
      "p99": 1089.59707502039
    },
    "upload_throughput_mbps": {
      "p1": 0.0458616845577209,
      "p5": 0.08942381772067856,
      "p10": 0.17332841479110578,
      "p25": 3.188496422381841,
      "p50": 20.60318426950585,
      "p75": 80.85714905709264,
      "p90": 385.7648584367965,
      "p95": 559.7092395290614,
      "p99": 918.8760477617982
    },
    "latency_ms": {
      "p1": 428.296,
      "p5": 327.146,
      "p10": 305.736,
      "p25": 153.256,
      "p50": 10.013,
      "p75": 2.693,
      "p90": 1.0,
      "p95": 0.358,
      "p99": 0.113
    },
    "packet_loss": {
      "p1": 0.3497868486391105,
      "p5": 0.1721008861178581,
      "p10": 0.09244431118714616,
      "p25": 0.011599272918458806,
      "p50": 0.00021326352648001225,
      "p75": 0.0,
      "p90": 0.0,
      "p95": 0.0,
      "p99": 0.0
    }
  }
}