{
  "sample_counts": {
    "downloads": 10298,
    "uploads": 8960
  },
  "metrics": {
    "download_throughput_mbps": {
      "p1": 0.17032667767447696,
      "p5": 0.8186143872954068,
      "p10": 2.064009336363849,
      "p25": 7.107063951605697,
      "p50": 20.225642074386847,
      "p75": 44.712074907679266,
      "p90": 88.93073568479339,
      "p95": 142.9762046037652,
      "p99": 195.8231934352131
    },
    "upload_throughput_mbps": {
      "p1": 0.06964931966306818,
      "p5": 0.3640099675338213,
      "p10": 1.0845107154371254,
      "p25": 3.964289257018153,
      "p50": 8.617676791614146,
      "p75": 18.52873539311765,
      "p90": 37.37749221630795,
      "p95": 50.612659760974026,
      "p99": 153.14981691010985
    },
    "latency_ms": {
      "p1": 267.519,
      "p5": 155.79,
      "p10": 140.035,
      "p25": 115.518,
      "p50": 90.232,
      "p75": 76.913,
      "p90": 59.608,
      "p95": 29.0,
      "p99": 26.0
    },
    "packet_loss": {
      "p1": 0.3143465994060918,
      "p5": 0.22652461436570717,
      "p10": 0.17919077020964402,
      "p25": 0.10973272446849874,
      "p50": 0.022048172271413136,
      "p75": 5.692134951823391e-05,
      "p90": 0.0,
      "p95": 0.0,
      "p99": 0.0
    }
  }
}