{
  "metrics": {
    "download_throughput_mbps": {
      "p1": 0.22425663559078257,
      "p5": 1.179862886766293,
      "p10": 2.8716731905820074,
      "p25": 9.473459079447567,
      "p50": 25.505578938014903,
      "p75": 60.309255762358355,
      "p90": 109.7118189962491,
      "p95": 144.1190473904835,
      "p99": 208.3827937144495
    },
    "upload_throughput_mbps": {
      "p1": 0.08304450103979626,
      "p5": 0.464207598309638,
      "p10": 1.0172177928959167,
      "p25": 3.764125085024609,
      "p50": 10.50465597555609,
      "p75": 24.594900014779146,
      "p90": 49.97136727873556,
      "p95": 87.04911558193356,
      "p99": 169.94072906750714
    },
    "latency_ms": {
      "p1": 251.555,
      "p5": 143.744,
      "p10": 131.619,
      "p25": 109.166,
      "p50": 93.884,
      "p75": 78.733,
      "p90": 71.765,
      "p95": 29.411,
      "p99": 24.885
    },
    "packet_loss": {
      "p1": 0.33134095015473664,
      "p5": 0.23200594063292818,
      "p10": 0.18671531326499285,
      "p25": 0.1119898689597442,
      "p50": 0.02811971491637379,
      "p75": 0.00028126648871920477,
      "p90": 0.0,
      "p95": 0.0,
      "p99": 0.0
    }
  }
}