{
  "metrics": {
    "download_throughput_mbps": {
      "p1": 0.17230955328343484,
      "p5": 0.8185180414241549,
      "p10": 2.066175519073989,
      "p25": 7.109208265762249,
      "p50": 20.21801263303404,
      "p75": 44.712074907679266,
      "p90": 88.94981097335449,
      "p95": 142.58015680908335,
      "p99": 196.07991583259758
    },
    "upload_throughput_mbps": {
      "p1": 0.06842739603731396,
      "p5": 0.3637005532226465,
      "p10": 1.0855620930418137,
      "p25": 3.9596573853534838,
      "p50": 8.619039295720848,
      "p75": 18.548918940863224,
      "p90": 37.3107584,
      "p95": 50.74290770230604,
      "p99": 153.41272072848952
    },
    "latency_ms": {
      "p1": 268.661,
      "p5": 155.79,
      "p10": 140.128,
      "p25": 115.518,
      "p50": 90.224,
      "p75": 76.909,
      "p90": 59.608,
      "p95": 28.965,
      "p99": 26.0
    },
    "packet_loss": {
      "p1": 0.3143465994060918,
      "p5": 0.2267125172074392,
      "p10": 0.17919077020964402,
      "p25": 0.10973087901814639,
      "p50": 0.02201411764790354,
      "p75": 5.735377809690899e-05,
      "p90": 0.0,
      "p95": 0.0,
      "p99": 0.0
    }
  }
}