{
  "sample_counts": {
    "downloads": 9000,
    "uploads": 8516
  },
  "metrics": {
    "download_throughput_mbps": {
      "p1": 0.22277162146687204,
      "p5": 1.1754467594739566,
      "p10": 2.863788775641945,
      "p25": 9.49753367153821,
      "p50": 25.449514629391537,
      "p75": 60.290404983289775,
      "p90": 109.47962213192794,
      "p95": 144.1190473904835,
      "p99": 207.98175522006926
    },
    "upload_throughput_mbps": {
      "p1": 0.08304450103979626,
      "p5": 0.464207598309638,
      "p10": 1.0172177928959167,
      "p25": 3.764125085024609,
      "p50": 10.50465597555609,
      "p75": 24.594900014779146,
      "p90": 49.97136727873556,
      "p95": 87.04911558193356,
      "p99": 169.94072906750714
    },
    "latency_ms": {
      "p1": 249.821,
      "p5": 143.744,
      "p10": 131.627,
      "p25": 109.168,
      "p50": 93.873,
      "p75": 78.733,
      "p90": 71.765,
      "p95": 29.411,
      "p99": 24.885
    },
    "packet_loss": {
      "p1": 0.331192975782156,
      "p5": 0.23259712852316913,
      "p10": 0.18671531326499285,
      "p25": 0.1119898689597442,
      "p50": 0.028161009840524807,
      "p75": 0.0002779561268313807,
      "p90": 0.0,
      "p95": 0.0,
      "p99": 0.0
    }
  }
}