{
  "sample_counts": {
    "downloads": 34189,
    "uploads": 33527
  },
  "metrics": {
    "download_throughput_mbps": {
      "p1": 1.9050714651198462,
      "p5": 10.499601012856788,
      "p10": 17.58661260442029,
      "p25": 24.01270279704512,
      "p50": 46.27676233107267,
      "p75": 47.5811217671635,
      "p90": 50.473976421650484,
      "p95": 94.79116062496576,
      "p99": 301.88485769732796
    },
    "upload_throughput_mbps": {
      "p1": 0.3122394116003054,
      "p5": 3.0468543223327083,
      "p10": 11.961105415762866,
      "p25": 18.49064091741508,
      "p50": 19.54180383146789,
      "p75": 20.005545967278792,
      "p90": 20.58122410220908,
      "p95": 47.813762567613686,
      "p99": 134.31995506545138
    },
    "latency_ms": {
      "p1": 65.963,
      "p5": 33.579,
      "p10": 26.0,
      "p25": 11.287,
      "p50": 11.0,
      "p75": 10.645,
      "p90": 10.0,
      "p95": 10.0,
      "p99": 4.719
    },
    "packet_loss": {
      "p1": 0.16297171887378495,
      "p5": 0.1293270739707552,
      "p10": 0.12151926601967653,
      "p25": 0.10576135262024962,
      "p50": 0.0615366513800358,
      "p75": 0.038717316641251776,
      "p90": 0.004445174651423822,
      "p95": 3.2525794568994785e-05,
      "p99": 0.0
    }
  }
}