{
  "sample_counts": {
    "downloads": 51078,
    "uploads": 36623
  },
  "metrics": {
    "download_throughput_mbps": {
      "p1": 0.24469878627284353,
      "p5": 1.2315069144513566,
      "p10": 3.0891990517712764,
      "p25": 10.802900311877567,
      "p50": 35.49735932400619,
      "p75": 101.57945987605919,
      "p90": 256.9305396310826,
      "p95": 322.4815327586798,
      "p99": 695.8441582346633
    },
    "upload_throughput_mbps": {
      "p1": 0.03114696808119714,
      "p5": 0.08307734211219404,
      "p10": 0.34917249588807897,
      "p25": 2.430178115180744,
      "p50": 11.564345307413658,
      "p75": 36.933298681964736,
      "p90": 130.21628853831302,
      "p95": 204.28762373311895,
      "p99": 459.3918400207838
    },
    "latency_ms": {
      "p1": 204.465,
      "p5": 58.218,
      "p10": 45.72,
      "p25": 35.363,
      "p50": 26.488,
      "p75": 19.895,
      "p90": 16.558,
      "p95": 13.195,
      "p99": 9.117
    },
    "packet_loss": {
      "p1": 0.24335042701966042,
      "p5": 0.1322212769881918,
      "p10": 0.08669967113049522,
      "p25": 0.02395895988976195,
      "p50": 0.0006956855954269372,
      "p75": 0.0,
      "p90": 0.0,
      "p95": 0.0,
      "p99": 0.0
    }
  }
}