{
  "sample_counts": {
    "downloads": 53925,
    "uploads": 53617
  },
  "metrics": {
    "download_throughput_mbps": {
      "p1": 0.702515666694085,
      "p5": 5.5840892349784275,
      "p10": 14.124704236131533,
      "p25": 32.63910563307324,
      "p50": 45.052542250892216,
      "p75": 64.93421096127952,
      "p90": 359.3991804318787,
      "p95": 623.1892184676967,
      "p99": 866.9572135283594
    },
    "upload_throughput_mbps": {
      "p1": 0.6926745895067401,
      "p5": 7.158379870672028,
      "p10": 11.62112407306041,
      "p25": 17.649942818367997,
      "p50": 19.540811094892206,
      "p75": 20.648151946293638,
      "p90": 112.08003606114396,
      "p95": 204.48167654450296,
      "p99": 474.59108591743916
    },
    "latency_ms": {
      "p1": 67.947,
      "p5": 31.998,
      "p10": 23.631,
      "p25": 16.398,
      "p50": 15.714,
      "p75": 14.421,
      "p90": 13.491,
      "p95": 11.776,
      "p99": 10.466
    },
    "packet_loss": {
      "p1": 0.29547047020875755,
      "p5": 0.1706680457050764,
      "p10": 0.1303531433785439,
      "p25": 0.05862410983296878,
      "p50": 0.01215955680885914,
      "p75": 0.00032494331701114353,
      "p90": 0.0,
      "p95": 0.0,
      "p99": 0.0
    }
  }
}