{
  "sample_counts": {
    "downloads": 53925,
    "uploads": 53617
  },
  "metrics": {
    "download_throughput_mbps": {
      "p1": 0.6995977206763708,
      "p5": 5.555558385729244,
      "p10": 14.118230105559032,
      "p25": 32.63117917946707,
      "p50": 45.05797424038164,
      "p75": 64.92605550319615,
      "p90": 358.66263007871345,
      "p95": 623.4687424097294,
      "p99": 864.8121210690935
    },
    "upload_throughput_mbps": {
      "p1": 0.7090435415259683,
      "p5": 7.153480180873214,
      "p10": 11.630729995402055,
      "p25": 17.649955172608955,
      "p50": 19.54080530989645,
      "p75": 20.651149990689994,
      "p90": 111.71235135465673,
      "p95": 204.5414827877758,
      "p99": 473.15227525191483
    },
    "latency_ms": {
      "p1": 67.393,
      "p5": 31.963,
      "p10": 23.623,
      "p25": 16.401,
      "p50": 15.713,
      "p75": 14.42,
      "p90": 13.484,
      "p95": 11.774,
      "p99": 10.41
    },
    "packet_loss": {
      "p1": 0.29326983228083575,
      "p5": 0.1708176455498617,
      "p10": 0.1301894952322883,
      "p25": 0.058582261801913074,
      "p50": 0.012165376649032226,
      "p75": 0.00032660047313240746,
      "p90": 0.0,
      "p95": 0.0,
      "p99": 0.0
    }
  }
}