{
  "sample_counts": {
    "downloads": 70072,
    "uploads": 53657
  },
  "metrics": {
    "download_throughput_mbps": {
      "p1": 0.21023564926403482,
      "p5": 1.2068659842335119,
      "p10": 3.5046458801409988,
      "p25": 15.27370000093993,
      "p50": 62.46379487868975,
      "p75": 218.54688390251786,
      "p90": 461.5994779470423,
      "p95": 600.9063751251001,
      "p99": 800.6700302957747
    },
    "upload_throughput_mbps": {
      "p1": 0.06996489856279588,
      "p5": 0.1483316242170856,
      "p10": 1.1958060859211812,
      "p25": 7.041466467057007,
      "p50": 21.941594160696056,
      "p75": 64.46988142045853,
      "p90": 169.45259324007284,
      "p95": 351.4004226569991,
      "p99": 696.5578541247547
    },
    "latency_ms": {
      "p1": 240.641,
      "p5": 61.122,
      "p10": 46.739,
      "p25": 34.457,
      "p50": 26.676,
      "p75": 18.717,
      "p90": 15.097,
      "p95": 13.826,
      "p99": 12.0
    },
    "packet_loss": {
      "p1": 0.23912705574093476,
      "p5": 0.12142810244862325,
      "p10": 0.07852175278502588,
      "p25": 0.027284549245956684,
      "p50": 0.0025199315609496513,
      "p75": 0.0,
      "p90": 0.0,
      "p95": 0.0,
      "p99": 0.0
    }
  }
}