{
  "metrics": {
    "download_throughput_mbps": {
      "p1": 0.6995977206763708,
      "p5": 5.593557307561961,
      "p10": 14.101838122796432,
      "p25": 32.64027651554655,
      "p50": 45.04110724288088,
      "p75": 64.95910789590839,
      "p90": 358.77932589213174,
      "p95": 624.2608334187468,
      "p99": 865.6429515146255
    },
    "upload_throughput_mbps": {
      "p1": 0.6794718496959894,
      "p5": 7.159729067955608,
      "p10": 11.651017293896237,
      "p25": 17.6499357588095,
      "p50": 19.540828757373905,
      "p75": 20.652364588692514,
      "p90": 112.08003606114396,
      "p95": 204.4311070995788,
      "p99": 472.59937050157373
    },
    "latency_ms": {
      "p1": 67.3,
      "p5": 31.968,
      "p10": 23.623,
      "p25": 16.398,
      "p50": 15.712,
      "p75": 14.421,
      "p90": 13.486,
      "p95": 11.77,
      "p99": 10.391
    },
    "packet_loss": {
      "p1": 0.2955022768832554,
      "p5": 0.1708176455498617,
      "p10": 0.13019631824410877,
      "p25": 0.05865320119316977,
      "p50": 0.012177288555860095,
      "p75": 0.0003250897760248377,
      "p90": 0.0,
      "p95": 0.0,
      "p99": 0.0
    }
  }
}