{
  "sample_counts": {
    "downloads": 5039801,
    "uploads": 3530761
  },
  "metrics": {
    "download_throughput_mbps": {
      "p1": 0.1549883284458516,
      "p5": 0.6076939464803757,
      "p10": 1.3956433426508357,
      "p25": 4.807258529958525,
      "p50": 14.756344522852268,
      "p75": 37.437805610208464,
      "p90": 77.23310465146984,
      "p95": 102.64029050774786,
      "p99": 253.76765827712055
    },
    "upload_throughput_mbps": {
      "p1": 0.034378479452636945,
      "p5": 0.08183724809983317,
      "p10": 0.08968998918514601,
      "p25": 1.6587036347980395,
      "p50": 9.155550826720575,
      "p75": 24.609555123559012,
      "p90": 47.36498035611,
      "p95": 76.80745595153631,
      "p99": 180.50656558949507
    },
    "latency_ms": {
      "p1": 199.634,
      "p5": 64.809,
      "p10": 42.091,
      "p25": 27.662,
      "p50": 15.813,
      "p75": 8.19,
      "p90": 4.821,
      "p95": 3.483,
      "p99": 1.551
    },
    "packet_loss": {
      "p1": 0.37688613140672406,
      "p5": 0.23936097176462895,
      "p10": 0.17245717263460428,
      "p25": 0.09194101832820187,
      "p50": 0.016568466457864407,
      "p75": 9.316596378492584e-05,
      "p90": 0.0,
      "p95": 0.0,
      "p99": 0.0
    }
  }
}