{
  "sample_counts": {
    "downloads": 6294859,
    "uploads": 4456119
  },
  "metrics": {
    "download_throughput_mbps": {
      "p1": 0.13763142809612966,
      "p5": 0.509700114827028,
      "p10": 1.1220371687162722,
      "p25": 3.8124870731126905,
      "p50": 11.194043888119909,
      "p75": 28.397824285004145,
      "p90": 54.20593398114484,
      "p95": 83.5455257167228,
      "p99": 191.2981494037012
    },
    "upload_throughput_mbps": {
      "p1": 0.027790560817101205,
      "p5": 0.07501479492010743,
      "p10": 0.07643196946337107,
      "p25": 1.076870646531345,
      "p50": 6.419013437345818,
      "p75": 16.433425379613407,
      "p90": 34.35009572959794,
      "p95": 51.15496997135434,
      "p99": 116.53273414519447
    },
    "latency_ms": {
      "p1": 225.841,
      "p5": 78.951,
      "p10": 51.753,
      "p25": 31.977,
      "p50": 19.353,
      "p75": 11.937,
      "p90": 4.873,
      "p95": 3.041,
      "p99": 1.326
    },
    "packet_loss": {
      "p1": 0.3772685081458247,
      "p5": 0.2460139738801205,
      "p10": 0.18152164189468373,
      "p25": 0.09707811754771417,
      "p50": 0.01783991435954652,
      "p75": 0.00012361093121401748,
      "p90": 0.0,
      "p95": 0.0,
      "p99": 0.0
    }
  }
}