{
  "metrics": {
    "download_throughput_mbps": {
      "p1": 0.13645950224701958,
      "p5": 0.5099610118204574,
      "p10": 1.1239217686332403,
      "p25": 3.8107962291037736,
      "p50": 11.1866028848057,
      "p75": 28.42842891930204,
      "p90": 54.23140059292616,
      "p95": 83.56396527487657,
      "p99": 189.39122688951264
    },
    "upload_throughput_mbps": {
      "p1": 0.02734370158002803,
      "p5": 0.07502100121262567,
      "p10": 0.07643358213171332,
      "p25": 1.0784826460436083,
      "p50": 6.411244313584159,
      "p75": 16.43277753444493,
      "p90": 34.37014986805583,
      "p95": 50.88787350889187,
      "p99": 116.87257397484885
    },
    "latency_ms": {
      "p1": 222.366,
      "p5": 78.76,
      "p10": 51.73,
      "p25": 31.972,
      "p50": 19.355,
      "p75": 11.94,
      "p90": 4.874,
      "p95": 3.042,
      "p99": 1.334
    },
    "packet_loss": {
      "p1": 0.37734860769494344,
      "p5": 0.24559592765224858,
      "p10": 0.18140537188952277,
      "p25": 0.09715956410541828,
      "p50": 0.017868658998968088,
      "p75": 0.00012390071117952245,
      "p90": 0.0,
      "p95": 0.0,
      "p99": 0.0
    }
  }
}