{
  "sample_counts": {
    "downloads": 660361,
    "uploads": 445521
  },
  "metrics": {
    "download_throughput_mbps": {
      "p1": 0.2585138957668405,
      "p5": 1.355518308538301,
      "p10": 3.3427746425461455,
      "p25": 13.70315731713118,
      "p50": 49.441637742424625,
      "p75": 157.93790475961913,
      "p90": 391.3412648465856,
      "p95": 487.81011308730535,
      "p99": 799.0962042075915
    },
    "upload_throughput_mbps": {
      "p1": 0.04866729618054802,
      "p5": 0.07554669383715129,
      "p10": 0.12116921225852077,
      "p25": 3.800173089701163,
      "p50": 18.73542844114859,
      "p75": 49.34782162177351,
      "p90": 88.84247435612309,
      "p95": 100.61684121853376,
      "p99": 195.30135128716515
    },
    "latency_ms": {
      "p1": 210.97,
      "p5": 45.097,
      "p10": 30.379,
      "p25": 19.476,
      "p50": 9.924,
      "p75": 5.996,
      "p90": 3.251,
      "p95": 1.024,
      "p99": 0.331
    },
    "packet_loss": {
      "p1": 0.18528917686585072,
      "p5": 0.08529467155201295,
      "p10": 0.04680675541860629,
      "p25": 0.008297269455705232,
      "p50": 0.00044222372272186537,
      "p75": 0.0,
      "p90": 0.0,
      "p95": 0.0,
      "p99": 0.0
    }
  }
}