{
  "sample_counts": {
    "downloads": 635309,
    "uploads": 420198
  },
  "metrics": {
    "download_throughput_mbps": {
      "p1": 0.2661008802313443,
      "p5": 1.419632850069229,
      "p10": 3.706277929470337,
      "p25": 16.707929869248836,
      "p50": 62.747059068803196,
      "p75": 201.52551378964375,
      "p90": 437.60310813930676,
      "p95": 536.5480422994265,
      "p99": 881.9803723243489
    },
    "upload_throughput_mbps": {
      "p1": 0.05067741545181196,
      "p5": 0.08311479693339391,
      "p10": 0.18498221959423616,
      "p25": 5.202824905761809,
      "p50": 23.32527541230096,
      "p75": 50.6841582667429,
      "p90": 98.60305248931628,
      "p95": 107.3104551061253,
      "p99": 282.9568681088346
    },
    "latency_ms": {
      "p1": 209.11,
      "p5": 43.762,
      "p10": 30.401,
      "p25": 19.911,
      "p50": 10.083,
      "p75": 6.117,
      "p90": 3.591,
      "p95": 1.275,
      "p99": 0.325
    },
    "packet_loss": {
      "p1": 0.19738177736761237,
      "p5": 0.08993362891974836,
      "p10": 0.04751383626127021,
      "p25": 0.008235033794794818,
      "p50": 0.0003747827527764837,
      "p75": 0.0,
      "p90": 0.0,
      "p95": 0.0,
      "p99": 0.0
    }
  }
}