{
  "sample_counts": {
    "downloads": 66264,
    "uploads": 47938
  },
  "metrics": {
    "download_throughput_mbps": {
      "p1": 0.18816660783508588,
      "p5": 0.9513404900737324,
      "p10": 2.619231683798582,
      "p25": 15.547091454195499,
      "p50": 77.86041038536622,
      "p75": 284.9020343884729,
      "p90": 573.1062581817017,
      "p95": 766.9547077992856,
      "p99": 927.5551458872537
    },
    "upload_throughput_mbps": {
      "p1": 0.044088650098589664,
      "p5": 0.0899189549892263,
      "p10": 0.41241393793031034,
      "p25": 4.686181332332277,
      "p50": 32.174290044483094,
      "p75": 89.2594752046649,
      "p90": 102.52009631342843,
      "p95": 212.42073622299282,
      "p99": 479.9896699109357
    },
    "latency_ms": {
      "p1": 263.286,
      "p5": 112.001,
      "p10": 61.87,
      "p25": 19.298,
      "p50": 8.869,
      "p75": 5.724,
      "p90": 4.0,
      "p95": 3.159,
      "p99": 2.114
    },
    "packet_loss": {
      "p1": 0.23242906496007248,
      "p5": 0.11417135196569246,
      "p10": 0.07819825322045276,
      "p25": 0.022696472796642202,
      "p50": 0.0014477085513594345,
      "p75": 0.0,
      "p90": 0.0,
      "p95": 0.0,
      "p99": 0.0
    }
  }
}