{
  "sample_counts": {
    "downloads": 35772,
    "uploads": 29710
  },
  "metrics": {
    "download_throughput_mbps": {
      "p1": 0.16737295208595715,
      "p5": 1.1275878940691866,
      "p10": 3.13110020642802,
      "p25": 19.270602120527094,
      "p50": 79.1124245902543,
      "p75": 244.84121422130792,
      "p90": 534.7702200792505,
      "p95": 751.2103683326059,
      "p99": 911.1010792914693
    },
    "upload_throughput_mbps": {
      "p1": 0.049064510519387934,
      "p5": 0.1902569187588573,
      "p10": 1.0907377459343113,
      "p25": 4.820813870453881,
      "p50": 31.566363005465902,
      "p75": 87.72345459952676,
      "p90": 114.02249740430169,
      "p95": 217.73630510359575,
      "p99": 507.80711180399067
    },
    "latency_ms": {
      "p1": 269.0,
      "p5": 116.58,
      "p10": 100.889,
      "p25": 23.672,
      "p50": 9.909,
      "p75": 6.0,
      "p90": 4.0,
      "p95": 3.0,
      "p99": 2.0
    },
    "packet_loss": {
      "p1": 0.2190105359596885,
      "p5": 0.1066837426097617,
      "p10": 0.07337680471504418,
      "p25": 0.02205311261889597,
      "p50": 0.001618449255427556,
      "p75": 0.0,
      "p90": 0.0,
      "p95": 0.0,
      "p99": 0.0
    }
  }
}