{
  "sample_counts": {
    "downloads": 35772,
    "uploads": 29710
  },
  "metrics": {
    "download_throughput_mbps": {
      "p1": 0.16406776749164295,
      "p5": 1.1349534404714912,
      "p10": 3.131209283838833,
      "p25": 19.258228740961446,
      "p50": 79.16067592978206,
      "p75": 244.45594652712816,
      "p90": 536.1795403219476,
      "p95": 751.4667878186093,
      "p99": 910.4461266345015
    },
    "upload_throughput_mbps": {
      "p1": 0.04911773076083885,
      "p5": 0.1869805220290207,
      "p10": 1.0904931658189527,
      "p25": 4.825504312032242,
      "p50": 31.54137306567336,
      "p75": 87.72345459952676,
      "p90": 114.13888186172528,
      "p95": 217.49005911128393,
      "p99": 508.3785711278601
    },
    "latency_ms": {
      "p1": 269.588,
      "p5": 116.829,
      "p10": 100.889,
      "p25": 23.689,
      "p50": 9.899,
      "p75": 6.0,
      "p90": 4.0,
      "p95": 3.0,
      "p99": 2.0
    },
    "packet_loss": {
      "p1": 0.22274807235538252,
      "p5": 0.10706836306786421,
      "p10": 0.07330539025310624,
      "p25": 0.021967685758350387,
      "p50": 0.0016179243383827523,
      "p75": 0.0,
      "p90": 0.0,
      "p95": 0.0,
      "p99": 0.0
    }
  }
}