{
  "sample_counts": {
    "downloads": 66264,
    "uploads": 47938
  },
  "metrics": {
    "download_throughput_mbps": {
      "p1": 0.18868853494451795,
      "p5": 0.9469909047410243,
      "p10": 2.6253123482005245,
      "p25": 15.54214547451301,
      "p50": 77.87263252976659,
      "p75": 285.3603959851911,
      "p90": 573.1982353715208,
      "p95": 766.8588469216699,
      "p99": 927.0366902012437
    },
    "upload_throughput_mbps": {
      "p1": 0.04362290772651823,
      "p5": 0.08989743774863224,
      "p10": 0.41148896142510977,
      "p25": 4.672019148616173,
      "p50": 32.174290044483094,
      "p75": 89.2782338270025,
      "p90": 102.54613301322901,
      "p95": 212.83238403799967,
      "p99": 484.0539485194677
    },
    "latency_ms": {
      "p1": 264.036,
      "p5": 111.915,
      "p10": 62.423,
      "p25": 19.295,
      "p50": 8.865,
      "p75": 5.72,
      "p90": 4.0,
      "p95": 3.15,
      "p99": 2.129
    },
    "packet_loss": {
      "p1": 0.23151387350982372,
      "p5": 0.11405031874611547,
      "p10": 0.07807024448764409,
      "p25": 0.02272951602500589,
      "p50": 0.0014482096468163201,
      "p75": 0.0,
      "p90": 0.0,
      "p95": 0.0,
      "p99": 0.0
    }
  }
}