{
  "metrics": {
    "download_throughput_mbps": {
      "p1": 0.1619186692163251,
      "p5": 1.1263534100442607,
      "p10": 3.14125957165602,
      "p25": 19.214228229061938,
      "p50": 79.15033665878804,
      "p75": 244.26254185840529,
      "p90": 532.6994724130072,
      "p95": 752.0751138072081,
      "p99": 908.9568539702917
    },
    "upload_throughput_mbps": {
      "p1": 0.04911773076083885,
      "p5": 0.1902569187588573,
      "p10": 1.091175228565803,
      "p25": 4.8289140627577956,
      "p50": 31.469022870893923,
      "p75": 87.74683186333445,
      "p90": 113.39340539220672,
      "p95": 217.65401274598725,
      "p99": 508.36718262421044
    },
    "latency_ms": {
      "p1": 269.62,
      "p5": 116.695,
      "p10": 100.925,
      "p25": 23.685,
      "p50": 9.907,
      "p75": 6.0,
      "p90": 4.0,
      "p95": 3.0,
      "p99": 2.0
    },
    "packet_loss": {
      "p1": 0.21909009348710815,
      "p5": 0.10697926481881907,
      "p10": 0.07337680471504418,
      "p25": 0.022077023342523584,
      "p50": 0.0016088698089524235,
      "p75": 0.0,
      "p90": 0.0,
      "p95": 0.0,
      "p99": 0.0
    }
  }
}