{
  "metrics": {
    "download_throughput_mbps": {
      "p1": 0.35283525562217305,
      "p5": 2.29739602871094,
      "p10": 6.449190326943377,
      "p25": 28.782070916104274,
      "p50": 89.81595778114684,
      "p75": 180.86622167325,
      "p90": 362.1229617084823,
      "p95": 631.5408250786869,
      "p99": 706.3899506106078
    },
    "upload_throughput_mbps": {
      "p1": 0.02930110481132869,
      "p5": 0.0894457073348488,
      "p10": 0.9271731169905928,
      "p25": 7.732999039761428,
      "p50": 20.187664606014522,
      "p75": 83.20329417312828,
      "p90": 164.54452593080146,
      "p95": 181.24352447874682,
      "p99": 190.9657183028451
    },
    "latency_ms": {
      "p1": 295.769,
      "p5": 138.954,
      "p10": 74.453,
      "p25": 29.909,
      "p50": 22.886,
      "p75": 19.611,
      "p90": 12.0,
      "p95": 10.0,
      "p99": 7.579
    },
    "packet_loss": {
      "p1": 0.29569850793116553,
      "p5": 0.16507986094166052,
      "p10": 0.10595064690704026,
      "p25": 0.05401298287112806,
      "p50": 0.008027672751162972,
      "p75": 0.00014261093745864028,
      "p90": 0.0,
      "p95": 0.0,
      "p99": 0.0
    }
  }
}