{
  "metrics": {
    "download_throughput_mbps": {
      "p1": 0.5251561947058841,
      "p5": 2.8180382092893366,
      "p10": 6.71873866971316,
      "p25": 35.43308233655594,
      "p50": 90.84078078248038,
      "p75": 195.23852331274125,
      "p90": 351.23605179215565,
      "p95": 435.91018586038393,
      "p99": 654.4821827188873
    },
    "upload_throughput_mbps": {
      "p1": 0.06129168449134226,
      "p5": 0.08978197092745704,
      "p10": 0.4537758016932363,
      "p25": 5.05196834393872,
      "p50": 18.823292914078053,
      "p75": 48.4105687406718,
      "p90": 155.58499738100366,
      "p95": 159.76538996839838,
      "p99": 268.89404943163873
    },
    "latency_ms": {
      "p1": 255.053,
      "p5": 144.412,
      "p10": 74.23,
      "p25": 29.0,
      "p50": 21.034,
      "p75": 13.0,
      "p90": 10.689,
      "p95": 10.673,
      "p99": 1.263
    },
    "packet_loss": {
      "p1": 0.2714550377994723,
      "p5": 0.14353014189398855,
      "p10": 0.07336401780667326,
      "p25": 0.015318580963269327,
      "p50": 0.001069927252347523,
      "p75": 5.578674629158494e-05,
      "p90": 1.249796962238296e-05,
      "p95": 0.0,
      "p99": 0.0
    }
  }
}