{
  "sample_counts": {
    "downloads": 22509046,
    "uploads": 14098501
  },
  "metrics": {
    "download_throughput_mbps": {
      "p1": 0.16562385532875995,
      "p5": 0.7415045443556989,
      "p10": 1.8810402665274861,
      "p25": 8.477964170476685,
      "p50": 29.901549879694468,
      "p75": 88.78715703614711,
      "p90": 196.78596718703267,
      "p95": 266.33417435929834,
      "p99": 425.4224778040224
    },
    "upload_throughput_mbps": {
      "p1": 0.02540794664331205,
      "p5": 0.07633107048908654,
      "p10": 0.08310502657531663,
      "p25": 0.6344470504005012,
      "p50": 9.003931190565142,
      "p75": 32.48279857236186,
      "p90": 80.33621929393948,
      "p95": 109.99469664189652,
      "p99": 242.00640496477268
    },
    "latency_ms": {
      "p1": 281.438,
      "p5": 97.322,
      "p10": 69.801,
      "p25": 44.259,
      "p50": 25.442,
      "p75": 12.468,
      "p90": 5.162,
      "p95": 3.384,
      "p99": 1.187
    },
    "packet_loss": {
      "p1": 0.3245548097966239,
      "p5": 0.18642890938023643,
      "p10": 0.13626368330049943,
      "p25": 0.06677877337179132,
      "p50": 0.003928585573828682,
      "p75": 0.0,
      "p90": 0.0,
      "p95": 0.0,
      "p99": 0.0
    }
  }
}