{
  "sample_counts": {
    "downloads": 40320444,
    "uploads": 25755380
  },
  "metrics": {
    "download_throughput_mbps": {
      "p1": 0.16163971133502547,
      "p5": 0.6808306733730289,
      "p10": 1.7580512108636983,
      "p25": 7.733505985053844,
      "p50": 27.98743285285307,
      "p75": 81.63111900535986,
      "p90": 191.5070224985955,
      "p95": 261.0302859696577,
      "p99": 410.49448368834595
    },
    "upload_throughput_mbps": {
      "p1": 0.023788452688590745,
      "p5": 0.06973073342619192,
      "p10": 0.07564735699746553,
      "p25": 0.6021041558127279,
      "p50": 8.787357897644105,
      "p75": 31.359086925197204,
      "p90": 71.1351553275974,
      "p95": 98.92243633492781,
      "p99": 217.25600489887276
    },
    "latency_ms": {
      "p1": 284.935,
      "p5": 130.593,
      "p10": 87.832,
      "p25": 62.975,
      "p50": 37.791,
      "p75": 18.5,
      "p90": 8.175,
      "p95": 4.676,
      "p99": 1.55
    },
    "packet_loss": {
      "p1": 0.3408954063671784,
      "p5": 0.20282914515176229,
      "p10": 0.1489126457351124,
      "p25": 0.0739100500992217,
      "p50": 0.005412304884475702,
      "p75": 0.0,
      "p90": 0.0,
      "p95": 0.0,
      "p99": 0.0
    }
  }
}