{
  "metrics": {
    "download_throughput_mbps": {
      "p1": 0.27820901645277024,
      "p5": 0.27820901645277024,
      "p10": 0.27820901645277024,
      "p25": 0.684430011917632,
      "p50": 5.242294491246417,
      "p75": 7.534042827739152,
      "p90": 7.980463650326379,
      "p95": 7.980463650326379,
      "p99": 7.980463650326379
    },
    "upload_throughput_mbps": {
      "p1": 0.08068412032102137,
      "p5": 0.08068412032102137,
      "p10": 0.08068412032102137,
      "p25": 0.17412090064796848,
      "p50": 0.5293406261330835,
      "p75": 0.7881267324514913,
      "p90": 0.9479499394041205,
      "p95": 0.9479499394041205,
      "p99": 0.9479499394041205
    },
    "latency_ms": {
      "p1": 661.89,
      "p5": 661.89,
      "p10": 661.89,
      "p25": 369.359,
      "p50": 260.236,
      "p75": 228.215,
      "p90": 226.0,
      "p95": 226.0,
      "p99": 226.0
    },
    "packet_loss": {
      "p1": 0.26380245457077783,
      "p5": 0.26380245457077783,
      "p10": 0.26380245457077783,
      "p25": 0.2502533149161495,
      "p50": 0.11191532921699059,
      "p75": 0.0014163978133780162,
      "p90": 0.0,
      "p95": 0.0,
      "p99": 0.0
    }
  }
}