{
  "metrics": {
    "download_throughput_mbps": {
      "p1": 0.07039143489600456,
      "p5": 0.24887998875988523,
      "p10": 0.5331015029866206,
      "p25": 1.6973072455110496,
      "p50": 6.005490059027429,
      "p75": 22.740645972952173,
      "p90": 38.205490963204106,
      "p95": 52.918813044280775,
      "p99": 92.13365970203223
    },
    "upload_throughput_mbps": {
      "p1": 0.03337675169981647,
      "p5": 0.24533967529066472,
      "p10": 0.6265839771370517,
      "p25": 2.3391258655075404,
      "p50": 8.094504229688669,
      "p75": 19.76259749695539,
      "p90": 31.551769077598145,
      "p95": 44.0419885144781,
      "p99": 84.6357564826211
    },
    "latency_ms": {
      "p1": 322.879,
      "p5": 195.354,
      "p10": 154.929,
      "p25": 131.814,
      "p50": 122.0,
      "p75": 113.227,
      "p90": 107.481,
      "p95": 102.695,
      "p99": 53.0
    },
    "packet_loss": {
      "p1": 0.424570814165505,
      "p5": 0.34744879018739566,
      "p10": 0.3002012287314872,
      "p25": 0.20880709248588314,
      "p50": 0.10212074525934806,
      "p75": 0.02024439899613686,
      "p90": 9.993169668531558e-06,
      "p95": 0.0,
      "p99": 0.0
    }
  }
}