{
  "metrics": {
    "download_throughput_mbps": {
      "p1": 0.10338100967241273,
      "p5": 0.3347718238292203,
      "p10": 0.7013503836750605,
      "p25": 2.086736157539436,
      "p50": 8.507643891951185,
      "p75": 27.533651676608248,
      "p90": 43.66838878346768,
      "p95": 53.07661759063347,
      "p99": 91.84431966762547
    },
    "upload_throughput_mbps": {
      "p1": 0.06329874133275097,
      "p5": 0.29536158635458587,
      "p10": 0.7331317333396264,
      "p25": 2.846648264830443,
      "p50": 10.947718560647953,
      "p75": 25.432667579020475,
      "p90": 44.09674717198105,
      "p95": 50.968919287824924,
      "p99": 86.14632941502813
    },
    "latency_ms": {
      "p1": 302.102,
      "p5": 187.903,
      "p10": 180.377,
      "p25": 158.16,
      "p50": 130.617,
      "p75": 116.377,
      "p90": 106.34,
      "p95": 67.047,
      "p99": 53.277
    },
    "packet_loss": {
      "p1": 0.4123609708303345,
      "p5": 0.33360916427586523,
      "p10": 0.2846199940305445,
      "p25": 0.1871959263486836,
      "p50": 0.1006566392805393,
      "p75": 0.0248989512309234,
      "p90": 3.1912986341559164e-05,
      "p95": 0.0,
      "p99": 0.0
    }
  }
}