{
  "sample_counts": {
    "downloads": 42867,
    "uploads": 32287
  },
  "metrics": {
    "download_throughput_mbps": {
      "p1": 0.07022919767725258,
      "p5": 0.25025857329437184,
      "p10": 0.5330196184271957,
      "p25": 1.698929098726008,
      "p50": 6.008735591129298,
      "p75": 22.723898588671382,
      "p90": 38.15243087165793,
      "p95": 52.92302960209159,
      "p99": 92.10779945771492
    },
    "upload_throughput_mbps": {
      "p1": 0.03311669637775384,
      "p5": 0.24533967529066472,
      "p10": 0.6250687808076274,
      "p25": 2.339597050300577,
      "p50": 8.087290675188294,
      "p75": 19.759876236863892,
      "p90": 31.553501052561685,
      "p95": 44.06330008982956,
      "p99": 84.67474576623393
    },
    "latency_ms": {
      "p1": 321.387,
      "p5": 195.522,
      "p10": 154.724,
      "p25": 131.806,
      "p50": 122.0,
      "p75": 113.223,
      "p90": 107.456,
      "p95": 102.739,
      "p99": 52.915
    },
    "packet_loss": {
      "p1": 0.42598062841062795,
      "p5": 0.34722941943784286,
      "p10": 0.3002874461557189,
      "p25": 0.208747462809675,
      "p50": 0.10214029583696922,
      "p75": 0.02015624934610866,
      "p90": 2.9310565480774994e-06,
      "p95": 0.0,
      "p99": 0.0
    }
  }
}