{
  "sample_counts": {
    "downloads": 38880,
    "uploads": 31078
  },
  "metrics": {
    "download_throughput_mbps": {
      "p1": 0.10171306371865842,
      "p5": 0.3354216276306206,
      "p10": 0.7032213457321271,
      "p25": 2.086736157539436,
      "p50": 8.50803060014795,
      "p75": 27.570269182483013,
      "p90": 43.688251772614905,
      "p95": 53.00772461363433,
      "p99": 92.21368374729406
    },
    "upload_throughput_mbps": {
      "p1": 0.06329874133275097,
      "p5": 0.29536158635458587,
      "p10": 0.7331317333396264,
      "p25": 2.846648264830443,
      "p50": 10.947718560647953,
      "p75": 25.432667579020475,
      "p90": 44.09674717198105,
      "p95": 50.968919287824924,
      "p99": 86.14632941502813
    },
    "latency_ms": {
      "p1": 300.0,
      "p5": 187.865,
      "p10": 180.352,
      "p25": 158.183,
      "p50": 130.623,
      "p75": 116.381,
      "p90": 106.339,
      "p95": 67.0,
      "p99": 53.164
    },
    "packet_loss": {
      "p1": 0.41326606920647074,
      "p5": 0.3332889994759019,
      "p10": 0.28489795084206826,
      "p25": 0.18721304061034585,
      "p50": 0.1006558191942241,
      "p75": 0.024897374857528853,
      "p90": 3.0415465018917852e-05,
      "p95": 0.0,
      "p99": 0.0
    }
  }
}