{
  "sample_counts": {
    "downloads": 6747,
    "uploads": 5048
  },
  "metrics": {
    "download_throughput_mbps": {
      "p1": 0.14142362354021148,
      "p5": 0.6352305362139335,
      "p10": 1.27401826777014,
      "p25": 3.7975611565790164,
      "p50": 9.240481488699738,
      "p75": 23.65115016537111,
      "p90": 47.837985846961345,
      "p95": 66.59591998842504,
      "p99": 98.03602901648577
    },
    "upload_throughput_mbps": {
      "p1": 0.02353676629836475,
      "p5": 0.11438242219952904,
      "p10": 0.21107954000038398,
      "p25": 0.49395337693533636,
      "p50": 1.7096565258586853,
      "p75": 8.454907612315612,
      "p90": 20.948116732603527,
      "p95": 29.397475251450384,
      "p99": 88.04518163248245
    },
    "latency_ms": {
      "p1": 402.379,
      "p5": 254.122,
      "p10": 236.484,
      "p25": 220.557,
      "p50": 208.005,
      "p75": 197.136,
      "p90": 185.27,
      "p95": 139.997,
      "p99": 97.672
    },
    "packet_loss": {
      "p1": 0.3111212906636456,
      "p5": 0.18781964538474638,
      "p10": 0.13033190657979687,
      "p25": 0.05282823040996367,
      "p50": 0.004264776933597652,
      "p75": 0.000178343634776906,
      "p90": 0.0,
      "p95": 0.0,
      "p99": 0.0
    }
  }
}