{
  "sample_counts": {
    "downloads": 6747,
    "uploads": 5048
  },
  "metrics": {
    "download_throughput_mbps": {
      "p1": 0.14186115948846983,
      "p5": 0.6352305362139335,
      "p10": 1.27401826777014,
      "p25": 3.7995356231000934,
      "p50": 9.235704895226206,
      "p75": 23.65115016537111,
      "p90": 47.837985846961345,
      "p95": 66.59591998842504,
      "p99": 98.03602901648577
    },
    "upload_throughput_mbps": {
      "p1": 0.024523131881131408,
      "p5": 0.11438242219952904,
      "p10": 0.21107954000038398,
      "p25": 0.49395337693533636,
      "p50": 1.7096565258586853,
      "p75": 8.449618520757715,
      "p90": 20.94257356674911,
      "p95": 29.397475251450384,
      "p99": 87.89303880749833
    },
    "latency_ms": {
      "p1": 399.0,
      "p5": 254.122,
      "p10": 236.484,
      "p25": 220.554,
      "p50": 208.005,
      "p75": 197.13,
      "p90": 185.27,
      "p95": 139.997,
      "p99": 97.716
    },
    "packet_loss": {
      "p1": 0.31021877244932583,
      "p5": 0.18781964538474638,
      "p10": 0.13011257847279925,
      "p25": 0.052857414087715965,
      "p50": 0.004264776933597652,
      "p75": 0.0001769599880462763,
      "p90": 0.0,
      "p95": 0.0,
      "p99": 0.0
    }
  }
}