{
  "metrics": {
    "download_throughput_mbps": {
      "p1": 0.14142362354021148,
      "p5": 0.6346385438983448,
      "p10": 1.27401826777014,
      "p25": 3.7995356231000934,
      "p50": 9.240481488699738,
      "p75": 23.65115016537111,
      "p90": 47.837985846961345,
      "p95": 66.59591998842504,
      "p99": 97.43877597758362
    },
    "upload_throughput_mbps": {
      "p1": 0.02353676629836475,
      "p5": 0.11438242219952904,
      "p10": 0.21107954000038398,
      "p25": 0.49395337693533636,
      "p50": 1.7096565258586853,
      "p75": 8.454907612315612,
      "p90": 20.948116732603527,
      "p95": 29.397475251450384,
      "p99": 88.04518163248245
    },
    "latency_ms": {
      "p1": 399.0,
      "p5": 254.122,
      "p10": 236.505,
      "p25": 220.554,
      "p50": 208.005,
      "p75": 197.136,
      "p90": 185.265,
      "p95": 139.997,
      "p99": 97.716
    },
    "packet_loss": {
      "p1": 0.3111212906636456,
      "p5": 0.18781964538474638,
      "p10": 0.13033190657979687,
      "p25": 0.05282823040996367,
      "p50": 0.00425329000209753,
      "p75": 0.000178343634776906,
      "p90": 0.0,
      "p95": 0.0,
      "p99": 0.0
    }
  }
}