{
  "sample_counts": {
    "downloads": 4126927,
    "uploads": 2675512
  },
  "metrics": {
    "download_throughput_mbps": {
      "p1": 0.24961407055930826,
      "p5": 1.283601933200381,
      "p10": 3.2158957705876086,
      "p25": 12.374242512567005,
      "p50": 37.743740624817576,
      "p75": 100.21535528421053,
      "p90": 277.73256984526824,
      "p95": 438.9944932543834,
      "p99": 794.9916554199702
    },
    "upload_throughput_mbps": {
      "p1": 0.04327884812394961,
      "p5": 0.08320707414121084,
      "p10": 0.24619964196866437,
      "p25": 2.7866290294339784,
      "p50": 12.513419221755269,
      "p75": 38.05912625809698,
      "p90": 171.70102936702997,
      "p95": 280.6473034821572,
      "p99": 595.9204334698135
    },
    "latency_ms": {
      "p1": 231.15,
      "p5": 88.924,
      "p10": 69.927,
      "p25": 48.772,
      "p50": 29.918,
      "p75": 16.831,
      "p90": 8.232,
      "p95": 5.0,
      "p99": 0.594
    },
    "packet_loss": {
      "p1": 0.24847079294589863,
      "p5": 0.12831076644658,
      "p10": 0.07712218242523676,
      "p25": 0.01566511086815574,
      "p50": 0.0002558330899100575,
      "p75": 0.0,
      "p90": 0.0,
      "p95": 0.0,
      "p99": 0.0
    }
  }
}