{
  "sample_counts": {
    "downloads": 4300604,
    "uploads": 2779684
  },
  "metrics": {
    "download_throughput_mbps": {
      "p1": 0.21360363966641413,
      "p5": 1.0364489846384732,
      "p10": 2.588406218337002,
      "p25": 10.195656332577506,
      "p50": 31.158579790364605,
      "p75": 83.39297118275123,
      "p90": 223.11431055568752,
      "p95": 364.283757783464,
      "p99": 742.1841674915156
    },
    "upload_throughput_mbps": {
      "p1": 0.03820160029244938,
      "p5": 0.07552255050606564,
      "p10": 0.15528880367725487,
      "p25": 2.102981465560084,
      "p50": 10.05278702284939,
      "p75": 27.910842830368942,
      "p90": 111.66111879579374,
      "p95": 244.19940019025674,
      "p99": 479.1018261368594
    },
    "latency_ms": {
      "p1": 231.636,
      "p5": 89.111,
      "p10": 70.74,
      "p25": 50.676,
      "p50": 33.033,
      "p75": 17.0,
      "p90": 8.569,
      "p95": 5.1,
      "p99": 0.748
    },
    "packet_loss": {
      "p1": 0.2644215863185198,
      "p5": 0.13479079365453076,
      "p10": 0.08344925642814284,
      "p25": 0.020367657488234173,
      "p50": 0.00043987857139022614,
      "p75": 0.0,
      "p90": 0.0,
      "p95": 0.0,
      "p99": 0.0
    }
  }
}