{
  "metrics": {
    "download_throughput_mbps": {
      "p1": 0.2160910708083955,
      "p5": 1.0276918493135785,
      "p10": 2.613804693605778,
      "p25": 10.19652446193663,
      "p50": 31.153602215311096,
      "p75": 83.47325253330897,
      "p90": 222.56829216760113,
      "p95": 364.324968505281,
      "p99": 741.3041178871175
    },
    "upload_throughput_mbps": {
      "p1": 0.037331496024803665,
      "p5": 0.0755206669432398,
      "p10": 0.15545888069605898,
      "p25": 2.1133283568881183,
      "p50": 10.05777669424671,
      "p75": 27.996604245173497,
      "p90": 111.35680483736306,
      "p95": 244.4760471257591,
      "p99": 476.39544668136597
    },
    "latency_ms": {
      "p1": 228.055,
      "p5": 89.027,
      "p10": 70.73,
      "p25": 50.693,
      "p50": 33.025,
      "p75": 17.02,
      "p90": 8.568,
      "p95": 5.109,
      "p99": 0.743
    },
    "packet_loss": {
      "p1": 0.2620369956440362,
      "p5": 0.13451652207278325,
      "p10": 0.08361283442810206,
      "p25": 0.02042295939616437,
      "p50": 0.0004439902787460895,
      "p75": 0.0,
      "p90": 0.0,
      "p95": 0.0,
      "p99": 0.0
    }
  }
}