{
  "sample_counts": {
    "downloads": 4300604,
    "uploads": 2779684
  },
  "metrics": {
    "download_throughput_mbps": {
      "p1": 0.21656539664741364,
      "p5": 1.0328137332071066,
      "p10": 2.606000883101227,
      "p25": 10.201746618327226,
      "p50": 31.20397294915724,
      "p75": 83.44630310127302,
      "p90": 223.12806520323974,
      "p95": 365.01038527072296,
      "p99": 742.5920838487954
    },
    "upload_throughput_mbps": {
      "p1": 0.037633061847215585,
      "p5": 0.07552180614960537,
      "p10": 0.1554540616548448,
      "p25": 2.1042336039123053,
      "p50": 10.051152842937924,
      "p75": 27.97250231108938,
      "p90": 111.25057723487645,
      "p95": 244.5741989489885,
      "p99": 477.20346339913186
    },
    "latency_ms": {
      "p1": 229.266,
      "p5": 89.123,
      "p10": 70.736,
      "p25": 50.686,
      "p50": 33.026,
      "p75": 17.037,
      "p90": 8.563,
      "p95": 5.118,
      "p99": 0.734
    },
    "packet_loss": {
      "p1": 0.26398373198394004,
      "p5": 0.13467061469901628,
      "p10": 0.08382161383483414,
      "p25": 0.02033464445272893,
      "p50": 0.00044005184366612617,
      "p75": 0.0,
      "p90": 0.0,
      "p95": 0.0,
      "p99": 0.0
    }
  }
}