{
  "sample_counts": {
    "downloads": 4126927,
    "uploads": 2675512
  },
  "metrics": {
    "download_throughput_mbps": {
      "p1": 0.24671627264592969,
      "p5": 1.2864923429889223,
      "p10": 3.2189725708529533,
      "p25": 12.363935287631458,
      "p50": 37.77254005372963,
      "p75": 100.23842488940015,
      "p90": 278.56587080766917,
      "p95": 439.3505773716035,
      "p99": 792.95138404424
    },
    "upload_throughput_mbps": {
      "p1": 0.043814725753990535,
      "p5": 0.08320095484505267,
      "p10": 0.24698834035946415,
      "p25": 2.7858778938156137,
      "p50": 12.506891703347321,
      "p75": 38.03786685768588,
      "p90": 171.7379065679951,
      "p95": 280.1394076933031,
      "p99": 596.0586462944367
    },
    "latency_ms": {
      "p1": 229.981,
      "p5": 88.903,
      "p10": 69.852,
      "p25": 48.777,
      "p50": 29.92,
      "p75": 16.83,
      "p90": 8.227,
      "p95": 5.0,
      "p99": 0.631
    },
    "packet_loss": {
      "p1": 0.2490684349848625,
      "p5": 0.128386443194014,
      "p10": 0.07692105976241882,
      "p25": 0.015632375490507833,
      "p50": 0.00025555347456455264,
      "p75": 0.0,
      "p90": 0.0,
      "p95": 0.0,
      "p99": 0.0
    }
  }
}