{
  "metrics": {
    "download_throughput_mbps": {
      "p1": 5.09749836160008,
      "p5": 22.27370757278067,
      "p10": 46.88303032088384,
      "p25": 92.21743824649762,
      "p50": 329.8469629435706,
      "p75": 435.78733106832766,
      "p90": 720.3526029143458,
      "p95": 766.2195797341261,
      "p99": 809.0412191512339
    },
    "upload_throughput_mbps": {
      "p1": 0.9438870008181824,
      "p5": 12.173963756978873,
      "p10": 22.789968719121994,
      "p25": 29.247036111249162,
      "p50": 79.09671809050211,
      "p75": 86.81186311288214,
      "p90": 251.4395672,
      "p95": 285.7164645701213,
      "p99": 426.15101677347485
    },
    "latency_ms": {
      "p1": 62.038,
      "p5": 19.867,
      "p10": 17.531,
      "p25": 15.614,
      "p50": 14.0,
      "p75": 12.0,
      "p90": 11.0,
      "p95": 1.373,
      "p99": 0.185
    },
    "packet_loss": {
      "p1": 0.14410912319938268,
      "p5": 0.10265391148130726,
      "p10": 0.09063690586815515,
      "p25": 0.05746871551404745,
      "p50": 0.029025448729328204,
      "p75": 0.0038633617683787157,
      "p90": 0.00021034236103700433,
      "p95": 0.0,
      "p99": 0.0
    }
  }
}