{
  "sample_counts": {
    "downloads": 7910,
    "uploads": 7476
  },
  "metrics": {
    "download_throughput_mbps": {
      "p1": 0.34376999264619984,
      "p5": 3.5128174038843163,
      "p10": 8.103997427901675,
      "p25": 24.767695179806843,
      "p50": 85.20926257033362,
      "p75": 180.35199380498648,
      "p90": 284.4574707662235,
      "p95": 333.30935288487854,
      "p99": 445.74730961356875
    },
    "upload_throughput_mbps": {
      "p1": 0.1958993872669478,
      "p5": 1.6370487505499247,
      "p10": 3.7656491248842006,
      "p25": 12.630619991280271,
      "p50": 46.168994222767594,
      "p75": 95.78892664465319,
      "p90": 225.37568056261375,
      "p95": 311.96281615026487,
      "p99": 460.10678302914715
    },
    "latency_ms": {
      "p1": 133.259,
      "p5": 84.881,
      "p10": 65.876,
      "p25": 54.283,
      "p50": 39.0,
      "p75": 22.845,
      "p90": 19.982,
      "p95": 18.822,
      "p99": 17.23
    },
    "packet_loss": {
      "p1": 0.24390686416865692,
      "p5": 0.17781721912343634,
      "p10": 0.14600061993191177,
      "p25": 0.08975186332981115,
      "p50": 0.014629882890422474,
      "p75": 3.574659445985887e-05,
      "p90": 0.0,
      "p95": 0.0,
      "p99": 0.0
    }
  }
}