{
  "sample_counts": {
    "downloads": 9331,
    "uploads": 8469
  },
  "metrics": {
    "download_throughput_mbps": {
      "p1": 0.4072101761422459,
      "p5": 2.2591708861152986,
      "p10": 5.2294212649809,
      "p25": 16.78913391854173,
      "p50": 49.96739927727356,
      "p75": 134.432844170831,
      "p90": 175.75307498871854,
      "p95": 235.64166889081042,
      "p99": 335.38368894168934
    },
    "upload_throughput_mbps": {
      "p1": 0.07509392690826047,
      "p5": 0.7645350061044921,
      "p10": 2.366600465044564,
      "p25": 6.779735467411802,
      "p50": 22.39048151519603,
      "p75": 60.84497358978787,
      "p90": 108.33424754346647,
      "p95": 149.45066465066466,
      "p99": 211.37946727666966
    },
    "latency_ms": {
      "p1": 138.717,
      "p5": 98.923,
      "p10": 82.772,
      "p25": 62.553,
      "p50": 44.717,
      "p75": 25.554,
      "p90": 20.813,
      "p95": 19.543,
      "p99": 16.774
    },
    "packet_loss": {
      "p1": 0.23513804369066985,
      "p5": 0.1546775747788454,
      "p10": 0.12124045408271539,
      "p25": 0.06596969343327562,
      "p50": 0.0042617148233948295,
      "p75": 0.0,
      "p90": 0.0,
      "p95": 0.0,
      "p99": 0.0
    }
  }
}