{
  "sample_counts": {
    "downloads": 9331,
    "uploads": 8469
  },
  "metrics": {
    "download_throughput_mbps": {
      "p1": 0.410324393540846,
      "p5": 2.2525328855334243,
      "p10": 5.219909475864053,
      "p25": 16.79333848664766,
      "p50": 49.95800642654497,
      "p75": 134.45196693871102,
      "p90": 175.72456825681144,
      "p95": 235.63952602022036,
      "p99": 335.38368894168934
    },
    "upload_throughput_mbps": {
      "p1": 0.07560734727238057,
      "p5": 0.7679867264358387,
      "p10": 2.365762250337576,
      "p25": 6.77191316994495,
      "p50": 22.38162111244109,
      "p75": 60.865892384366376,
      "p90": 108.4254410121056,
      "p95": 149.48855140303738,
      "p99": 211.15814888273647
    },
    "latency_ms": {
      "p1": 139.003,
      "p5": 98.984,
      "p10": 82.807,
      "p25": 62.553,
      "p50": 44.699,
      "p75": 25.555,
      "p90": 20.814,
      "p95": 19.543,
      "p99": 16.634
    },
    "packet_loss": {
      "p1": 0.23517681964923498,
      "p5": 0.1546775747788454,
      "p10": 0.12119781829692441,
      "p25": 0.06603275492180145,
      "p50": 0.004281859911588002,
      "p75": 0.0,
      "p90": 0.0,
      "p95": 0.0,
      "p99": 0.0
    }
  }
}