{
  "sample_counts": {
    "downloads": 21873,
    "uploads": 18965
  },
  "metrics": {
    "download_throughput_mbps": {
      "p1": 0.15545688039767466,
      "p5": 0.8823693030108463,
      "p10": 2.1369339255056943,
      "p25": 7.4093231229911956,
      "p50": 22.2934214172309,
      "p75": 74.35453701041311,
      "p90": 149.06271496279552,
      "p95": 187.91176379121993,
      "p99": 229.3469228377758
    },
    "upload_throughput_mbps": {
      "p1": 0.07535551373759876,
      "p5": 0.45651597232561447,
      "p10": 0.8741175255346495,
      "p25": 3.3145745046037134,
      "p50": 14.238629353704209,
      "p75": 41.603556914115806,
      "p90": 96.53940633774096,
      "p95": 159.38076345770963,
      "p99": 216.15911304493213
    },
    "latency_ms": {
      "p1": 258.32,
      "p5": 133.487,
      "p10": 123.633,
      "p25": 114.018,
      "p50": 104.921,
      "p75": 97.351,
      "p90": 88.657,
      "p95": 86.999,
      "p99": 53.648
    },
    "packet_loss": {
      "p1": 0.22324532150895085,
      "p5": 0.12902147384388984,
      "p10": 0.08039599175851922,
      "p25": 0.01387901388626899,
      "p50": 0.0001533236095824163,
      "p75": 0.0,
      "p90": 0.0,
      "p95": 0.0,
      "p99": 0.0
    }
  }
}