{
  "sample_counts": {
    "downloads": 21873,
    "uploads": 18965
  },
  "metrics": {
    "download_throughput_mbps": {
      "p1": 0.15002239623870262,
      "p5": 0.8892413885038082,
      "p10": 2.1279059250018584,
      "p25": 7.41512522110989,
      "p50": 22.29905507326142,
      "p75": 74.39702936647262,
      "p90": 149.46332363605674,
      "p95": 187.7635829735679,
      "p99": 228.8731003333024
    },
    "upload_throughput_mbps": {
      "p1": 0.0753479125447299,
      "p5": 0.45746706464079834,
      "p10": 0.8704610738049673,
      "p25": 3.3159660584960555,
      "p50": 14.224712501208735,
      "p75": 41.603556914115806,
      "p90": 96.8063438776303,
      "p95": 159.4962194740983,
      "p99": 216.08928729638777
    },
    "latency_ms": {
      "p1": 254.686,
      "p5": 133.417,
      "p10": 123.606,
      "p25": 114.018,
      "p50": 104.926,
      "p75": 97.35,
      "p90": 88.654,
      "p95": 86.995,
      "p99": 53.664
    },
    "packet_loss": {
      "p1": 0.22287649982587773,
      "p5": 0.12865441975452696,
      "p10": 0.08053026778703268,
      "p25": 0.013848905342311155,
      "p50": 0.00015360323127771398,
      "p75": 0.0,
      "p90": 0.0,
      "p95": 0.0,
      "p99": 0.0
    }
  }
}