{
  "sample_counts": {
    "downloads": 14522,
    "uploads": 13176
  },
  "metrics": {
    "download_throughput_mbps": {
      "p1": 0.2098696815179764,
      "p5": 1.352292923776814,
      "p10": 3.0997615179094233,
      "p25": 11.11220908402858,
      "p50": 34.26120469012649,
      "p75": 79.7312185482237,
      "p90": 163.80665557657224,
      "p95": 196.40394893333732,
      "p99": 234.98078085110618
    },
    "upload_throughput_mbps": {
      "p1": 0.11171383025946567,
      "p5": 0.6813682415744785,
      "p10": 1.7331619915640977,
      "p25": 6.775277094390392,
      "p50": 23.474470860016027,
      "p75": 44.770334475132984,
      "p90": 121.99821885379062,
      "p95": 180.41683452892755,
      "p99": 225.5285539331738
    },
    "latency_ms": {
      "p1": 243.999,
      "p5": 127.929,
      "p10": 119.279,
      "p25": 110.0,
      "p50": 100.968,
      "p75": 92.251,
      "p90": 88.921,
      "p95": 88.0,
      "p99": 51.362
    },
    "packet_loss": {
      "p1": 0.228726863879512,
      "p5": 0.12328604473214365,
      "p10": 0.08156084727244968,
      "p25": 0.04402339205925183,
      "p50": 0.0005070387358034796,
      "p75": 0.0,
      "p90": 0.0,
      "p95": 0.0,
      "p99": 0.0
    }
  }
}