{
  "sample_counts": {
    "downloads": 4465296,
    "uploads": 3172150
  },
  "metrics": {
    "download_throughput_mbps": {
      "p1": 0.2805944921451496,
      "p5": 1.9384290900425787,
      "p10": 5.112207868519874,
      "p25": 20.23297030683369,
      "p50": 66.81691346460669,
      "p75": 191.3807404802955,
      "p90": 422.7862735513866,
      "p95": 577.1598208165146,
      "p99": 901.7585929958926
    },
    "upload_throughput_mbps": {
      "p1": 0.06244691193573168,
      "p5": 0.08953124384435203,
      "p10": 0.7654454145471676,
      "p25": 6.933972908521435,
      "p50": 42.06376756175858,
      "p75": 123.27460598563839,
      "p90": 292.23539119966995,
      "p95": 453.6317217994572,
      "p99": 872.7951694829584
    },
    "latency_ms": {
      "p1": 184.631,
      "p5": 49.708,
      "p10": 37.068,
      "p25": 22.767,
      "p50": 11.317,
      "p75": 6.0,
      "p90": 3.089,
      "p95": 2.085,
      "p99": 0.593
    },
    "packet_loss": {
      "p1": 0.2825273687262955,
      "p5": 0.1560619387609301,
      "p10": 0.11341575696563584,
      "p25": 0.043842318451547034,
      "p50": 0.0016571899413761145,
      "p75": 0.0,
      "p90": 0.0,
      "p95": 0.0,
      "p99": 0.0
    }
  }
}