{
  "sample_counts": {
    "downloads": 3463709,
    "uploads": 2463601
  },
  "metrics": {
    "download_throughput_mbps": {
      "p1": 0.29315275009602815,
      "p5": 1.9369316751342769,
      "p10": 5.00067318115005,
      "p25": 19.97065501413667,
      "p50": 69.43311515213597,
      "p75": 204.57516858839477,
      "p90": 435.6784649070659,
      "p95": 598.380272327024,
      "p99": 926.3572156154917
    },
    "upload_throughput_mbps": {
      "p1": 0.06353436187938287,
      "p5": 0.10263612260159083,
      "p10": 0.9083190392195549,
      "p25": 7.057036903337545,
      "p50": 42.310121925341605,
      "p75": 127.2060285578318,
      "p90": 302.0970289865362,
      "p95": 481.18088463688827,
      "p99": 908.355308969604
    },
    "latency_ms": {
      "p1": 167.454,
      "p5": 61.576,
      "p10": 48.556,
      "p25": 27.187,
      "p50": 13.105,
      "p75": 6.586,
      "p90": 3.477,
      "p95": 2.052,
      "p99": 0.64
    },
    "packet_loss": {
      "p1": 0.2778411040062494,
      "p5": 0.15733863337570175,
      "p10": 0.11448008212502632,
      "p25": 0.04452324697966106,
      "p50": 0.001576450862927648,
      "p75": 0.0,
      "p90": 0.0,
      "p95": 0.0,
      "p99": 0.0
    }
  }
}