{
  "metrics": {
    "download_throughput_mbps": {
      "p1": 0.29628079952957564,
      "p5": 1.9333679000439417,
      "p10": 4.992162266974265,
      "p25": 19.958270943675615,
      "p50": 69.50828206923785,
      "p75": 204.56121514079973,
      "p90": 435.4573433160991,
      "p95": 599.4824639553553,
      "p99": 925.5811594670665
    },
    "upload_throughput_mbps": {
      "p1": 0.06371031080556487,
      "p5": 0.10265298269557377,
      "p10": 0.9023098642929228,
      "p25": 7.0661879220107275,
      "p50": 42.36112496941257,
      "p75": 127.23698225440825,
      "p90": 302.30191155386024,
      "p95": 480.68440984345807,
      "p99": 908.0919189948584
    },
    "latency_ms": {
      "p1": 166.18,
      "p5": 61.625,
      "p10": 48.507,
      "p25": 27.153,
      "p50": 13.096,
      "p75": 6.587,
      "p90": 3.477,
      "p95": 2.043,
      "p99": 0.641
    },
    "packet_loss": {
      "p1": 0.27736398899781367,
      "p5": 0.15743320865912547,
      "p10": 0.11438552758519442,
      "p25": 0.04454271673665771,
      "p50": 0.0015747666797897224,
      "p75": 0.0,
      "p90": 0.0,
      "p95": 0.0,
      "p99": 0.0
    }
  }
}