{
  "sample_counts": {
    "downloads": 3463709,
    "uploads": 2463601
  },
  "metrics": {
    "download_throughput_mbps": {
      "p1": 0.2943398312132881,
      "p5": 1.9182365313771195,
      "p10": 4.994009782888811,
      "p25": 19.986995874294262,
      "p50": 69.43784806220711,
      "p75": 204.71600086424638,
      "p90": 435.1079357004404,
      "p95": 598.2512423366176,
      "p99": 925.7195338839886
    },
    "upload_throughput_mbps": {
      "p1": 0.06371031080556487,
      "p5": 0.10265298269557377,
      "p10": 0.9023098642929228,
      "p25": 7.0661879220107275,
      "p50": 42.36112496941257,
      "p75": 127.23698225440825,
      "p90": 302.30191155386024,
      "p95": 480.68440984345807,
      "p99": 908.0919189948584
    },
    "latency_ms": {
      "p1": 166.044,
      "p5": 61.513,
      "p10": 48.531,
      "p25": 27.171,
      "p50": 13.1,
      "p75": 6.586,
      "p90": 3.475,
      "p95": 2.041,
      "p99": 0.647
    },
    "packet_loss": {
      "p1": 0.2776817104092941,
      "p5": 0.15750850797696705,
      "p10": 0.11439920893185308,
      "p25": 0.04458335984521821,
      "p50": 0.0015777743712194763,
      "p75": 0.0,
      "p90": 0.0,
      "p95": 0.0,
      "p99": 0.0
    }
  }
}