{
  "sample_counts": {
    "downloads": 4465296,
    "uploads": 3172150
  },
  "metrics": {
    "download_throughput_mbps": {
      "p1": 0.28328001248772744,
      "p5": 1.9247069359283968,
      "p10": 5.111638778598982,
      "p25": 20.25425570445491,
      "p50": 66.88755536688319,
      "p75": 191.40973356734636,
      "p90": 422.12055740141375,
      "p95": 575.6441335097556,
      "p99": 900.9067124862759
    },
    "upload_throughput_mbps": {
      "p1": 0.062327455542567724,
      "p5": 0.08950691722172026,
      "p10": 0.771005362092487,
      "p25": 6.931864758708978,
      "p50": 41.99633419890026,
      "p75": 123.20576828019887,
      "p90": 292.9985762452754,
      "p95": 453.00416087545085,
      "p99": 870.0498635900273
    },
    "latency_ms": {
      "p1": 183.918,
      "p5": 49.837,
      "p10": 37.061,
      "p25": 22.776,
      "p50": 11.304,
      "p75": 6.0,
      "p90": 3.081,
      "p95": 2.083,
      "p99": 0.589
    },
    "packet_loss": {
      "p1": 0.28128134822443657,
      "p5": 0.15601480662942402,
      "p10": 0.11343366514899111,
      "p25": 0.04374463772441838,
      "p50": 0.0016463855972036398,
      "p75": 0.0,
      "p90": 0.0,
      "p95": 0.0,
      "p99": 0.0
    }
  }
}