{
  "sample_counts": {
    "downloads": 464923,
    "uploads": 364259
  },
  "metrics": {
    "download_throughput_mbps": {
      "p1": 0.1319673400365433,
      "p5": 0.5045734690495978,
      "p10": 1.1026538540264004,
      "p25": 3.5841783594470873,
      "p50": 9.088377638576173,
      "p75": 21.077415768718897,
      "p90": 49.80749400618701,
      "p95": 83.96392737680365,
      "p99": 230.86775050629603
    },
    "upload_throughput_mbps": {
      "p1": 0.030526094955362616,
      "p5": 0.0766340638657862,
      "p10": 0.08934140344891241,
      "p25": 1.0496175011582314,
      "p50": 6.47490068270143,
      "p75": 16.005286286344845,
      "p90": 34.952316516876024,
      "p95": 58.74532863245782,
      "p99": 134.04798402732186
    },
    "latency_ms": {
      "p1": 363.891,
      "p5": 82.764,
      "p10": 33.683,
      "p25": 19.436,
      "p50": 10.451,
      "p75": 4.869,
      "p90": 3.0,
      "p95": 2.372,
      "p99": 1.301
    },
    "packet_loss": {
      "p1": 0.37840262903783417,
      "p5": 0.26422677164433417,
      "p10": 0.21118526980752345,
      "p25": 0.13726337600383084,
      "p50": 0.07143398849527303,
      "p75": 0.0030115600885111853,
      "p90": 1.4536760012088338e-05,
      "p95": 0.0,
      "p99": 0.0
    }
  }
}