{
  "sample_counts": {
    "downloads": 1073578,
    "uploads": 844267
  },
  "metrics": {
    "download_throughput_mbps": {
      "p1": 0.1170657559293569,
      "p5": 0.4343739424386942,
      "p10": 0.9316161036811372,
      "p25": 3.0858293837819275,
      "p50": 8.22777493316098,
      "p75": 19.141753472083344,
      "p90": 43.2478336228769,
      "p95": 72.81246153515418,
      "p99": 175.35189699053092
    },
    "upload_throughput_mbps": {
      "p1": 0.024818430628650513,
      "p5": 0.06911640769712904,
      "p10": 0.07571292114067382,
      "p25": 0.440166363683909,
      "p50": 4.486138870965597,
      "p75": 13.912327066314296,
      "p90": 30.673577027968644,
      "p95": 48.52867893065214,
      "p99": 93.58339851433318
    },
    "latency_ms": {
      "p1": 456.083,
      "p5": 224.896,
      "p10": 85.333,
      "p25": 22.583,
      "p50": 11.931,
      "p75": 5.761,
      "p90": 3.237,
      "p95": 2.364,
      "p99": 1.0
    },
    "packet_loss": {
      "p1": 0.37806487731877736,
      "p5": 0.2725083667951558,
      "p10": 0.22056101681660134,
      "p25": 0.14208659315995723,
      "p50": 0.07020406350199142,
      "p75": 0.0037689443608859177,
      "p90": 0.00015933057989682458,
      "p95": 0.0,
      "p99": 0.0
    }
  }
}