{
  "sample_counts": {
    "downloads": 464923,
    "uploads": 364259
  },
  "metrics": {
    "download_throughput_mbps": {
      "p1": 0.13062125354267512,
      "p5": 0.5025601426564682,
      "p10": 1.0988882319443454,
      "p25": 3.583879596312922,
      "p50": 9.087393265143417,
      "p75": 21.06814731469217,
      "p90": 49.80432795123423,
      "p95": 83.94032192194787,
      "p99": 235.84268198390902
    },
    "upload_throughput_mbps": {
      "p1": 0.03140874568211745,
      "p5": 0.07665523273573921,
      "p10": 0.08934153903382526,
      "p25": 1.0503046792687698,
      "p50": 6.468592831161018,
      "p75": 16.002255789534836,
      "p90": 35.0010482581745,
      "p95": 58.68813952330258,
      "p99": 135.4145661921205
    },
    "latency_ms": {
      "p1": 362.143,
      "p5": 83.146,
      "p10": 33.692,
      "p25": 19.43,
      "p50": 10.45,
      "p75": 4.867,
      "p90": 3.0,
      "p95": 2.378,
      "p99": 1.292
    },
    "packet_loss": {
      "p1": 0.37691848647035786,
      "p5": 0.26411749506758225,
      "p10": 0.2111516380752722,
      "p25": 0.13727309806564164,
      "p50": 0.07147508063099604,
      "p75": 0.0030114590096864528,
      "p90": 1.5492143382675372e-05,
      "p95": 0.0,
      "p99": 0.0
    }
  }
}