{
  "metrics": {
    "download_throughput_mbps": {
      "p1": 0.1321124480540989,
      "p5": 0.5057735840717654,
      "p10": 1.0999478080679126,
      "p25": 3.5851575860592324,
      "p50": 9.082964254624432,
      "p75": 21.088799972372804,
      "p90": 49.89494229565503,
      "p95": 83.93872681875072,
      "p99": 232.99406571159264
    },
    "upload_throughput_mbps": {
      "p1": 0.03140874568211745,
      "p5": 0.07665523273573921,
      "p10": 0.08934153903382526,
      "p25": 1.0503046792687698,
      "p50": 6.468592831161018,
      "p75": 16.002255789534836,
      "p90": 35.0010482581745,
      "p95": 58.68813952330258,
      "p99": 135.4145661921205
    },
    "latency_ms": {
      "p1": 362.676,
      "p5": 83.057,
      "p10": 33.746,
      "p25": 19.437,
      "p50": 10.453,
      "p75": 4.864,
      "p90": 3.0,
      "p95": 2.375,
      "p99": 1.293
    },
    "packet_loss": {
      "p1": 0.3765645306700699,
      "p5": 0.2647162047952506,
      "p10": 0.21131489940085857,
      "p25": 0.13726394153149202,
      "p50": 0.07149638183456287,
      "p75": 0.0030194460839598645,
      "p90": 1.5748167326453578e-05,
      "p95": 0.0,
      "p99": 0.0
    }
  }
}