{
  "sample_counts": {
    "downloads": 1073578,
    "uploads": 844267
  },
  "metrics": {
    "download_throughput_mbps": {
      "p1": 0.1160387396776219,
      "p5": 0.43356032101284764,
      "p10": 0.9332228897394633,
      "p25": 3.0948195901964004,
      "p50": 8.231879682237704,
      "p75": 19.139400905236123,
      "p90": 43.368028350979365,
      "p95": 72.53484547588847,
      "p99": 172.50053561958097
    },
    "upload_throughput_mbps": {
      "p1": 0.024043974627315192,
      "p5": 0.06912074621350942,
      "p10": 0.07571458383266734,
      "p25": 0.43948162432112053,
      "p50": 4.4812699754911645,
      "p75": 13.911433601600605,
      "p90": 30.674941192552925,
      "p95": 48.58340882417269,
      "p99": 93.6517928276494
    },
    "latency_ms": {
      "p1": 455.761,
      "p5": 224.063,
      "p10": 85.771,
      "p25": 22.596,
      "p50": 11.92,
      "p75": 5.755,
      "p90": 3.229,
      "p95": 2.367,
      "p99": 1.0
    },
    "packet_loss": {
      "p1": 0.3774896093100582,
      "p5": 0.2726126883627242,
      "p10": 0.22034362329654392,
      "p25": 0.14203907376001965,
      "p50": 0.07020125716934578,
      "p75": 0.003801445177505498,
      "p90": 0.00015524754442741156,
      "p95": 0.0,
      "p99": 0.0
    }
  }
}