{
  "sample_counts": {
    "downloads": 6248,
    "uploads": 3446
  },
  "metrics": {
    "download_throughput_mbps": {
      "p1": 0.09575005100930793,
      "p5": 0.39082560730086807,
      "p10": 0.8309660381754985,
      "p25": 3.3860363426756166,
      "p50": 11.404732964805747,
      "p75": 24.764040344868476,
      "p90": 40.36673751130718,
      "p95": 50.52097443206277,
      "p99": 64.97597223512504
    },
    "upload_throughput_mbps": {
      "p1": 0.046401561614845176,
      "p5": 0.20395622680980402,
      "p10": 0.49198208742824523,
      "p25": 2.044139288670372,
      "p50": 8.542407620314666,
      "p75": 21.51113148404921,
      "p90": 35.176897857029,
      "p95": 43.701869483075974,
      "p99": 69.01616442131372
    },
    "latency_ms": {
      "p1": 415.587,
      "p5": 382.771,
      "p10": 363.225,
      "p25": 272.69,
      "p50": 252.534,
      "p75": 233.004,
      "p90": 219.59,
      "p95": 188.166,
      "p99": 143.608
    },
    "packet_loss": {
      "p1": 0.40311381498406645,
      "p5": 0.27848768717858013,
      "p10": 0.21732927102769709,
      "p25": 0.11847971293748644,
      "p50": 0.005117142723375526,
      "p75": 0.0,
      "p90": 0.0,
      "p95": 0.0,
      "p99": 0.0
    }
  }
}