{
  "metrics": {
    "download_throughput_mbps": {
      "p1": 0.13447828062701264,
      "p5": 0.5857314374626488,
      "p10": 1.329515376514203,
      "p25": 4.785599920022941,
      "p50": 15.103443186197735,
      "p75": 36.57918058781598,
      "p90": 59.08172886412785,
      "p95": 81.80845344891308,
      "p99": 153.77286959940747
    },
    "upload_throughput_mbps": {
      "p1": 0.03369817154261968,
      "p5": 0.13593400732092034,
      "p10": 0.6038465280368472,
      "p25": 3.064334878817218,
      "p50": 11.496420817863642,
      "p75": 29.35947453073244,
      "p90": 51.15734894927868,
      "p95": 69.4484459031082,
      "p99": 131.31773789161937
    },
    "latency_ms": {
      "p1": 264.177,
      "p5": 210.312,
      "p10": 195.731,
      "p25": 87.014,
      "p50": 68.036,
      "p75": 56.567,
      "p90": 43.309,
      "p95": 35.109,
      "p99": 0.663
    },
    "packet_loss": {
      "p1": 0.33890886552749244,
      "p5": 0.24080877820846522,
      "p10": 0.18693067987288048,
      "p25": 0.11458690083200472,
      "p50": 0.01684978102928513,
      "p75": 0.00010127805132282514,
      "p90": 0.0,
      "p95": 0.0,
      "p99": 0.0
    }
  }
}