{
  "sample_counts": {
    "downloads": 13755,
    "uploads": 9671
  },
  "metrics": {
    "download_throughput_mbps": {
      "p1": 0.20551914707985894,
      "p5": 0.72964178553383,
      "p10": 1.5728871057476153,
      "p25": 6.047497812264909,
      "p50": 17.824441674119704,
      "p75": 41.955641994852414,
      "p90": 68.26745443458445,
      "p95": 90.0660283441438,
      "p99": 139.73083595425712
    },
    "upload_throughput_mbps": {
      "p1": 0.0606112860417465,
      "p5": 0.2485079606465383,
      "p10": 0.6657433252988435,
      "p25": 3.12551690926755,
      "p50": 11.410989601738983,
      "p75": 24.84180830619938,
      "p90": 46.31139668378763,
      "p95": 57.97353071171011,
      "p99": 92.6444901879731
    },
    "latency_ms": {
      "p1": 296.056,
      "p5": 227.051,
      "p10": 118.407,
      "p25": 69.318,
      "p50": 54.535,
      "p75": 42.572,
      "p90": 35.682,
      "p95": 32.025,
      "p99": 18.984
    },
    "packet_loss": {
      "p1": 0.39041009173255986,
      "p5": 0.2812943736544763,
      "p10": 0.20141066981021216,
      "p25": 0.11010829977117052,
      "p50": 0.012103013842718063,
      "p75": 0.0,
      "p90": 0.0,
      "p95": 0.0,
      "p99": 0.0
    }
  }
}