{
  "metrics": {
    "download_throughput_mbps": {
      "p1": 0.20715773839445814,
      "p5": 0.7300081871502007,
      "p10": 1.5728871057476153,
      "p25": 6.049747856724161,
      "p50": 17.820886505956388,
      "p75": 41.96817153244055,
      "p90": 68.29532110408734,
      "p95": 90.11916922357644,
      "p99": 140.34495241548427
    },
    "upload_throughput_mbps": {
      "p1": 0.06054980809694689,
      "p5": 0.2499264820356692,
      "p10": 0.6649645319716255,
      "p25": 3.1109604449265764,
      "p50": 11.411040731294099,
      "p75": 24.844904685949572,
      "p90": 46.224178310328675,
      "p95": 58.07303464774313,
      "p99": 92.92270307875492
    },
    "latency_ms": {
      "p1": 296.056,
      "p5": 227.094,
      "p10": 118.436,
      "p25": 69.319,
      "p50": 54.529,
      "p75": 42.569,
      "p90": 35.676,
      "p95": 32.038,
      "p99": 18.979
    },
    "packet_loss": {
      "p1": 0.39138573424569195,
      "p5": 0.2813222213522843,
      "p10": 0.20164501957895675,
      "p25": 0.11006857066479073,
      "p50": 0.012103013842718063,
      "p75": 0.0,
      "p90": 0.0,
      "p95": 0.0,
      "p99": 0.0
    }
  }
}