{
  "sample_counts": {
    "downloads": 8138,
    "uploads": 6094
  },
  "metrics": {
    "download_throughput_mbps": {
      "p1": 0.13239777783740225,
      "p5": 0.5857314374626488,
      "p10": 1.329515376514203,
      "p25": 4.785599920022941,
      "p50": 15.10610424408442,
      "p75": 36.57833696396503,
      "p90": 59.08172886412785,
      "p95": 81.8165703507621,
      "p99": 153.51599626164915
    },
    "upload_throughput_mbps": {
      "p1": 0.03369817154261968,
      "p5": 0.13593400732092034,
      "p10": 0.6038465280368472,
      "p25": 3.064334878817218,
      "p50": 11.496420817863642,
      "p75": 29.35947453073244,
      "p90": 51.15734894927868,
      "p95": 69.4484459031082,
      "p99": 131.31773789161937
    },
    "latency_ms": {
      "p1": 263.777,
      "p5": 210.312,
      "p10": 195.73,
      "p25": 87.0,
      "p50": 68.029,
      "p75": 56.56,
      "p90": 43.309,
      "p95": 35.156,
      "p99": 0.662
    },
    "packet_loss": {
      "p1": 0.338923564719724,
      "p5": 0.24080877820846522,
      "p10": 0.1865858000154677,
      "p25": 0.11458690083200472,
      "p50": 0.01685775082822285,
      "p75": 0.00010139442532998225,
      "p90": 0.0,
      "p95": 0.0,
      "p99": 0.0
    }
  }
}