{
  "metrics": {
    "download_throughput_mbps": {
      "p1": 0.5221715830322136,
      "p5": 2.874539961391621,
      "p10": 7.4384686495613215,
      "p25": 25.147001122533307,
      "p50": 67.39611287875226,
      "p75": 101.69108564683035,
      "p90": 160.45623999372057,
      "p95": 180.63356883520498,
      "p99": 198.99862996907027
    },
    "upload_throughput_mbps": {
      "p1": 0.03784237503622421,
      "p5": 1.2221300875291765,
      "p10": 2.4448768833917747,
      "p25": 4.545667334900189,
      "p50": 8.496028139054454,
      "p75": 11.866521520118482,
      "p90": 26.371633614553524,
      "p95": 84.56064760211528,
      "p99": 185.8696499128402
    },
    "latency_ms": {
      "p1": 173.009,
      "p5": 130.918,
      "p10": 127.466,
      "p25": 121.12,
      "p50": 111.204,
      "p75": 100.474,
      "p90": 95.0,
      "p95": 90.68,
      "p99": 70.068
    },
    "packet_loss": {
      "p1": 0.21700532054824448,
      "p5": 0.16039214591153234,
      "p10": 0.1216122231127775,
      "p25": 0.08068393548557548,
      "p50": 0.014960673137646756,
      "p75": 0.0016231930410455367,
      "p90": 2.1977982607557878e-05,
      "p95": 0.0,
      "p99": 0.0
    }
  }
}