{
  "metrics": {
    "download_throughput_mbps": {
      "p1": 0.9312413293487748,
      "p5": 3.160892806118501,
      "p10": 6.1395370633353386,
      "p25": 16.46851413773011,
      "p50": 52.08069317806712,
      "p75": 113.27585212265382,
      "p90": 149.75937618410586,
      "p95": 176.45119680790606,
      "p99": 200.26334860579826
    },
    "upload_throughput_mbps": {
      "p1": 0.6005439097744962,
      "p5": 2.5486341726046478,
      "p10": 3.191911996071466,
      "p25": 7.014957859915561,
      "p50": 10.94065901847304,
      "p75": 15.598837552824259,
      "p90": 35.9626623140044,
      "p95": 75.21627163023267,
      "p99": 153.46855246512325
    },
    "latency_ms": {
      "p1": 155.474,
      "p5": 127.438,
      "p10": 121.777,
      "p25": 116.531,
      "p50": 110.782,
      "p75": 95.107,
      "p90": 92.746,
      "p95": 92.004,
      "p99": 87.561
    },
    "packet_loss": {
      "p1": 0.19555864916707766,
      "p5": 0.12500805343617674,
      "p10": 0.08246215380353275,
      "p25": 0.016600074819358306,
      "p50": 0.003323601406870022,
      "p75": 0.0007993479656594274,
      "p90": 5.274786717295828e-05,
      "p95": 0.0,
      "p99": 0.0
    }
  }
}