{
  "sample_counts": {
    "downloads": 332100,
    "uploads": 242291
  },
  "metrics": {
    "download_throughput_mbps": {
      "p1": 0.35322655897938365,
      "p5": 2.1294370616247518,
      "p10": 5.535568784372921,
      "p25": 27.944057180340458,
      "p50": 89.38008672230188,
      "p75": 277.63414838855175,
      "p90": 463.3622573573341,
      "p95": 637.5837806664464,
      "p99": 864.5517161309446
    },
    "upload_throughput_mbps": {
      "p1": 0.06729475100942127,
      "p5": 0.08990388167948435,
      "p10": 1.4757128390172156,
      "p25": 13.561341165605437,
      "p50": 74.82208116330078,
      "p75": 190.16422018357798,
      "p90": 460.011534863182,
      "p95": 623.276366528714,
      "p99": 832.2403177138045
    },
    "latency_ms": {
      "p1": 203.191,
      "p5": 74.24,
      "p10": 46.487,
      "p25": 34.776,
      "p50": 9.564,
      "p75": 5.032,
      "p90": 3.208,
      "p95": 2.575,
      "p99": 1.869
    },
    "packet_loss": {
      "p1": 0.26585198444757135,
      "p5": 0.14888655213688012,
      "p10": 0.10469675814542849,
      "p25": 0.05125065014402017,
      "p50": 0.008950558185759783,
      "p75": 0.0,
      "p90": 0.0,
      "p95": 0.0,
      "p99": 0.0
    }
  }
}