{
  "metrics": {
    "download_throughput_mbps": {
      "p1": 0.34728002738958574,
      "p5": 2.1371668924635583,
      "p10": 5.554236534265872,
      "p25": 27.87630121506837,
      "p50": 89.33846262623406,
      "p75": 277.76204874095663,
      "p90": 463.4700894053426,
      "p95": 639.9970277632551,
      "p99": 863.599978240448
    },
    "upload_throughput_mbps": {
      "p1": 0.06500478049856585,
      "p5": 0.08995172387106141,
      "p10": 1.4716665290030562,
      "p25": 13.563271969560851,
      "p50": 74.86011244764016,
      "p75": 190.39184888151118,
      "p90": 460.2129949084277,
      "p95": 622.6816003942258,
      "p99": 831.6948764252082
    },
    "latency_ms": {
      "p1": 206.568,
      "p5": 74.557,
      "p10": 46.5,
      "p25": 34.79,
      "p50": 9.562,
      "p75": 5.034,
      "p90": 3.206,
      "p95": 2.574,
      "p99": 1.871
    },
    "packet_loss": {
      "p1": 0.2657348442376047,
      "p5": 0.14907032854728444,
      "p10": 0.10486457568393506,
      "p25": 0.051313886978950576,
      "p50": 0.008944873150515264,
      "p75": 0.0,
      "p90": 0.0,
      "p95": 0.0,
      "p99": 0.0
    }
  }
}