{
  "sample_counts": {
    "downloads": 763815,
    "uploads": 634559
  },
  "metrics": {
    "download_throughput_mbps": {
      "p1": 0.2952085301660143,
      "p5": 1.1438833298185678,
      "p10": 2.9510059573957457,
      "p25": 16.530256435794353,
      "p50": 61.06919442414957,
      "p75": 124.64174657942463,
      "p90": 398.7253899471623,
      "p95": 484.02543005379505,
      "p99": 829.3229454449263
    },
    "upload_throughput_mbps": {
      "p1": 0.0600587687952397,
      "p5": 0.4439173355471907,
      "p10": 2.284652010410298,
      "p25": 7.637962067132765,
      "p50": 24.023170954387883,
      "p75": 82.8095337046214,
      "p90": 315.8528443183832,
      "p95": 465.6179716944812,
      "p99": 790.506904890497
    },
    "latency_ms": {
      "p1": 267.47,
      "p5": 99.653,
      "p10": 88.573,
      "p25": 65.987,
      "p50": 46.313,
      "p75": 8.44,
      "p90": 4.064,
      "p95": 2.914,
      "p99": 1.901
    },
    "packet_loss": {
      "p1": 0.22382758033275077,
      "p5": 0.11748363689301444,
      "p10": 0.07671197598897726,
      "p25": 0.020886183843279303,
      "p50": 1.865406261575043e-05,
      "p75": 0.0,
      "p90": 0.0,
      "p95": 0.0,
      "p99": 0.0
    }
  }
}