{
  "sample_counts": {
    "downloads": 12076,
    "uploads": 11039
  },
  "metrics": {
    "download_throughput_mbps": {
      "p1": 0.18409858244721555,
      "p5": 0.9385016516172985,
      "p10": 3.600378220971628,
      "p25": 19.31313124803796,
      "p50": 48.412899862588525,
      "p75": 88.06570594295043,
      "p90": 136.6429168443582,
      "p95": 214.13603817398658,
      "p99": 313.50129048385645
    },
    "upload_throughput_mbps": {
      "p1": 0.07548042977567161,
      "p5": 0.5504357487021331,
      "p10": 1.0975391759280315,
      "p25": 4.984232296887793,
      "p50": 13.730546032972601,
      "p75": 34.43933517423853,
      "p90": 56.66363557182824,
      "p95": 79.77729475492445,
      "p99": 114.15918512848485
    },
    "latency_ms": {
      "p1": 341.399,
      "p5": 174.928,
      "p10": 144.517,
      "p25": 124.526,
      "p50": 48.305,
      "p75": 42.476,
      "p90": 37.277,
      "p95": 34.298,
      "p99": 25.0
    },
    "packet_loss": {
      "p1": 0.18731889372774121,
      "p5": 0.11474858738257557,
      "p10": 0.08280697631148584,
      "p25": 0.021581724883998565,
      "p50": 0.003907818894304354,
      "p75": 0.0,
      "p90": 0.0,
      "p95": 0.0,
      "p99": 0.0
    }
  }
}