{
  "sample_counts": {
    "downloads": 7074,
    "uploads": 7380
  },
  "metrics": {
    "download_throughput_mbps": {
      "p1": 0.42870853546610727,
      "p5": 2.6898701298701297,
      "p10": 5.779294290866908,
      "p25": 20.951508339355332,
      "p50": 75.31119835348967,
      "p75": 154.08936052081202,
      "p90": 251.8865961433329,
      "p95": 299.9611746404563,
      "p99": 366.7518349472738
    },
    "upload_throughput_mbps": {
      "p1": 0.12448955082272353,
      "p5": 0.7590487251275932,
      "p10": 1.830898597256431,
      "p25": 5.669984918129632,
      "p50": 17.043698043338658,
      "p75": 41.8094277709612,
      "p90": 75.58806373363215,
      "p95": 91.95954271011125,
      "p99": 129.07624648210694
    },
    "latency_ms": {
      "p1": 177.122,
      "p5": 154.214,
      "p10": 125.71,
      "p25": 67.638,
      "p50": 49.367,
      "p75": 44.261,
      "p90": 39.406,
      "p95": 35.886,
      "p99": 29.812
    },
    "packet_loss": {
      "p1": 0.19325695801702653,
      "p5": 0.0940319983498339,
      "p10": 0.0409249230716576,
      "p25": 0.006367920001376208,
      "p50": 0.00017377028861694665,
      "p75": 0.0,
      "p90": 0.0,
      "p95": 0.0,
      "p99": 0.0
    }
  }
}