{
  "metrics": {
    "download_throughput_mbps": {
      "p1": 0.5268786639970023,
      "p5": 3.364056664223843,
      "p10": 8.688635991442453,
      "p25": 29.676573647246528,
      "p50": 81.98009319652564,
      "p75": 188.26877225298037,
      "p90": 333.4260129146214,
      "p95": 407.63667083011575,
      "p99": 476.8655707949361
    },
    "upload_throughput_mbps": {
      "p1": 0.07508587781774792,
      "p5": 0.6299558550662174,
      "p10": 4.531306567064301,
      "p25": 12.852325191194476,
      "p50": 43.28545338320702,
      "p75": 107.87720743706998,
      "p90": 258.77904566604286,
      "p95": 329.5479671518928,
      "p99": 405.8445650486959
    },
    "latency_ms": {
      "p1": 140.32,
      "p5": 76.7,
      "p10": 63.903,
      "p25": 44.428,
      "p50": 28.456,
      "p75": 26.0,
      "p90": 23.671,
      "p95": 23.0,
      "p99": 0.154
    },
    "packet_loss": {
      "p1": 0.270103588248583,
      "p5": 0.1516373081114581,
      "p10": 0.11321427682468473,
      "p25": 0.051223750625067344,
      "p50": 0.010166557283506582,
      "p75": 0.00021057203719898786,
      "p90": 0.0,
      "p95": 0.0,
      "p99": 0.0
    }
  }
}