{
  "sample_counts": {
    "downloads": 25779,
    "uploads": 22899
  },
  "metrics": {
    "download_throughput_mbps": {
      "p1": 0.055530591767499055,
      "p5": 0.2734715432555066,
      "p10": 0.5989270395348235,
      "p25": 3.089578960204772,
      "p50": 9.609109947476455,
      "p75": 27.195044259726448,
      "p90": 51.74114953281642,
      "p95": 69.98219047474302,
      "p99": 97.43707107551471
    },
    "upload_throughput_mbps": {
      "p1": 0.03357217653971472,
      "p5": 0.181940135009324,
      "p10": 0.4155318049854139,
      "p25": 1.7790555515354907,
      "p50": 8.536010711845167,
      "p75": 25.672235498483627,
      "p90": 56.01471517062702,
      "p95": 71.40625121228807,
      "p99": 87.80367408105474
    },
    "latency_ms": {
      "p1": 473.873,
      "p5": 344.174,
      "p10": 285.225,
      "p25": 253.451,
      "p50": 231.878,
      "p75": 197.579,
      "p90": 87.732,
      "p95": 68.343,
      "p99": 29.54
    },
    "packet_loss": {
      "p1": 0.34176954126277953,
      "p5": 0.22294905475359422,
      "p10": 0.16090520109728215,
      "p25": 0.07674246562424984,
      "p50": 0.011768718528212778,
      "p75": 0.0001441591311430427,
      "p90": 0.0,
      "p95": 0.0,
      "p99": 0.0
    }
  }
}