{
  "metrics": {
    "download_throughput_mbps": {
      "p1": 0.052740622324356355,
      "p5": 0.16751084515277215,
      "p10": 0.34172461676460414,
      "p25": 1.0834875178130365,
      "p50": 3.036295607310752,
      "p75": 6.90233564827003,
      "p90": 19.80480109938498,
      "p95": 39.6572171678209,
      "p99": 108.02256653597154
    },
    "upload_throughput_mbps": {
      "p1": 0.03087846867561499,
      "p5": 0.14943090113819774,
      "p10": 0.3211566015230315,
      "p25": 0.7807229214426192,
      "p50": 3.1272815414955812,
      "p75": 9.135492489482276,
      "p90": 22.491811271426986,
      "p95": 36.95650299131244,
      "p99": 78.02494643256776
    },
    "latency_ms": {
      "p1": 622.826,
      "p5": 171.054,
      "p10": 126.208,
      "p25": 103.111,
      "p50": 89.348,
      "p75": 81.257,
      "p90": 78.623,
      "p95": 77.0,
      "p99": 54.304
    },
    "packet_loss": {
      "p1": 0.3748985420111228,
      "p5": 0.2798887923099261,
      "p10": 0.22792234126997882,
      "p25": 0.1468230547136777,
      "p50": 0.06323699480537173,
      "p75": 0.003810816574071314,
      "p90": 0.0,
      "p95": 0.0,
      "p99": 0.0
    }
  }
}