{
  "sample_counts": {
    "downloads": 12327,
    "uploads": 10458
  },
  "metrics": {
    "download_throughput_mbps": {
      "p1": 0.12000703639170689,
      "p5": 0.42223427738598496,
      "p10": 0.7627800356422688,
      "p25": 1.6787334993619398,
      "p50": 3.652631964339652,
      "p75": 8.028680244344935,
      "p90": 19.03340363045115,
      "p95": 33.96216802785306,
      "p99": 102.91428404900675
    },
    "upload_throughput_mbps": {
      "p1": 0.0647399038128403,
      "p5": 0.32484444708440907,
      "p10": 0.5730358538900929,
      "p25": 1.841640370725768,
      "p50": 5.618339865429201,
      "p75": 13.535210950715918,
      "p90": 29.924541803522455,
      "p95": 47.28639634892048,
      "p99": 100.63452446163836
    },
    "latency_ms": {
      "p1": 308.084,
      "p5": 129.51,
      "p10": 110.714,
      "p25": 92.529,
      "p50": 81.049,
      "p75": 77.218,
      "p90": 75.999,
      "p95": 75.296,
      "p99": 53.831
    },
    "packet_loss": {
      "p1": 0.3548677106195674,
      "p5": 0.24435817164221124,
      "p10": 0.188418168983972,
      "p25": 0.10092561321405617,
      "p50": 0.0070521120023640605,
      "p75": 0.0,
      "p90": 0.0,
      "p95": 0.0,
      "p99": 0.0
    }
  }
}