{
  "sample_counts": {
    "downloads": 12327,
    "uploads": 10458
  },
  "metrics": {
    "download_throughput_mbps": {
      "p1": 0.12000703639170689,
      "p5": 0.4257028287481528,
      "p10": 0.7632161905181696,
      "p25": 1.6781361750625596,
      "p50": 3.654153860981295,
      "p75": 8.028680244344935,
      "p90": 19.03340363045115,
      "p95": 34.01543335670509,
      "p99": 103.86684471846601
    },
    "upload_throughput_mbps": {
      "p1": 0.0647399038128403,
      "p5": 0.32478261502151234,
      "p10": 0.5733276814311112,
      "p25": 1.8440757259732392,
      "p50": 5.617837212576555,
      "p75": 13.535210950715918,
      "p90": 29.97080420143345,
      "p95": 47.24471135408755,
      "p99": 101.56225847548305
    },
    "latency_ms": {
      "p1": 308.084,
      "p5": 129.421,
      "p10": 110.88,
      "p25": 92.529,
      "p50": 81.046,
      "p75": 77.217,
      "p90": 75.999,
      "p95": 75.294,
      "p99": 53.831
    },
    "packet_loss": {
      "p1": 0.3548677106195674,
      "p5": 0.24435817164221124,
      "p10": 0.18827322085744422,
      "p25": 0.10096718109588468,
      "p50": 0.0070521120023640605,
      "p75": 0.0,
      "p90": 0.0,
      "p95": 0.0,
      "p99": 0.0
    }
  }
}