{
  "sample_counts": {
    "downloads": 13952,
    "uploads": 11507
  },
  "metrics": {
    "download_throughput_mbps": {
      "p1": 0.052731719307910284,
      "p5": 0.16751084515277215,
      "p10": 0.34172461676460414,
      "p25": 1.0826082846681264,
      "p50": 3.034828786200817,
      "p75": 6.900174631115697,
      "p90": 19.80480109938498,
      "p95": 39.6572171678209,
      "p99": 108.50205180178266
    },
    "upload_throughput_mbps": {
      "p1": 0.03087846867561499,
      "p5": 0.14898112916230463,
      "p10": 0.3211566015230315,
      "p25": 0.7807229214426192,
      "p50": 3.1257228038986336,
      "p75": 9.128420090999104,
      "p90": 22.47258629732347,
      "p95": 36.88604951395049,
      "p99": 77.92677983742075
    },
    "latency_ms": {
      "p1": 631.81,
      "p5": 171.054,
      "p10": 126.464,
      "p25": 103.115,
      "p50": 89.354,
      "p75": 81.258,
      "p90": 78.624,
      "p95": 77.0,
      "p99": 54.304
    },
    "packet_loss": {
      "p1": 0.37453531139690455,
      "p5": 0.2798887923099261,
      "p10": 0.22809025492857338,
      "p25": 0.14679219275151753,
      "p50": 0.06326520509935811,
      "p75": 0.0038119937319142402,
      "p90": 0.0,
      "p95": 0.0,
      "p99": 0.0
    }
  }
}