{
  "sample_counts": {
    "downloads": 13952,
    "uploads": 11507
  },
  "metrics": {
    "download_throughput_mbps": {
      "p1": 0.052509989436458,
      "p5": 0.16715981717903736,
      "p10": 0.34172461676460414,
      "p25": 1.0834875178130365,
      "p50": 3.034828786200817,
      "p75": 6.897400815229549,
      "p90": 19.780558052994735,
      "p95": 39.68771753771702,
      "p99": 108.27574648717982
    },
    "upload_throughput_mbps": {
      "p1": 0.03087846867561499,
      "p5": 0.14945459392292512,
      "p10": 0.3218974017876034,
      "p25": 0.781317071760978,
      "p50": 3.1272815414955812,
      "p75": 9.124735709091608,
      "p90": 22.494233114700034,
      "p95": 36.959618812853286,
      "p99": 78.02494643256776
    },
    "latency_ms": {
      "p1": 624.568,
      "p5": 171.564,
      "p10": 126.431,
      "p25": 103.102,
      "p50": 89.334,
      "p75": 81.257,
      "p90": 78.623,
      "p95": 77.0,
      "p99": 54.322
    },
    "packet_loss": {
      "p1": 0.3751752870425677,
      "p5": 0.28020269976148554,
      "p10": 0.22794684717814404,
      "p25": 0.14679219275151753,
      "p50": 0.0632723749961858,
      "p75": 0.0038070783507951162,
      "p90": 0.0,
      "p95": 0.0,
      "p99": 0.0
    }
  }
}