{
  "metrics": {
    "download_throughput_mbps": {
      "p1": 0.11658645225258349,
      "p5": 0.4243323829786659,
      "p10": 0.7619226866823442,
      "p25": 1.6781361750625596,
      "p50": 3.6540941872974164,
      "p75": 8.026049872049347,
      "p90": 19.081257135585428,
      "p95": 33.946405594084055,
      "p99": 102.18931555196227
    },
    "upload_throughput_mbps": {
      "p1": 0.0647399038128403,
      "p5": 0.32478261502151234,
      "p10": 0.5733276814311112,
      "p25": 1.8440757259732392,
      "p50": 5.617837212576555,
      "p75": 13.535210950715918,
      "p90": 29.97080420143345,
      "p95": 47.24471135408755,
      "p99": 101.56225847548305
    },
    "latency_ms": {
      "p1": 307.993,
      "p5": 129.629,
      "p10": 110.919,
      "p25": 92.529,
      "p50": 81.048,
      "p75": 77.218,
      "p90": 76.0,
      "p95": 75.296,
      "p99": 53.831
    },
    "packet_loss": {
      "p1": 0.3550260513693972,
      "p5": 0.244403955394301,
      "p10": 0.18817279498079334,
      "p25": 0.10096718109588468,
      "p50": 0.00705148861887669,
      "p75": 0.0,
      "p90": 0.0,
      "p95": 0.0,
      "p99": 0.0
    }
  }
}