{
  "metrics": {
    "download_throughput_mbps": {
      "p1": 0.17485250764971164,
      "p5": 0.6625782894683537,
      "p10": 1.9636930825576382,
      "p25": 6.428128086389356,
      "p50": 26.43627724292954,
      "p75": 59.573935055621526,
      "p90": 110.71480706402613,
      "p95": 144.15478820847167,
      "p99": 185.17296201988881
    },
    "upload_throughput_mbps": {
      "p1": 0.15756413823061943,
      "p5": 0.4624976989922961,
      "p10": 0.7973097631283194,
      "p25": 4.045009984141569,
      "p50": 15.641610025802875,
      "p75": 43.765534537861846,
      "p90": 102.17369132749613,
      "p95": 146.02918256517978,
      "p99": 157.85709534303768
    },
    "latency_ms": {
      "p1": 343.907,
      "p5": 227.535,
      "p10": 213.112,
      "p25": 162.825,
      "p50": 122.727,
      "p75": 112.155,
      "p90": 105.588,
      "p95": 101.826,
      "p99": 76.011
    },
    "packet_loss": {
      "p1": 0.22051292459913893,
      "p5": 0.1697473100171281,
      "p10": 0.13509330614302129,
      "p25": 0.06069904402140899,
      "p50": 0.007497539390132656,
      "p75": 5.137288131507961e-05,
      "p90": 0.0,
      "p95": 0.0,
      "p99": 0.0
    }
  }
}