{
  "metrics": {
    "download_throughput_mbps": {
      "p1": 0.39635584076116576,
      "p5": 1.930280043518837,
      "p10": 5.4475730158019795,
      "p25": 19.88376027436475,
      "p50": 50.51885584702348,
      "p75": 142.36598434254685,
      "p90": 204.91000306874193,
      "p95": 218.12170898593644,
      "p99": 231.07669438507912
    },
    "upload_throughput_mbps": {
      "p1": 0.2794409636857976,
      "p5": 1.1560774658838011,
      "p10": 3.21277493329307,
      "p25": 8.322498567355872,
      "p50": 17.74053550812572,
      "p75": 49.50057888286535,
      "p90": 88.70270743881265,
      "p95": 89.26458182335128,
      "p99": 115.53158400272616
    },
    "latency_ms": {
      "p1": 219.906,
      "p5": 128.21,
      "p10": 120.06,
      "p25": 113.872,
      "p50": 106.361,
      "p75": 93.015,
      "p90": 79.503,
      "p95": 73.877,
      "p99": 71.446
    },
    "packet_loss": {
      "p1": 0.2559677810938329,
      "p5": 0.15384200298297632,
      "p10": 0.10613855553558303,
      "p25": 0.03817517807944468,
      "p50": 0.00691045879599112,
      "p75": 6.82635919531276e-06,
      "p90": 0.0,
      "p95": 0.0,
      "p99": 0.0
    }
  }
}