{
  "metrics": {
    "download_throughput_mbps": {
      "p1": 0.5625919772133872,
      "p5": 5.0035283934713135,
      "p10": 9.303886059747828,
      "p25": 26.492267224883292,
      "p50": 85.23568347550939,
      "p75": 310.47186443173246,
      "p90": 548.3153881892329,
      "p95": 645.7805485747497,
      "p99": 784.0139611792988
    },
    "upload_throughput_mbps": {
      "p1": 0.05477337149572053,
      "p5": 0.11222926648440851,
      "p10": 0.7818623887284124,
      "p25": 6.0452159144963655,
      "p50": 25.68174523343034,
      "p75": 193.18704570944925,
      "p90": 396.50866866130144,
      "p95": 549.6150222159645,
      "p99": 682.4092854084296
    },
    "latency_ms": {
      "p1": 267.769,
      "p5": 158.766,
      "p10": 134.158,
      "p25": 27.623,
      "p50": 13.061,
      "p75": 5.803,
      "p90": 4.839,
      "p95": 1.349,
      "p99": 0.744
    },
    "packet_loss": {
      "p1": 0.2367837443218689,
      "p5": 0.11761838689453999,
      "p10": 0.07881906484624705,
      "p25": 0.022359605188704664,
      "p50": 0.0001578259606181245,
      "p75": 9.937105608829156e-06,
      "p90": 0.0,
      "p95": 0.0,
      "p99": 0.0
    }
  }
}