{
  "metrics": {
    "download_throughput_mbps": {
      "p1": 0.08322219029535767,
      "p5": 0.3753585288968888,
      "p10": 0.8243484770670846,
      "p25": 3.3788689515293657,
      "p50": 12.520566409890913,
      "p75": 41.59771646851031,
      "p90": 85.18223532618815,
      "p95": 113.75419520886759,
      "p99": 248.2347085637203
    },
    "upload_throughput_mbps": {
      "p1": 0.027244753878855315,
      "p5": 0.08942826036699553,
      "p10": 0.22578332265003204,
      "p25": 0.7691491922102053,
      "p50": 3.484814562644785,
      "p75": 23.32056779815168,
      "p90": 49.0826142229178,
      "p95": 87.9380201354362,
      "p99": 123.61042929049245
    },
    "latency_ms": {
      "p1": 397.591,
      "p5": 245.896,
      "p10": 224.302,
      "p25": 185.751,
      "p50": 92.87,
      "p75": 77.871,
      "p90": 62.272,
      "p95": 57.263,
      "p99": 33.359
    },
    "packet_loss": {
      "p1": 0.3738048289801585,
      "p5": 0.2234194720762688,
      "p10": 0.15232021935108636,
      "p25": 0.047090392303605844,
      "p50": 0.0008371202644343326,
      "p75": 0.0,
      "p90": 0.0,
      "p95": 0.0,
      "p99": 0.0
    }
  }
}