{
  "sample_counts": {
    "downloads": 84147,
    "uploads": 70802
  },
  "metrics": {
    "download_throughput_mbps": {
      "p1": 0.08210446104459837,
      "p5": 0.37513267951522855,
      "p10": 0.8258783020131438,
      "p25": 3.3735118007644984,
      "p50": 12.52597547720839,
      "p75": 41.624916490681706,
      "p90": 85.23004196752731,
      "p95": 113.93359622968164,
      "p99": 248.2347085637203
    },
    "upload_throughput_mbps": {
      "p1": 0.027929166756660115,
      "p5": 0.08943127560666758,
      "p10": 0.2255685067609412,
      "p25": 0.7683381065902946,
      "p50": 3.4886462872925956,
      "p75": 23.283792146473573,
      "p90": 49.10855505032338,
      "p95": 88.04188251731497,
      "p99": 123.48704478242374
    },
    "latency_ms": {
      "p1": 399.876,
      "p5": 245.504,
      "p10": 224.303,
      "p25": 185.839,
      "p50": 92.861,
      "p75": 77.868,
      "p90": 62.278,
      "p95": 57.253,
      "p99": 33.335
    },
    "packet_loss": {
      "p1": 0.37249207021221425,
      "p5": 0.2236655611056778,
      "p10": 0.15231507986385695,
      "p25": 0.047002253472675996,
      "p50": 0.0008385055730579834,
      "p75": 0.0,
      "p90": 0.0,
      "p95": 0.0,
      "p99": 0.0
    }
  }
}