{
  "sample_counts": {
    "downloads": 84147,
    "uploads": 70802
  },
  "metrics": {
    "download_throughput_mbps": {
      "p1": 0.08085157325966606,
      "p5": 0.37585549215118125,
      "p10": 0.8250310567243887,
      "p25": 3.377646860507698,
      "p50": 12.517680898423706,
      "p75": 41.61795519181757,
      "p90": 85.19054331849046,
      "p95": 114.086975383327,
      "p99": 248.22309788687485
    },
    "upload_throughput_mbps": {
      "p1": 0.027244753878855315,
      "p5": 0.08942826036699553,
      "p10": 0.22578332265003204,
      "p25": 0.7691491922102053,
      "p50": 3.484814562644785,
      "p75": 23.32056779815168,
      "p90": 49.0826142229178,
      "p95": 87.9380201354362,
      "p99": 123.61042929049245
    },
    "latency_ms": {
      "p1": 395.926,
      "p5": 245.895,
      "p10": 224.333,
      "p25": 185.828,
      "p50": 92.862,
      "p75": 77.878,
      "p90": 62.301,
      "p95": 57.258,
      "p99": 33.34
    },
    "packet_loss": {
      "p1": 0.37308843625951715,
      "p5": 0.22372100642216447,
      "p10": 0.1521308180146135,
      "p25": 0.046947468180244305,
      "p50": 0.0008366758160021766,
      "p75": 0.0,
      "p90": 0.0,
      "p95": 0.0,
      "p99": 0.0
    }
  }
}