{
  "sample_counts": {
    "downloads": 17187,
    "uploads": 15854
  },
  "metrics": {
    "download_throughput_mbps": {
      "p1": 0.051517471121182865,
      "p5": 0.26753424192465247,
      "p10": 0.6221449442572868,
      "p25": 2.2895570973154706,
      "p50": 8.936314021076559,
      "p75": 24.98071082860857,
      "p90": 62.39619798539465,
      "p95": 99.86876266685653,
      "p99": 244.98457588945985
    },
    "upload_throughput_mbps": {
      "p1": 0.019081481520154195,
      "p5": 0.09082091053706719,
      "p10": 0.21808715991000266,
      "p25": 0.7435708918411217,
      "p50": 2.7067911759252943,
      "p75": 12.731046684115968,
      "p90": 44.120922633060346,
      "p95": 73.92772851619873,
      "p99": 118.73646926636431
    },
    "latency_ms": {
      "p1": 484.992,
      "p5": 350.784,
      "p10": 331.995,
      "p25": 206.972,
      "p50": 110.539,
      "p75": 80.702,
      "p90": 72.43,
      "p95": 68.913,
      "p99": 38.805
    },
    "packet_loss": {
      "p1": 0.37986759486958804,
      "p5": 0.21465098275126723,
      "p10": 0.12919761663480256,
      "p25": 0.04217508849881904,
      "p50": 0.005976696077408599,
      "p75": 0.0,
      "p90": 0.0,
      "p95": 0.0,
      "p99": 0.0
    }
  }
}