{
  "metrics": {
    "download_throughput_mbps": {
      "p1": 0.10953608074912484,
      "p5": 0.6339511158864963,
      "p10": 2.4150750042664026,
      "p25": 7.451091648656458,
      "p50": 8.661540460253098,
      "p75": 23.029092085433746,
      "p90": 68.15567064345879,
      "p95": 98.45571489268218,
      "p99": 182.62768573836382
    },
    "upload_throughput_mbps": {
      "p1": 0.06923411371638781,
      "p5": 0.3862808436868535,
      "p10": 0.5040656487429077,
      "p25": 1.9815036776845538,
      "p50": 5.005948577650987,
      "p75": 9.27414047898531,
      "p90": 12.60729353559479,
      "p95": 15.791465145092534,
      "p99": 33.802436025410756
    },
    "latency_ms": {
      "p1": 460.123,
      "p5": 429.298,
      "p10": 410.517,
      "p25": 246.205,
      "p50": 213.682,
      "p75": 39.828,
      "p90": 30.805,
      "p95": 28.33,
      "p99": 25.299
    },
    "packet_loss": {
      "p1": 0.4123858764202627,
      "p5": 0.3541561923645154,
      "p10": 0.2946600440550094,
      "p25": 0.14575885010362938,
      "p50": 0.03975419882603762,
      "p75": 0.002068994578586771,
      "p90": 0.0,
      "p95": 0.0,
      "p99": 0.0
    }
  }
}