{
  "metrics": {
    "download_throughput_mbps": {
      "p1": 0.24122310016338427,
      "p5": 0.7725996114458272,
      "p10": 2.0081145712980626,
      "p25": 4.786684942374642,
      "p50": 14.939020032813389,
      "p75": 27.118800618377833,
      "p90": 39.08462076143839,
      "p95": 47.88237513372866,
      "p99": 73.22627416063276
    },
    "upload_throughput_mbps": {
      "p1": 0.07499413302157439,
      "p5": 0.1725849312641007,
      "p10": 0.47020821650869177,
      "p25": 3.3131331311513277,
      "p50": 9.76082784094119,
      "p75": 15.930218915305494,
      "p90": 28.584780403165663,
      "p95": 35.70234731812639,
      "p99": 56.244619060608414
    },
    "latency_ms": {
      "p1": 526.965,
      "p5": 189.264,
      "p10": 163.626,
      "p25": 35.872,
      "p50": 26.311,
      "p75": 18.056,
      "p90": 12.86,
      "p95": 10.424,
      "p99": 9.071
    },
    "packet_loss": {
      "p1": 0.28869086701208374,
      "p5": 0.1565503536472382,
      "p10": 0.09810993676907694,
      "p25": 0.037466421284803125,
      "p50": 0.0005679786228705377,
      "p75": 0.0,
      "p90": 0.0,
      "p95": 0.0,
      "p99": 0.0
    }
  }
}