{
  "sample_counts": {
    "downloads": 25612,
    "uploads": 17855
  },
  "metrics": {
    "download_throughput_mbps": {
      "p1": 0.23436395506957214,
      "p5": 1.0416690411109648,
      "p10": 2.836478103138637,
      "p25": 12.833402523690467,
      "p50": 46.288843982707846,
      "p75": 120.44725037977594,
      "p90": 282.45953767418183,
      "p95": 468.46619069558466,
      "p99": 802.3624325131095
    },
    "upload_throughput_mbps": {
      "p1": 0.058134337357951565,
      "p5": 0.1026780701416702,
      "p10": 0.6321152401272615,
      "p25": 3.2959104514351547,
      "p50": 14.376397224120419,
      "p75": 56.227504120886266,
      "p90": 201.24423649235234,
      "p95": 395.4926410971375,
      "p99": 844.8127233724089
    },
    "latency_ms": {
      "p1": 273.039,
      "p5": 93.121,
      "p10": 63.387,
      "p25": 50.015,
      "p50": 36.53,
      "p75": 15.037,
      "p90": 9.564,
      "p95": 8.646,
      "p99": 7.063
    },
    "packet_loss": {
      "p1": 0.22624090281638046,
      "p5": 0.1165145276886615,
      "p10": 0.077201154997997,
      "p25": 0.018012123544693545,
      "p50": 0.00034501675056323983,
      "p75": 0.0,
      "p90": 0.0,
      "p95": 0.0,
      "p99": 0.0
    }
  }
}