{
  "metrics": {
    "download_throughput_mbps": {
      "p1": 0.6085347131058839,
      "p5": 3.0064744289955225,
      "p10": 7.662838105742841,
      "p25": 25.659020020991186,
      "p50": 87.02176887264602,
      "p75": 255.0129779586797,
      "p90": 563.0607486490484,
      "p95": 784.7631230141171,
      "p99": 911.7557002517957
    },
    "upload_throughput_mbps": {
      "p1": 0.06893944939156604,
      "p5": 0.4570353151998208,
      "p10": 1.4757201637037713,
      "p25": 6.58265111816754,
      "p50": 29.84556728159897,
      "p75": 136.16917065510992,
      "p90": 462.3253238517551,
      "p95": 570.8902505292484,
      "p99": 915.913898043051
    },
    "latency_ms": {
      "p1": 224.573,
      "p5": 72.368,
      "p10": 60.733,
      "p25": 40.938,
      "p50": 25.529,
      "p75": 10.06,
      "p90": 1.448,
      "p95": 0.642,
      "p99": 0.206
    },
    "packet_loss": {
      "p1": 0.21656973088674575,
      "p5": 0.12091697808242145,
      "p10": 0.09027009331352275,
      "p25": 0.034664920707921085,
      "p50": 0.003073694430960344,
      "p75": 3.317603159464076e-05,
      "p90": 0.0,
      "p95": 0.0,
      "p99": 0.0
    }
  }
}