{
  "metrics": {
    "download_throughput_mbps": {
      "p1": 1.3472195658410635,
      "p5": 8.00420314880607,
      "p10": 10.886470519382815,
      "p25": 25.646024336405,
      "p50": 41.41610158231744,
      "p75": 62.576290717509316,
      "p90": 198.04636717528544,
      "p95": 458.99751571614786,
      "p99": 790.0231207145116
    },
    "upload_throughput_mbps": {
      "p1": 0.11688414413601818,
      "p5": 1.0260604929805752,
      "p10": 6.743350540591213,
      "p25": 13.954615431153403,
      "p50": 18.31289907266994,
      "p75": 20.2734623815734,
      "p90": 81.08563459313781,
      "p95": 186.7337016521547,
      "p99": 412.94767951510505
    },
    "latency_ms": {
      "p1": 197.229,
      "p5": 41.686,
      "p10": 27.029,
      "p25": 18.18,
      "p50": 12.544,
      "p75": 7.396,
      "p90": 5.066,
      "p95": 4.88,
      "p99": 4.252
    },
    "packet_loss": {
      "p1": 0.125769586804907,
      "p5": 0.04648922129153966,
      "p10": 0.01713679745493107,
      "p25": 0.00028933025740102505,
      "p50": 0.0,
      "p75": 0.0,
      "p90": 0.0,
      "p95": 0.0,
      "p99": 0.0
    }
  }
}