{
  "sample_counts": {
    "downloads": 8099,
    "uploads": 7391
  },
  "metrics": {
    "download_throughput_mbps": {
      "p1": 0.9583139631919366,
      "p5": 6.861317226252526,
      "p10": 17.578960078990644,
      "p25": 35.02945695814563,
      "p50": 63.57025924903165,
      "p75": 215.54119273845788,
      "p90": 461.83041673487304,
      "p95": 639.8593897317091,
      "p99": 1574.2602870543383
    },
    "upload_throughput_mbps": {
      "p1": 0.08327239430532658,
      "p5": 1.958268801712164,
      "p10": 8.750424073685371,
      "p25": 17.993359274261973,
      "p50": 20.46009781009227,
      "p75": 97.6252536472606,
      "p90": 231.4210886346135,
      "p95": 358.1786792158883,
      "p99": 450.4822105982443
    },
    "latency_ms": {
      "p1": 266.35,
      "p5": 73.326,
      "p10": 32.041,
      "p25": 18.0,
      "p50": 13.788,
      "p75": 8.576,
      "p90": 7.252,
      "p95": 5.0,
      "p99": 3.798
    },
    "packet_loss": {
      "p1": 0.1649340330005064,
      "p5": 0.0935053897634737,
      "p10": 0.05784690192971515,
      "p25": 0.01899494065448678,
      "p50": 0.00016094887761819167,
      "p75": 0.0,
      "p90": 0.0,
      "p95": 0.0,
      "p99": 0.0
    }
  }
}