{
  "sample_counts": {
    "downloads": 23899,
    "uploads": 23264
  },
  "metrics": {
    "download_throughput_mbps": {
      "p1": 1.3302339830163374,
      "p5": 8.018909805573461,
      "p10": 10.886470519382815,
      "p25": 25.636128071812337,
      "p50": 41.40999799201767,
      "p75": 62.57021341610045,
      "p90": 197.64412724557903,
      "p95": 458.9196376116014,
      "p99": 788.606725571473
    },
    "upload_throughput_mbps": {
      "p1": 0.11688414413601818,
      "p5": 1.0109837670964181,
      "p10": 6.749089885186747,
      "p25": 13.954615431153403,
      "p50": 18.318694598751033,
      "p75": 20.2730905606574,
      "p90": 81.17984997419038,
      "p95": 187.29128279177857,
      "p99": 412.94767951510505
    },
    "latency_ms": {
      "p1": 197.469,
      "p5": 41.833,
      "p10": 27.029,
      "p25": 18.178,
      "p50": 12.541,
      "p75": 7.396,
      "p90": 5.076,
      "p95": 4.88,
      "p99": 4.241
    },
    "packet_loss": {
      "p1": 0.125769586804907,
      "p5": 0.04706799533990487,
      "p10": 0.017069688379213376,
      "p25": 0.00028921075031267953,
      "p50": 0.0,
      "p75": 0.0,
      "p90": 0.0,
      "p95": 0.0,
      "p99": 0.0
    }
  }
}