{
  "metrics": {
    "download_throughput_mbps": {
      "p1": 0.19480072282740407,
      "p5": 0.9851475523445213,
      "p10": 2.5928579235426215,
      "p25": 13.814041300794718,
      "p50": 40.581343486407405,
      "p75": 93.31486849593112,
      "p90": 264.6088721844265,
      "p95": 381.2075984029823,
      "p99": 614.7024705632214
    },
    "upload_throughput_mbps": {
      "p1": 0.05376016576479366,
      "p5": 0.27594779913045664,
      "p10": 0.7592680937474033,
      "p25": 3.6699937543360166,
      "p50": 15.122997351734531,
      "p75": 49.12824884090325,
      "p90": 108.6454532609249,
      "p95": 241.66560207026336,
      "p99": 741.5370286796455
    },
    "latency_ms": {
      "p1": 300.0,
      "p5": 186.948,
      "p10": 100.93,
      "p25": 42.494,
      "p50": 30.169,
      "p75": 18.836,
      "p90": 13.622,
      "p95": 1.18,
      "p99": 0.184
    },
    "packet_loss": {
      "p1": 0.21711456545427713,
      "p5": 0.11509011748299747,
      "p10": 0.07144591448487109,
      "p25": 0.021996618289504388,
      "p50": 0.0015286782426888177,
      "p75": 0.0,
      "p90": 0.0,
      "p95": 0.0,
      "p99": 0.0
    }
  }
}