{
  "sample_counts": {
    "downloads": 15483,
    "uploads": 11335
  },
  "metrics": {
    "download_throughput_mbps": {
      "p1": 0.17812104450994543,
      "p5": 0.7940766021333363,
      "p10": 1.8801218184894188,
      "p25": 8.135901785873358,
      "p50": 29.875590466928504,
      "p75": 91.9793497249133,
      "p90": 254.0341560299808,
      "p95": 365.95260045228287,
      "p99": 674.7530634242918
    },
    "upload_throughput_mbps": {
      "p1": 0.05775221696619868,
      "p5": 0.10862764787591446,
      "p10": 0.618604193030815,
      "p25": 3.441237796905508,
      "p50": 10.312228435753944,
      "p75": 35.59503537610025,
      "p90": 101.96145806937548,
      "p95": 242.585677166814,
      "p99": 766.1731898899214
    },
    "latency_ms": {
      "p1": 325.883,
      "p5": 115.0,
      "p10": 63.602,
      "p25": 47.552,
      "p50": 33.868,
      "p75": 21.246,
      "p90": 14.363,
      "p95": 9.779,
      "p99": 9.463
    },
    "packet_loss": {
      "p1": 0.2512441357791344,
      "p5": 0.13407829637475097,
      "p10": 0.08853344104434918,
      "p25": 0.025019239593305244,
      "p50": 0.0004875332233016639,
      "p75": 0.0,
      "p90": 0.0,
      "p95": 0.0,
      "p99": 0.0
    }
  }
}