{
  "metrics": {
    "download_throughput_mbps": {
      "p1": 0.09838630638685661,
      "p5": 0.290173706324166,
      "p10": 0.5541657673892566,
      "p25": 1.6533343569271712,
      "p50": 4.858220899946431,
      "p75": 11.952817101021234,
      "p90": 29.0800459880014,
      "p95": 44.50513668152575,
      "p99": 85.12848360846296
    },
    "upload_throughput_mbps": {
      "p1": 0.0296999594911464,
      "p5": 0.1309880553138099,
      "p10": 0.2937853378514586,
      "p25": 0.9582200911696911,
      "p50": 3.291895663936181,
      "p75": 8.21726971202548,
      "p90": 17.3507966125305,
      "p95": 25.44017549682218,
      "p99": 79.9973593035153
    },
    "latency_ms": {
      "p1": 282.802,
      "p5": 159.659,
      "p10": 137.613,
      "p25": 118.454,
      "p50": 90.619,
      "p75": 69.0,
      "p90": 52.86,
      "p95": 47.226,
      "p99": 36.369
    },
    "packet_loss": {
      "p1": 0.3592400690846287,
      "p5": 0.25922895508502425,
      "p10": 0.20735260796096358,
      "p25": 0.12926347907156954,
      "p50": 0.032596221101978635,
      "p75": 0.0002809310739361403,
      "p90": 0.0,
      "p95": 0.0,
      "p99": 0.0
    }
  }
}