{
  "sample_counts": {
    "downloads": 9170,
    "uploads": 7848
  },
  "metrics": {
    "download_throughput_mbps": {
      "p1": 0.09714550403707446,
      "p5": 0.29026262069440734,
      "p10": 0.5535491341270626,
      "p25": 1.653447010049825,
      "p50": 4.859965530542462,
      "p75": 11.924782202585478,
      "p90": 29.088895669864,
      "p95": 44.443415640759795,
      "p99": 85.13726448936677
    },
    "upload_throughput_mbps": {
      "p1": 0.0296999594911464,
      "p5": 0.1309880553138099,
      "p10": 0.2937853378514586,
      "p25": 0.9582200911696911,
      "p50": 3.291895663936181,
      "p75": 8.21726971202548,
      "p90": 17.3507966125305,
      "p95": 25.44017549682218,
      "p99": 79.9973593035153
    },
    "latency_ms": {
      "p1": 283.152,
      "p5": 159.637,
      "p10": 137.613,
      "p25": 118.426,
      "p50": 90.61,
      "p75": 69.0,
      "p90": 52.909,
      "p95": 47.209,
      "p99": 36.491
    },
    "packet_loss": {
      "p1": 0.3592400690846287,
      "p5": 0.2595302371619142,
      "p10": 0.20728542060827795,
      "p25": 0.12932439775403007,
      "p50": 0.032576274664428494,
      "p75": 0.0002763636076505343,
      "p90": 0.0,
      "p95": 0.0,
      "p99": 0.0
    }
  }
}