{
  "sample_counts": {
    "downloads": 8889,
    "uploads": 6743
  },
  "metrics": {
    "download_throughput_mbps": {
      "p1": 0.10185730009394493,
      "p5": 0.32505605547744787,
      "p10": 0.6768593005621173,
      "p25": 1.9207314999292917,
      "p50": 4.988116081585316,
      "p75": 12.626495657007663,
      "p90": 27.13040029240848,
      "p95": 38.74048937403101,
      "p99": 82.07094532876208
    },
    "upload_throughput_mbps": {
      "p1": 0.026468826468826468,
      "p5": 0.11428018300316872,
      "p10": 0.24894838757093954,
      "p25": 0.8247094109861337,
      "p50": 2.7401647304650565,
      "p75": 7.304925931581322,
      "p90": 14.61241588206255,
      "p95": 20.203542716648066,
      "p99": 39.52351898616465
    },
    "latency_ms": {
      "p1": 256.196,
      "p5": 137.663,
      "p10": 123.206,
      "p25": 106.566,
      "p50": 87.078,
      "p75": 54.887,
      "p90": 41.008,
      "p95": 37.09,
      "p99": 26.665
    },
    "packet_loss": {
      "p1": 0.34701547402504596,
      "p5": 0.23668842187466663,
      "p10": 0.1892930758066533,
      "p25": 0.11175462005851827,
      "p50": 0.011481680965152381,
      "p75": 0.00011374635954967477,
      "p90": 0.0,
      "p95": 0.0,
      "p99": 0.0
    }
  }
}