{
  "metrics": {
    "download_throughput_mbps": {
      "p1": 0.1017813646350247,
      "p5": 0.32505605547744787,
      "p10": 0.6766684933686041,
      "p25": 1.9207314999292917,
      "p50": 4.991072667611846,
      "p75": 12.626495657007663,
      "p90": 27.191619623916665,
      "p95": 38.72714473565506,
      "p99": 83.05582884554147
    },
    "upload_throughput_mbps": {
      "p1": 0.02728460956867266,
      "p5": 0.11421763535418254,
      "p10": 0.24894838757093954,
      "p25": 0.8258871777887509,
      "p50": 2.740729222668055,
      "p75": 7.30378913225037,
      "p90": 14.61241588206255,
      "p95": 20.203542716648066,
      "p99": 39.64816878567702
    },
    "latency_ms": {
      "p1": 253.865,
      "p5": 137.662,
      "p10": 123.223,
      "p25": 106.553,
      "p50": 87.078,
      "p75": 54.921,
      "p90": 41.008,
      "p95": 37.056,
      "p99": 26.683
    },
    "packet_loss": {
      "p1": 0.34758376784593586,
      "p5": 0.23680184529151171,
      "p10": 0.1892930758066533,
      "p25": 0.1117732976699881,
      "p50": 0.011441493029411323,
      "p75": 0.00011374635954967477,
      "p90": 0.0,
      "p95": 0.0,
      "p99": 0.0
    }
  }
}