{
  "sample_counts": {
    "downloads": 1495140,
    "uploads": 906731
  },
  "metrics": {
    "download_throughput_mbps": {
      "p1": 0.12054041030282017,
      "p5": 0.42244046893365705,
      "p10": 0.9404211898541629,
      "p25": 3.864059970106114,
      "p50": 12.610738391913495,
      "p75": 44.90373515863043,
      "p90": 93.92944672458307,
      "p95": 151.93140652809322,
      "p99": 212.10075144675457
    },
    "upload_throughput_mbps": {
      "p1": 0.02781560779993002,
      "p5": 0.07629539828580137,
      "p10": 0.08321079570963333,
      "p25": 0.504546738164361,
      "p50": 3.6006403156458537,
      "p75": 32.58085716699991,
      "p90": 88.05587305244408,
      "p95": 114.02650400121999,
      "p99": 184.0092053781504
    },
    "latency_ms": {
      "p1": 413.463,
      "p5": 114.824,
      "p10": 89.75,
      "p25": 71.65,
      "p50": 52.415,
      "p75": 39.943,
      "p90": 27.704,
      "p95": 21.888,
      "p99": 14.343
    },
    "packet_loss": {
      "p1": 0.3968994991770931,
      "p5": 0.26075347411804073,
      "p10": 0.19145813903045247,
      "p25": 0.10132171711779792,
      "p50": 0.03047831263894793,
      "p75": 8.277063127099583e-05,
      "p90": 0.0,
      "p95": 0.0,
      "p99": 0.0
    }
  }
}