{
  "metrics": {
    "download_throughput_mbps": {
      "p1": 0.12011713372767242,
      "p5": 0.4187430470567703,
      "p10": 0.9382487847580991,
      "p25": 3.855790604209493,
      "p50": 12.629352143851508,
      "p75": 44.88948014916078,
      "p90": 93.9819392505701,
      "p95": 151.99483739732858,
      "p99": 212.61153695138123
    },
    "upload_throughput_mbps": {
      "p1": 0.02781560779993002,
      "p5": 0.07629539828580137,
      "p10": 0.08321079570963333,
      "p25": 0.504546738164361,
      "p50": 3.6006403156458537,
      "p75": 32.58085716699991,
      "p90": 88.05587305244408,
      "p95": 114.02650400121999,
      "p99": 184.0092053781504
    },
    "latency_ms": {
      "p1": 424.305,
      "p5": 114.808,
      "p10": 89.809,
      "p25": 71.658,
      "p50": 52.427,
      "p75": 39.935,
      "p90": 27.699,
      "p95": 21.865,
      "p99": 14.337
    },
    "packet_loss": {
      "p1": 0.3992424826260602,
      "p5": 0.26102856271147656,
      "p10": 0.19116708705725163,
      "p25": 0.10133054976762293,
      "p50": 0.0305156699181166,
      "p75": 8.319945701407001e-05,
      "p90": 0.0,
      "p95": 0.0,
      "p99": 0.0
    }
  }
}