{
  "sample_counts": {
    "downloads": 1337950,
    "uploads": 820986
  },
  "metrics": {
    "download_throughput_mbps": {
      "p1": 0.10529678413196962,
      "p5": 0.3764720480672024,
      "p10": 0.8226573140815204,
      "p25": 3.0984213133129344,
      "p50": 9.502075741549131,
      "p75": 25.726581765877828,
      "p90": 73.05857503314621,
      "p95": 89.03151906830958,
      "p99": 129.48289829995448
    },
    "upload_throughput_mbps": {
      "p1": 0.022352051206284588,
      "p5": 0.06876309953904822,
      "p10": 0.07547646025497144,
      "p25": 0.2918892616318796,
      "p50": 0.9982281034787568,
      "p75": 16.1372765680858,
      "p90": 54.17217450608043,
      "p95": 87.24698683374746,
      "p99": 94.02181668365809
    },
    "latency_ms": {
      "p1": 424.852,
      "p5": 121.604,
      "p10": 96.102,
      "p25": 74.269,
      "p50": 56.0,
      "p75": 43.0,
      "p90": 29.585,
      "p95": 21.138,
      "p99": 13.75
    },
    "packet_loss": {
      "p1": 0.4075356619262443,
      "p5": 0.2672616794983969,
      "p10": 0.1968565912988724,
      "p25": 0.10425107099658644,
      "p50": 0.03381711912938236,
      "p75": 0.00014745926019018893,
      "p90": 0.0,
      "p95": 0.0,
      "p99": 0.0
    }
  }
}