{
  "metrics": {
    "download_throughput_mbps": {
      "p1": 0.2072800535077137,
      "p5": 1.0159741409792258,
      "p10": 2.976827772042493,
      "p25": 11.86223112518479,
      "p50": 48.45652904359053,
      "p75": 96.66014344057376,
      "p90": 254.41274502539315,
      "p95": 320.0047215952784,
      "p99": 568.5914518376524
    },
    "upload_throughput_mbps": {
      "p1": 0.07640131510132556,
      "p5": 0.4201411633703982,
      "p10": 1.102704438796177,
      "p25": 5.787877430445289,
      "p50": 25.20007999968,
      "p75": 78.45529605350328,
      "p90": 156.4792445566775,
      "p95": 265.483694669047,
      "p99": 438.08444915581407
    },
    "latency_ms": {
      "p1": 390.551,
      "p5": 295.775,
      "p10": 197.849,
      "p25": 77.979,
      "p50": 47.956,
      "p75": 39.675,
      "p90": 24.076,
      "p95": 17.0,
      "p99": 9.002
    },
    "packet_loss": {
      "p1": 0.2954643099294395,
      "p5": 0.20654003062879864,
      "p10": 0.14848543414675228,
      "p25": 0.059190391684524814,
      "p50": 0.005314537987279864,
      "p75": 0.0,
      "p90": 0.0,
      "p95": 0.0,
      "p99": 0.0
    }
  }
}