{
  "metrics": {
    "download_throughput_mbps": {
      "p1": 0.2248072015022518,
      "p5": 0.930671097642987,
      "p10": 2.1324640879403987,
      "p25": 8.993905817174515,
      "p50": 30.707678404369478,
      "p75": 86.51910413438364,
      "p90": 199.7321205622469,
      "p95": 314.15834834042965,
      "p99": 348.9041568810662
    },
    "upload_throughput_mbps": {
      "p1": 0.0687843633082734,
      "p5": 0.3097546990302641,
      "p10": 0.7991768056945272,
      "p25": 5.737473518842684,
      "p50": 25.993794994518428,
      "p75": 79.92472618713575,
      "p90": 261.4924251779651,
      "p95": 357.87862290344276,
      "p99": 399.35762095762095
    },
    "latency_ms": {
      "p1": 444.994,
      "p5": 258.236,
      "p10": 192.0,
      "p25": 84.173,
      "p50": 58.201,
      "p75": 43.862,
      "p90": 38.357,
      "p95": 31.42,
      "p99": 15.384
    },
    "packet_loss": {
      "p1": 0.26462775210702133,
      "p5": 0.1703299820907671,
      "p10": 0.12205770508024619,
      "p25": 0.05265172396028243,
      "p50": 0.0030583129120659493,
      "p75": 0.0,
      "p90": 0.0,
      "p95": 0.0,
      "p99": 0.0
    }
  }
}