{
  "metrics": {
    "download_throughput_mbps": {
      "p1": 0.4183495852364992,
      "p5": 2.3549585319668473,
      "p10": 5.25625432827794,
      "p25": 16.725344834968215,
      "p50": 56.12261246208004,
      "p75": 219.11790813182185,
      "p90": 364.51495968437257,
      "p95": 461.2155657107706,
      "p99": 681.5369780990194
    },
    "upload_throughput_mbps": {
      "p1": 0.08287171052500003,
      "p5": 0.7139072149722826,
      "p10": 2.225391483159515,
      "p25": 6.993656141235082,
      "p50": 11.7481991964919,
      "p75": 32.70292000363988,
      "p90": 80.44927256814724,
      "p95": 467.4423392537073,
      "p99": 580.61221471847
    },
    "latency_ms": {
      "p1": 118.529,
      "p5": 50.64,
      "p10": 41.001,
      "p25": 23.914,
      "p50": 16.476,
      "p75": 13.381,
      "p90": 3.545,
      "p95": 1.235,
      "p99": 0.418
    },
    "packet_loss": {
      "p1": 0.1497023621406799,
      "p5": 0.09033834460164859,
      "p10": 0.06672783756844099,
      "p25": 0.03173406722105137,
      "p50": 0.0029993817064026275,
      "p75": 4.44195124683207e-06,
      "p90": 0.0,
      "p95": 0.0,
      "p99": 0.0
    }
  }
}