{
  "metrics": {
    "download_throughput_mbps": {
      "p1": 0.2690172492930385,
      "p5": 0.9089373988179709,
      "p10": 3.4524581730017054,
      "p25": 15.45454284817778,
      "p50": 45.55005102864186,
      "p75": 81.0982485925493,
      "p90": 117.4726912663331,
      "p95": 148.62257046219617,
      "p99": 269.25860459206444
    },
    "upload_throughput_mbps": {
      "p1": 0.045043715394562485,
      "p5": 0.08179734815190799,
      "p10": 0.1420120852030112,
      "p25": 2.348584413044287,
      "p50": 4.617898223248436,
      "p75": 8.107029238297201,
      "p90": 71.16859053490226,
      "p95": 138.9028014151525,
      "p99": 265.8511431027095
    },
    "latency_ms": {
      "p1": 880.068,
      "p5": 147.16,
      "p10": 135.622,
      "p25": 123.0,
      "p50": 101.303,
      "p75": 94.106,
      "p90": 79.108,
      "p95": 59.702,
      "p99": 38.482
    },
    "packet_loss": {
      "p1": 0.2880131252944217,
      "p5": 0.19584278044479056,
      "p10": 0.14781745793991752,
      "p25": 0.08094894363015981,
      "p50": 0.028774140454683697,
      "p75": 0.0025359085185951437,
      "p90": 0.0,
      "p95": 0.0,
      "p99": 0.0
    }
  }
}