{
  "sample_counts": {
    "downloads": 50245,
    "uploads": 37762
  },
  "metrics": {
    "download_throughput_mbps": {
      "p1": 0.08139039457594688,
      "p5": 0.260337854200227,
      "p10": 0.5792153691144777,
      "p25": 2.1964287481258564,
      "p50": 7.066744438681559,
      "p75": 15.996564048446917,
      "p90": 27.4943072163396,
      "p95": 34.3392513463097,
      "p99": 69.56555662006247
    },
    "upload_throughput_mbps": {
      "p1": 0.024553012754779356,
      "p5": 0.06931328291930956,
      "p10": 0.07665443417186871,
      "p25": 0.4874115383915431,
      "p50": 1.722541659029482,
      "p75": 7.199555531733962,
      "p90": 18.959527130695356,
      "p95": 27.99169215286439,
      "p99": 69.08056967961346
    },
    "latency_ms": {
      "p1": 612.849,
      "p5": 439.146,
      "p10": 393.63,
      "p25": 332.0,
      "p50": 267.101,
      "p75": 58.171,
      "p90": 50.156,
      "p95": 47.401,
      "p99": 39.765
    },
    "packet_loss": {
      "p1": 0.38513028784869413,
      "p5": 0.29711322741632706,
      "p10": 0.223806728771294,
      "p25": 0.11404383235350506,
      "p50": 0.024598524674382928,
      "p75": 0.0009113467177983307,
      "p90": 0.0,
      "p95": 0.0,
      "p99": 0.0
    }
  }
}