{
  "sample_counts": {
    "downloads": 85049,
    "uploads": 61740
  },
  "metrics": {
    "download_throughput_mbps": {
      "p1": 0.08990576362863044,
      "p5": 0.2865130065142671,
      "p10": 0.5900167725780161,
      "p25": 2.2972796351118845,
      "p50": 7.811925281013559,
      "p75": 25.26166372107484,
      "p90": 62.73336271211999,
      "p95": 91.37344203877804,
      "p99": 188.4865312736766
    },
    "upload_throughput_mbps": {
      "p1": 0.024297131689725797,
      "p5": 0.07593880842801502,
      "p10": 0.08330750114694907,
      "p25": 0.4585351932460454,
      "p50": 2.9872299977311596,
      "p75": 6.212161926105418,
      "p90": 19.039550746634145,
      "p95": 57.4457061620303,
      "p99": 181.97113415422425
    },
    "latency_ms": {
      "p1": 535.558,
      "p5": 395.293,
      "p10": 183.526,
      "p25": 108.577,
      "p50": 80.044,
      "p75": 18.0,
      "p90": 3.983,
      "p95": 2.511,
      "p99": 1.117
    },
    "packet_loss": {
      "p1": 0.38137761501028444,
      "p5": 0.27661475419013176,
      "p10": 0.21742608624909324,
      "p25": 0.12635614456686517,
      "p50": 0.03664848065187292,
      "p75": 0.0030391546210184928,
      "p90": 0.0,
      "p95": 0.0,
      "p99": 0.0
    }
  }
}