{
  "metrics": {
    "download_throughput_mbps": {
      "p1": 0.08242578911453965,
      "p5": 0.26110728106286757,
      "p10": 0.5778775311601098,
      "p25": 2.1964287481258564,
      "p50": 7.067224154648115,
      "p75": 16.018484018413854,
      "p90": 27.488722531636235,
      "p95": 34.28026706661641,
      "p99": 68.94894743784192
    },
    "upload_throughput_mbps": {
      "p1": 0.023653695624958254,
      "p5": 0.06926844673092167,
      "p10": 0.07666800294427722,
      "p25": 0.48625671385815517,
      "p50": 1.7220836348059596,
      "p75": 7.189116832649502,
      "p90": 18.946421502313775,
      "p95": 27.988464154580328,
      "p99": 68.39170341761854
    },
    "latency_ms": {
      "p1": 598.56,
      "p5": 439.174,
      "p10": 393.834,
      "p25": 332.0,
      "p50": 267.131,
      "p75": 58.177,
      "p90": 50.152,
      "p95": 47.422,
      "p99": 39.843
    },
    "packet_loss": {
      "p1": 0.38430227284033347,
      "p5": 0.2969095673523858,
      "p10": 0.22396706837781957,
      "p25": 0.11410943461554718,
      "p50": 0.024553465534974117,
      "p75": 0.0009073649055654256,
      "p90": 0.0,
      "p95": 0.0,
      "p99": 0.0
    }
  }
}