{
  "sample_counts": {
    "downloads": 50245,
    "uploads": 37762
  },
  "metrics": {
    "download_throughput_mbps": {
      "p1": 0.08274658744001366,
      "p5": 0.2606519037231414,
      "p10": 0.5778775311601098,
      "p25": 2.191745084952949,
      "p50": 7.062316596857608,
      "p75": 16.019960028290537,
      "p90": 27.4943072163396,
      "p95": 34.296418280334635,
      "p99": 69.4116009950784
    },
    "upload_throughput_mbps": {
      "p1": 0.024146988975826813,
      "p5": 0.06921240787603124,
      "p10": 0.076676424285521,
      "p25": 0.4878527583804958,
      "p50": 1.7226919569126427,
      "p75": 7.210163857705992,
      "p90": 18.950222756845317,
      "p95": 27.984828383386095,
      "p99": 67.91488389863717
    },
    "latency_ms": {
      "p1": 608.632,
      "p5": 439.193,
      "p10": 393.753,
      "p25": 332.03,
      "p50": 266.917,
      "p75": 58.192,
      "p90": 50.154,
      "p95": 47.391,
      "p99": 39.843
    },
    "packet_loss": {
      "p1": 0.3849143257432055,
      "p5": 0.2971763551992652,
      "p10": 0.22378089882114086,
      "p25": 0.11398171282239201,
      "p50": 0.024575717541847533,
      "p75": 0.0009105737406369265,
      "p90": 0.0,
      "p95": 0.0,
      "p99": 0.0
    }
  }
}