{
  "metrics": {
    "download_throughput_mbps": {
      "p1": 0.257930864651873,
      "p5": 1.8329028441180863,
      "p10": 4.3681521653698026,
      "p25": 16.01995131509129,
      "p50": 39.75829166324617,
      "p75": 90.84603116685048,
      "p90": 187.67294710984353,
      "p95": 294.596603140547,
      "p99": 479.57232216387536
    },
    "upload_throughput_mbps": {
      "p1": 0.07626890079648777,
      "p5": 0.36784235350563593,
      "p10": 0.7820660524193362,
      "p25": 3.9840180379057615,
      "p50": 13.549655377428984,
      "p75": 39.47108044285092,
      "p90": 131.88334401763564,
      "p95": 264.1331153939722,
      "p99": 327.11680012927286
    },
    "latency_ms": {
      "p1": 197.414,
      "p5": 68.201,
      "p10": 58.996,
      "p25": 47.877,
      "p50": 39.461,
      "p75": 21.503,
      "p90": 8.0,
      "p95": 5.613,
      "p99": 3.0
    },
    "packet_loss": {
      "p1": 0.25988578225399533,
      "p5": 0.1687285908142222,
      "p10": 0.13935332622282834,
      "p25": 0.09629642506702517,
      "p50": 0.02615097427167816,
      "p75": 0.0004146955609112509,
      "p90": 0.0,
      "p95": 0.0,
      "p99": 0.0
    }
  }
}