{
  "sample_counts": {
    "downloads": 4335,
    "uploads": 4299
  },
  "metrics": {
    "download_throughput_mbps": {
      "p1": 0.08838902694967198,
      "p5": 0.29547354354235317,
      "p10": 0.6940516924568829,
      "p25": 3.949731926004394,
      "p50": 11.990997281787475,
      "p75": 23.075682416735773,
      "p90": 38.645817346098674,
      "p95": 60.352494850193395,
      "p99": 125.77952159746683
    },
    "upload_throughput_mbps": {
      "p1": 0.03393229669946457,
      "p5": 0.1959569191084835,
      "p10": 0.5132935704812019,
      "p25": 2.094172388173111,
      "p50": 6.993390950279635,
      "p75": 14.935901769214329,
      "p90": 24.33324968454744,
      "p95": 31.167345399714353,
      "p99": 53.881161158542554
    },
    "latency_ms": {
      "p1": 459.794,
      "p5": 243.0,
      "p10": 209.0,
      "p25": 106.006,
      "p50": 81.3,
      "p75": 64.986,
      "p90": 58.935,
      "p95": 57.893,
      "p99": 35.599
    },
    "packet_loss": {
      "p1": 0.3747624109510404,
      "p5": 0.27944382076954755,
      "p10": 0.2325196844096387,
      "p25": 0.15433639189601026,
      "p50": 0.08002771191009912,
      "p75": 0.006590227722565623,
      "p90": 0.0,
      "p95": 0.0,
      "p99": 0.0
    }
  }
}