{
  "metrics": {
    "download_throughput_mbps": {
      "p1": 0.10195942074912945,
      "p5": 0.38077611414526763,
      "p10": 1.0360438883125254,
      "p25": 5.844075778418829,
      "p50": 15.021082877903698,
      "p75": 25.755012886400774,
      "p90": 52.894452101623024,
      "p95": 73.87623330008734,
      "p99": 120.74124188025984
    },
    "upload_throughput_mbps": {
      "p1": 0.04674573685843633,
      "p5": 0.215035488623431,
      "p10": 0.6225499867255376,
      "p25": 3.6984207753448213,
      "p50": 10.52158434775183,
      "p75": 21.084978504378324,
      "p90": 35.17631406932595,
      "p95": 64.32741554161824,
      "p99": 99.09540682261157
    },
    "latency_ms": {
      "p1": 381.051,
      "p5": 251.01,
      "p10": 228.821,
      "p25": 127.495,
      "p50": 89.455,
      "p75": 73.107,
      "p90": 60.594,
      "p95": 58.329,
      "p99": 42.461
    },
    "packet_loss": {
      "p1": 0.4049759114115194,
      "p5": 0.2903832762937612,
      "p10": 0.2370819527028241,
      "p25": 0.16385716554037813,
      "p50": 0.09065402828295877,
      "p75": 0.006184125718068359,
      "p90": 0.0,
      "p95": 0.0,
      "p99": 0.0
    }
  }
}