{
  "sample_counts": {
    "downloads": 41650,
    "uploads": 31785
  },
  "metrics": {
    "download_throughput_mbps": {
      "p1": 0.10351891288915932,
      "p5": 0.378601967964323,
      "p10": 1.0366313769342923,
      "p25": 5.847034203663828,
      "p50": 15.033754350100995,
      "p75": 25.74929007194352,
      "p90": 52.89801242280744,
      "p95": 73.8207223557607,
      "p99": 121.52747364663107
    },
    "upload_throughput_mbps": {
      "p1": 0.046685935154090405,
      "p5": 0.21509522257263933,
      "p10": 0.6225213761324313,
      "p25": 3.7000366070458113,
      "p50": 10.524194383038058,
      "p75": 21.089591851631862,
      "p90": 35.22629824221055,
      "p95": 64.3085669177418,
      "p99": 98.97154480569547
    },
    "latency_ms": {
      "p1": 380.023,
      "p5": 251.273,
      "p10": 228.873,
      "p25": 127.547,
      "p50": 89.45,
      "p75": 73.112,
      "p90": 60.597,
      "p95": 58.328,
      "p99": 42.729
    },
    "packet_loss": {
      "p1": 0.4046452383564315,
      "p5": 0.29021082944948057,
      "p10": 0.23716429946581521,
      "p25": 0.1637728783448605,
      "p50": 0.0906876974491573,
      "p75": 0.006231933213732745,
      "p90": 0.0,
      "p95": 0.0,
      "p99": 0.0
    }
  }
}