{
  "metrics": {
    "download_throughput_mbps": {
      "p1": 0.08838902694967198,
      "p5": 0.29547354354235317,
      "p10": 0.6940516924568829,
      "p25": 3.950985975907634,
      "p50": 11.985067266978845,
      "p75": 23.063069384239707,
      "p90": 38.645817346098674,
      "p95": 59.5567257740962,
      "p99": 125.77952159746683
    },
    "upload_throughput_mbps": {
      "p1": 0.03393229669946457,
      "p5": 0.1959569191084835,
      "p10": 0.5132935704812019,
      "p25": 2.094172388173111,
      "p50": 6.993390950279635,
      "p75": 14.935901769214329,
      "p90": 24.33324968454744,
      "p95": 31.167345399714353,
      "p99": 53.881161158542554
    },
    "latency_ms": {
      "p1": 459.794,
      "p5": 243.0,
      "p10": 208.72,
      "p25": 106.006,
      "p50": 81.306,
      "p75": 64.986,
      "p90": 58.935,
      "p95": 57.893,
      "p99": 35.599
    },
    "packet_loss": {
      "p1": 0.3759362876104241,
      "p5": 0.2797644967519879,
      "p10": 0.23240891976689815,
      "p25": 0.15439559257463348,
      "p50": 0.08002771191009912,
      "p75": 0.006590227722565623,
      "p90": 0.0,
      "p95": 0.0,
      "p99": 0.0
    }
  }
}