{
  "metrics": {
    "download_throughput_mbps": {
      "p1": 0.17597960358952386,
      "p5": 1.67063276161582,
      "p10": 3.574987430402679,
      "p25": 12.833476211017787,
      "p50": 40.75854118111519,
      "p75": 75.93554902598237,
      "p90": 125.97702684973937,
      "p95": 161.02039986845517,
      "p99": 186.99230023138102
    },
    "upload_throughput_mbps": {
      "p1": 0.11299377209439361,
      "p5": 0.7191513782224129,
      "p10": 1.582386189205627,
      "p25": 4.932577339381285,
      "p50": 18.35659970836449,
      "p75": 63.32117991302681,
      "p90": 87.08782678582517,
      "p95": 106.13133522697444,
      "p99": 190.25329920315133
    },
    "latency_ms": {
      "p1": 342.097,
      "p5": 220.64,
      "p10": 145.549,
      "p25": 126.675,
      "p50": 116.983,
      "p75": 110.151,
      "p90": 104.974,
      "p95": 99.34,
      "p99": 77.01
    },
    "packet_loss": {
      "p1": 0.36993702896899633,
      "p5": 0.27547414061425896,
      "p10": 0.22528297236753034,
      "p25": 0.1511246865720734,
      "p50": 0.07227662548882131,
      "p75": 0.007388151660937975,
      "p90": 0.0,
      "p95": 0.0,
      "p99": 0.0
    }
  }
}