{
  "sample_counts": {
    "downloads": 7639,
    "uploads": 7763
  },
  "metrics": {
    "download_throughput_mbps": {
      "p1": 0.181715643943446,
      "p5": 1.6780555078396984,
      "p10": 3.574987430402679,
      "p25": 12.833476211017787,
      "p50": 40.75854118111519,
      "p75": 75.94110779434428,
      "p90": 126.26003997168822,
      "p95": 161.0418746827509,
      "p99": 186.72845487873457
    },
    "upload_throughput_mbps": {
      "p1": 0.11299377209439361,
      "p5": 0.7191513782224129,
      "p10": 1.582386189205627,
      "p25": 4.931691837717263,
      "p50": 18.35439561785709,
      "p75": 63.28857614932141,
      "p90": 87.08782678582517,
      "p95": 106.13133522697444,
      "p99": 190.03268193130086
    },
    "latency_ms": {
      "p1": 342.26,
      "p5": 220.618,
      "p10": 145.549,
      "p25": 126.675,
      "p50": 116.983,
      "p75": 110.147,
      "p90": 104.974,
      "p95": 99.34,
      "p99": 77.019
    },
    "packet_loss": {
      "p1": 0.36993702896899633,
      "p5": 0.27572372141660534,
      "p10": 0.22528297236753034,
      "p25": 0.1511246865720734,
      "p50": 0.07227662548882131,
      "p75": 0.007362451922182482,
      "p90": 0.0,
      "p95": 0.0,
      "p99": 0.0
    }
  }
}