{
  "sample_counts": {
    "downloads": 13689,
    "uploads": 11109
  },
  "metrics": {
    "download_throughput_mbps": {
      "p1": 0.059912078592188424,
      "p5": 0.30400577629671416,
      "p10": 0.8793313511881503,
      "p25": 3.484093412686564,
      "p50": 12.678702546711492,
      "p75": 28.664216763624218,
      "p90": 49.10268619816058,
      "p95": 58.229484459548104,
      "p99": 100.32771775180498
    },
    "upload_throughput_mbps": {
      "p1": 0.05713435943465755,
      "p5": 0.29403422314469474,
      "p10": 0.7351355221322873,
      "p25": 2.836391440736965,
      "p50": 8.54244543979848,
      "p75": 24.206631702622303,
      "p90": 48.77912144977777,
      "p95": 56.730496986490046,
      "p99": 85.73502130092757
    },
    "latency_ms": {
      "p1": 451.49,
      "p5": 350.16,
      "p10": 328.779,
      "p25": 186.082,
      "p50": 107.574,
      "p75": 95.683,
      "p90": 92.0,
      "p95": 90.689,
      "p99": 88.753
    },
    "packet_loss": {
      "p1": 0.40943444589150596,
      "p5": 0.29409436517501986,
      "p10": 0.2380116378674894,
      "p25": 0.15505587398786197,
      "p50": 0.055380187732101856,
      "p75": 0.0006506532719937362,
      "p90": 0.0,
      "p95": 0.0,
      "p99": 0.0
    }
  }
}