{
  "metrics": {
    "download_throughput_mbps": {
      "p1": 0.11563721609563611,
      "p5": 0.12423760533240688,
      "p10": 1.857660742897816,
      "p25": 20.915120616101763,
      "p50": 36.55190904165631,
      "p75": 55.00574174477328,
      "p90": 144.1303780964798,
      "p95": 146.45417000495593,
      "p99": 159.12632521466332
    },
    "upload_throughput_mbps": {
      "p1": 0.1194344215700146,
      "p5": 0.6428289867222754,
      "p10": 0.6500535887997758,
      "p25": 1.7023621620502782,
      "p50": 5.3430078912938175,
      "p75": 12.954158996634268,
      "p90": 16.730295216508974,
      "p95": 18.342296237300218,
      "p99": 117.08892589110741
    },
    "latency_ms": {
      "p1": 228.724,
      "p5": 206.266,
      "p10": 188.344,
      "p25": 145.465,
      "p50": 131.294,
      "p75": 124.214,
      "p90": 94.171,
      "p95": 87.415,
      "p99": 47.291
    },
    "packet_loss": {
      "p1": 0.2627481328559936,
      "p5": 0.09003357215646172,
      "p10": 0.05587925360563722,
      "p25": 0.02973979838189573,
      "p50": 0.0009837929461038958,
      "p75": 3.422467557628176e-05,
      "p90": 0.0,
      "p95": 0.0,
      "p99": 0.0
    }
  }
}