{
  "sample_counts": {
    "downloads": 7613,
    "uploads": 5528
  },
  "metrics": {
    "download_throughput_mbps": {
      "p1": 0.11801616209224124,
      "p5": 0.9811616823443982,
      "p10": 2.535569636722554,
      "p25": 10.423362945909874,
      "p50": 41.211175008034616,
      "p75": 102.48210921558032,
      "p90": 174.7402673459554,
      "p95": 236.78615951566934,
      "p99": 339.25730607585587
    },
    "upload_throughput_mbps": {
      "p1": 0.043433076953921,
      "p5": 0.08953660343850028,
      "p10": 0.22096961487807143,
      "p25": 0.821187160698846,
      "p50": 5.5797515499629835,
      "p75": 37.15976375384272,
      "p90": 160.99263474445985,
      "p95": 229.4529023858178,
      "p99": 346.93889567155884
    },
    "latency_ms": {
      "p1": 380.223,
      "p5": 173.885,
      "p10": 156.909,
      "p25": 140.327,
      "p50": 108.042,
      "p75": 92.329,
      "p90": 69.0,
      "p95": 56.033,
      "p99": 44.599
    },
    "packet_loss": {
      "p1": 0.3621425964941187,
      "p5": 0.18781924543262027,
      "p10": 0.12578044953711268,
      "p25": 0.04998897897976885,
      "p50": 0.00041577058127979555,
      "p75": 0.0,
      "p90": 0.0,
      "p95": 0.0,
      "p99": 0.0
    }
  }
}