{
  "sample_counts": {
    "downloads": 5596,
    "uploads": 4170
  },
  "metrics": {
    "download_throughput_mbps": {
      "p1": 0.13006735270072378,
      "p5": 0.7365923357351158,
      "p10": 1.862912620349581,
      "p25": 6.945758700099528,
      "p50": 28.262801128955168,
      "p75": 84.5102618408397,
      "p90": 149.94458587808893,
      "p95": 225.07737704210174,
      "p99": 273.610056699433
    },
    "upload_throughput_mbps": {
      "p1": 0.03539454191157884,
      "p5": 0.08302552161674669,
      "p10": 0.24637835793560328,
      "p25": 0.7520681774890497,
      "p50": 4.128822823270248,
      "p75": 22.892613957045583,
      "p90": 139.0074965064334,
      "p95": 200.81399126440283,
      "p99": 252.24628332230006
    },
    "latency_ms": {
      "p1": 355.744,
      "p5": 166.429,
      "p10": 152.963,
      "p25": 131.979,
      "p50": 100.837,
      "p75": 90.307,
      "p90": 84.018,
      "p95": 63.173,
      "p99": 47.087
    },
    "packet_loss": {
      "p1": 0.30470446152449965,
      "p5": 0.20134366265011855,
      "p10": 0.14915412863072067,
      "p25": 0.07031748565264705,
      "p50": 0.010236345968956777,
      "p75": 0.0,
      "p90": 0.0,
      "p95": 0.0,
      "p99": 0.0
    }
  }
}