{
  "metrics": {
    "download_throughput_mbps": {
      "p1": 0.06798286490960792,
      "p5": 0.24716427233893343,
      "p10": 0.6058564706039294,
      "p25": 2.677699398412927,
      "p50": 9.038169866592014,
      "p75": 23.347855626140127,
      "p90": 33.565325463672416,
      "p95": 46.06129909998466,
      "p99": 108.42286169712236
    },
    "upload_throughput_mbps": {
      "p1": 0.0234359544233061,
      "p5": 0.14556881141456723,
      "p10": 0.40658291615566255,
      "p25": 1.3341663920026368,
      "p50": 4.815979430357122,
      "p75": 10.796630294114294,
      "p90": 15.602847591155156,
      "p95": 19.098792341714287,
      "p99": 38.61885377212642
    },
    "latency_ms": {
      "p1": 549.0,
      "p5": 167.614,
      "p10": 130.945,
      "p25": 110.099,
      "p50": 95.58,
      "p75": 77.218,
      "p90": 66.209,
      "p95": 61.479,
      "p99": 41.532
    },
    "packet_loss": {
      "p1": 0.29977289931869794,
      "p5": 0.2195792221063752,
      "p10": 0.17460465760164917,
      "p25": 0.1088404547677909,
      "p50": 0.01408927395173371,
      "p75": 0.00010009944724121103,
      "p90": 0.0,
      "p95": 0.0,
      "p99": 0.0
    }
  }
}