{
  "metrics": {
    "download_throughput_mbps": {
      "p1": 0.749405457657761,
      "p5": 0.749405457657761,
      "p10": 25.60949970622248,
      "p25": 38.29762469608119,
      "p50": 52.6804860686201,
      "p75": 76.26506659984166,
      "p90": 81.23075729345129,
      "p95": 82.03843042597039,
      "p99": 82.03843042597039
    },
    "upload_throughput_mbps": {
      "p1": 0.08205524900108284,
      "p5": 0.08205524900108284,
      "p10": 2.048070240907161,
      "p25": 21.441827198292952,
      "p50": 54.41871714691862,
      "p75": 86.66588068026424,
      "p90": 93.19147771139207,
      "p95": 100.56804514793228,
      "p99": 100.56804514793228
    },
    "latency_ms": {
      "p1": 141.889,
      "p5": 141.889,
      "p10": 140.813,
      "p25": 140.261,
      "p50": 123.872,
      "p75": 112.31,
      "p90": 99.0,
      "p95": 93.602,
      "p99": 93.602
    },
    "packet_loss": {
      "p1": 0.09671172891553756,
      "p5": 0.09671172891553756,
      "p10": 0.07336590445518368,
      "p25": 0.03275180925077789,
      "p50": 0.0005778774576208922,
      "p75": 0.0,
      "p90": 0.0,
      "p95": 0.0,
      "p99": 0.0
    }
  }
}