{
  "sample_counts": {
    "downloads": 4988,
    "uploads": 4592
  },
  "metrics": {
    "download_throughput_mbps": {
      "p1": 0.6329889122843925,
      "p5": 4.85612787286465,
      "p10": 13.960284809271233,
      "p25": 50.17160814726053,
      "p50": 100.3604513809444,
      "p75": 238.4572076061394,
      "p90": 322.75739921771134,
      "p95": 352.89255986134,
      "p99": 415.942324655106
    },
    "upload_throughput_mbps": {
      "p1": 0.08279058734965361,
      "p5": 1.2688832821096991,
      "p10": 3.5969722371073645,
      "p25": 11.89763697580653,
      "p50": 17.292603307433833,
      "p75": 39.61413708041618,
      "p90": 51.294854032958916,
      "p95": 58.51797923203362,
      "p99": 67.72427299183387
    },
    "latency_ms": {
      "p1": 287.672,
      "p5": 141.585,
      "p10": 93.051,
      "p25": 68.931,
      "p50": 60.424,
      "p75": 51.446,
      "p90": 42.814,
      "p95": 32.666,
      "p99": 21.35
    },
    "packet_loss": {
      "p1": 0.20532338562376096,
      "p5": 0.10788630110302241,
      "p10": 0.06421693294404796,
      "p25": 0.027507550223303995,
      "p50": 0.0019467064897533404,
      "p75": 0.0,
      "p90": 0.0,
      "p95": 0.0,
      "p99": 0.0
    }
  }
}