{
  "metrics": {
    "download_throughput_mbps": {
      "p1": 0.6329889122843925,
      "p5": 4.85612787286465,
      "p10": 14.024637138536495,
      "p25": 50.17160814726053,
      "p50": 100.3604513809444,
      "p75": 238.4572076061394,
      "p90": 323.269504397319,
      "p95": 352.89255986134,
      "p99": 415.942324655106
    },
    "upload_throughput_mbps": {
      "p1": 0.08279058734965361,
      "p5": 1.2588558147013544,
      "p10": 3.5969722371073645,
      "p25": 11.89763697580653,
      "p50": 17.292603307433833,
      "p75": 39.61413708041618,
      "p90": 51.294854032958916,
      "p95": 58.46301012117531,
      "p99": 67.72427299183387
    },
    "latency_ms": {
      "p1": 287.672,
      "p5": 141.767,
      "p10": 93.06,
      "p25": 68.931,
      "p50": 60.424,
      "p75": 51.446,
      "p90": 42.814,
      "p95": 32.666,
      "p99": 21.35
    },
    "packet_loss": {
      "p1": 0.20532338562376096,
      "p5": 0.1081393810718689,
      "p10": 0.06421693294404796,
      "p25": 0.027533805867801433,
      "p50": 0.001945590369228397,
      "p75": 0.0,
      "p90": 0.0,
      "p95": 0.0,
      "p99": 0.0
    }
  }
}