{
  "metrics": {
    "download_throughput_mbps": {
      "p1": 0.18085313835222483,
      "p5": 1.27874709689111,
      "p10": 3.1581620805846993,
      "p25": 10.65453948026944,
      "p50": 42.37842912831021,
      "p75": 87.55690490923061,
      "p90": 90.34513842717388,
      "p95": 105.86643496688149,
      "p99": 225.03827077660864
    },
    "upload_throughput_mbps": {
      "p1": 0.021521965876671715,
      "p5": 0.07642051320509455,
      "p10": 0.2407626629448508,
      "p25": 6.1577759068575,
      "p50": 26.527509862286454,
      "p75": 77.41943597391769,
      "p90": 79.45999745402571,
      "p95": 100.52213222618205,
      "p99": 130.25887785383517
    },
    "latency_ms": {
      "p1": 240.804,
      "p5": 85.278,
      "p10": 65.889,
      "p25": 55.0,
      "p50": 50.82,
      "p75": 47.0,
      "p90": 8.042,
      "p95": 2.567,
      "p99": 1.245
    },
    "packet_loss": {
      "p1": 0.26176175768293575,
      "p5": 0.1753663199753739,
      "p10": 0.13366229215722517,
      "p25": 0.057073857219799504,
      "p50": 0.011969245585613394,
      "p75": 0.0003537022616825448,
      "p90": 0.0,
      "p95": 0.0,
      "p99": 0.0
    }
  }
}