{
  "metrics": {
    "download_throughput_mbps": {
      "p1": 0.05602141853156636,
      "p5": 0.21911751458533146,
      "p10": 0.4776023705063619,
      "p25": 2.2283623278727145,
      "p50": 7.474947102327498,
      "p75": 17.13130332741559,
      "p90": 37.028849737697406,
      "p95": 50.78205413965129,
      "p99": 159.9129595932253
    },
    "upload_throughput_mbps": {
      "p1": 0.029455268326047047,
      "p5": 0.17620400379466225,
      "p10": 0.37593339620634186,
      "p25": 0.933799176278369,
      "p50": 2.461972797741452,
      "p75": 6.752463115146302,
      "p90": 14.536404098068525,
      "p95": 22.868569470996718,
      "p99": 37.06285893924965
    },
    "latency_ms": {
      "p1": 443.808,
      "p5": 324.669,
      "p10": 220.096,
      "p25": 94.866,
      "p50": 74.245,
      "p75": 59.147,
      "p90": 47.921,
      "p95": 40.626,
      "p99": 34.084
    },
    "packet_loss": {
      "p1": 0.34136444746851,
      "p5": 0.21848245596849714,
      "p10": 0.160110751862177,
      "p25": 0.09154178591307194,
      "p50": 0.011368081865291356,
      "p75": 4.482413331337592e-05,
      "p90": 0.0,
      "p95": 0.0,
      "p99": 0.0
    }
  }
}