{
  "metrics": {
    "download_throughput_mbps": {
      "p1": 0.12128636408243613,
      "p5": 0.4571677809859899,
      "p10": 1.0247431947922896,
      "p25": 6.087840010751708,
      "p50": 26.998914047421554,
      "p75": 75.40214387136771,
      "p90": 144.12955700380581,
      "p95": 216.01129899096867,
      "p99": 353.40955792481515
    },
    "upload_throughput_mbps": {
      "p1": 0.035262554695249075,
      "p5": 0.07545063479005275,
      "p10": 0.12104135904431222,
      "p25": 1.797691156566664,
      "p50": 9.84929503140466,
      "p75": 38.853139555267376,
      "p90": 77.0728586741381,
      "p95": 100.77174730200558,
      "p99": 237.2490278731366
    },
    "latency_ms": {
      "p1": 423.635,
      "p5": 126.453,
      "p10": 104.982,
      "p25": 82.922,
      "p50": 58.685,
      "p75": 27.056,
      "p90": 9.38,
      "p95": 5.101,
      "p99": 2.867
    },
    "packet_loss": {
      "p1": 0.37546170423662545,
      "p5": 0.23269240061217697,
      "p10": 0.16981081462492403,
      "p25": 0.08859586504873064,
      "p50": 0.017179614770727936,
      "p75": 2.096980866079024e-05,
      "p90": 0.0,
      "p95": 0.0,
      "p99": 0.0
    }
  }
}