{
  "sample_counts": {
    "downloads": 1655293,
    "uploads": 1239345
  },
  "metrics": {
    "download_throughput_mbps": {
      "p1": 0.11813832053217159,
      "p5": 0.45531083033668074,
      "p10": 1.02309313676727,
      "p25": 6.088032528953461,
      "p50": 27.00785741320442,
      "p75": 75.37109582982595,
      "p90": 144.25906661452092,
      "p95": 215.7395993581331,
      "p99": 354.4967766065555
    },
    "upload_throughput_mbps": {
      "p1": 0.035429429938736295,
      "p5": 0.0754490200040978,
      "p10": 0.11975440020303321,
      "p25": 1.799303440835871,
      "p50": 9.8445045747919,
      "p75": 38.86891593550863,
      "p90": 77.03946584406786,
      "p95": 100.73652823884886,
      "p99": 234.97659699988202
    },
    "latency_ms": {
      "p1": 433.0,
      "p5": 126.481,
      "p10": 104.986,
      "p25": 82.895,
      "p50": 58.672,
      "p75": 27.035,
      "p90": 9.37,
      "p95": 5.099,
      "p99": 2.872
    },
    "packet_loss": {
      "p1": 0.37657530401707473,
      "p5": 0.23230690767699744,
      "p10": 0.16990291828090626,
      "p25": 0.08855863575432833,
      "p50": 0.01721001562092699,
      "p75": 2.1231417112128654e-05,
      "p90": 0.0,
      "p95": 0.0,
      "p99": 0.0
    }
  }
}