{
  "sample_counts": {
    "downloads": 1473581,
    "uploads": 1084997
  },
  "metrics": {
    "download_throughput_mbps": {
      "p1": 0.1421307106089084,
      "p5": 0.6051117305878223,
      "p10": 1.5883851153341912,
      "p25": 7.544433067310773,
      "p50": 30.980138232688823,
      "p75": 79.83372658217874,
      "p90": 152.20979715942596,
      "p95": 230.5428900907532,
      "p99": 371.7640028464824
    },
    "upload_throughput_mbps": {
      "p1": 0.04151324552131203,
      "p5": 0.08304621164353194,
      "p10": 0.14853412664914564,
      "p25": 1.9531666920656405,
      "p50": 10.91447807299691,
      "p75": 50.302305926548414,
      "p90": 101.9172201132353,
      "p95": 175.69820522251268,
      "p99": 309.97044694776525
    },
    "latency_ms": {
      "p1": 267.901,
      "p5": 117.862,
      "p10": 100.789,
      "p25": 82.268,
      "p50": 58.163,
      "p75": 27.715,
      "p90": 9.316,
      "p95": 5.016,
      "p99": 2.781
    },
    "packet_loss": {
      "p1": 0.35723350253807107,
      "p5": 0.22067968400144353,
      "p10": 0.16425266305078612,
      "p25": 0.08752320363328348,
      "p50": 0.017632081327654564,
      "p75": 3.3080693321710985e-05,
      "p90": 0.0,
      "p95": 0.0,
      "p99": 0.0
    }
  }
}