{
  "metrics": {
    "download_throughput_mbps": {
      "p1": 0.13795554361316625,
      "p5": 0.537968921432073,
      "p10": 1.443791671757112,
      "p25": 6.629259620171365,
      "p50": 29.447658537190243,
      "p75": 104.40152759661407,
      "p90": 258.8212127602684,
      "p95": 349.7632875516655,
      "p99": 620.096455112613
    },
    "upload_throughput_mbps": {
      "p1": 0.04140022867684426,
      "p5": 0.08968210440534251,
      "p10": 0.31931343415815855,
      "p25": 2.8128054016169695,
      "p50": 13.497675680913444,
      "p75": 46.598073449476225,
      "p90": 91.36588836064941,
      "p95": 138.23726794750291,
      "p99": 404.8191897254585
    },
    "latency_ms": {
      "p1": 294.798,
      "p5": 165.793,
      "p10": 83.594,
      "p25": 38.633,
      "p50": 23.151,
      "p75": 12.146,
      "p90": 8.275,
      "p95": 7.413,
      "p99": 1.395
    },
    "packet_loss": {
      "p1": 0.34530610282403557,
      "p5": 0.19827969253156955,
      "p10": 0.13128845656678093,
      "p25": 0.04578989849334137,
      "p50": 0.0005930278857658855,
      "p75": 0.0,
      "p90": 0.0,
      "p95": 0.0,
      "p99": 0.0
    }
  }
}