{
  "metrics": {
    "download_throughput_mbps": {
      "p1": 0.1369364330572024,
      "p5": 0.9536774132126542,
      "p10": 2.8950812102271906,
      "p25": 10.371775184976041,
      "p50": 35.29225695103816,
      "p75": 100.79855632026177,
      "p90": 272.3095111763547,
      "p95": 417.22169508962685,
      "p99": 717.2854904805374
    },
    "upload_throughput_mbps": {
      "p1": 0.03880354599851182,
      "p5": 0.2793527732276527,
      "p10": 0.901448030256489,
      "p25": 4.924562659731977,
      "p50": 17.78233712721389,
      "p75": 51.12783724995778,
      "p90": 103.54352199830315,
      "p95": 191.11196702187485,
      "p99": 452.11625570030145
    },
    "latency_ms": {
      "p1": 302.317,
      "p5": 202.187,
      "p10": 190.178,
      "p25": 60.961,
      "p50": 28.0,
      "p75": 13.53,
      "p90": 9.113,
      "p95": 7.823,
      "p99": 5.249
    },
    "packet_loss": {
      "p1": 0.3149481148655877,
      "p5": 0.1697727612275602,
      "p10": 0.10683266849725416,
      "p25": 0.047000295116690884,
      "p50": 0.0007103744265206452,
      "p75": 0.0,
      "p90": 0.0,
      "p95": 0.0,
      "p99": 0.0
    }
  }
}