{
  "sample_counts": {
    "downloads": 205775,
    "uploads": 154086
  },
  "metrics": {
    "download_throughput_mbps": {
      "p1": 0.13967846185367103,
      "p5": 0.5367503461159947,
      "p10": 1.4478942582084753,
      "p25": 6.623337098412741,
      "p50": 29.45110128519046,
      "p75": 104.41567481080251,
      "p90": 259.19162323062466,
      "p95": 350.10283373378843,
      "p99": 621.3668899378383
    },
    "upload_throughput_mbps": {
      "p1": 0.04140022867684426,
      "p5": 0.08968210440534251,
      "p10": 0.31931343415815855,
      "p25": 2.8128054016169695,
      "p50": 13.497675680913444,
      "p75": 46.598073449476225,
      "p90": 91.36588836064941,
      "p95": 138.23726794750291,
      "p99": 404.8191897254585
    },
    "latency_ms": {
      "p1": 299.779,
      "p5": 165.938,
      "p10": 83.763,
      "p25": 38.683,
      "p50": 23.165,
      "p75": 12.15,
      "p90": 8.276,
      "p95": 7.414,
      "p99": 1.363
    },
    "packet_loss": {
      "p1": 0.34799310514651566,
      "p5": 0.1983423321984053,
      "p10": 0.1314638406552276,
      "p25": 0.04594958230345193,
      "p50": 0.0005894112254373641,
      "p75": 0.0,
      "p90": 0.0,
      "p95": 0.0,
      "p99": 0.0
    }
  }
}