{
  "sample_counts": {
    "downloads": 88138,
    "uploads": 80087
  },
  "metrics": {
    "download_throughput_mbps": {
      "p1": 0.1410417113099017,
      "p5": 0.947348671721865,
      "p10": 2.8908848503246753,
      "p25": 10.396969452135119,
      "p50": 35.30916120793746,
      "p75": 100.72593981082579,
      "p90": 272.2826329428042,
      "p95": 417.89177558047504,
      "p99": 713.6561975386261
    },
    "upload_throughput_mbps": {
      "p1": 0.0403051604440119,
      "p5": 0.2789762436561218,
      "p10": 0.8954714574752837,
      "p25": 4.924868469196747,
      "p50": 17.748593472367904,
      "p75": 51.13850755897649,
      "p90": 103.4422302836754,
      "p95": 191.3325830006753,
      "p99": 452.11625570030145
    },
    "latency_ms": {
      "p1": 303.174,
      "p5": 202.187,
      "p10": 190.235,
      "p25": 60.961,
      "p50": 28.0,
      "p75": 13.53,
      "p90": 9.111,
      "p95": 7.839,
      "p99": 5.591
    },
    "packet_loss": {
      "p1": 0.3166950061518784,
      "p5": 0.16972371143506082,
      "p10": 0.10703076076067744,
      "p25": 0.047173479353075136,
      "p50": 0.000708961951674089,
      "p75": 0.0,
      "p90": 0.0,
      "p95": 0.0,
      "p99": 0.0
    }
  }
}