{
  "sample_counts": {
    "downloads": 48521,
    "uploads": 35309
  },
  "metrics": {
    "download_throughput_mbps": {
      "p1": 0.0957951690632362,
      "p5": 0.33851820922864867,
      "p10": 0.6807399834155308,
      "p25": 2.393411085069311,
      "p50": 8.653566415641615,
      "p75": 27.309504080291397,
      "p90": 67.82535057084345,
      "p95": 110.66935543000638,
      "p99": 244.5727761292393
    },
    "upload_throughput_mbps": {
      "p1": 0.029242409212938816,
      "p5": 0.07643692723552513,
      "p10": 0.0894483046603641,
      "p25": 0.9029638892402706,
      "p50": 5.016466194230797,
      "p75": 11.839778377374637,
      "p90": 22.443817225966846,
      "p95": 35.40720091967485,
      "p99": 92.11808380342804
    },
    "latency_ms": {
      "p1": 538.03,
      "p5": 223.156,
      "p10": 163.921,
      "p25": 52.13,
      "p50": 30.599,
      "p75": 13.811,
      "p90": 4.0,
      "p95": 3.072,
      "p99": 1.853
    },
    "packet_loss": {
      "p1": 0.3451028265227874,
      "p5": 0.20229792022594992,
      "p10": 0.1426736633518036,
      "p25": 0.07321909504299888,
      "p50": 0.010047374713411307,
      "p75": 3.889481145364093e-05,
      "p90": 0.0,
      "p95": 0.0,
      "p99": 0.0
    }
  }
}