{
  "sample_counts": {
    "downloads": 41411,
    "uploads": 30522
  },
  "metrics": {
    "download_throughput_mbps": {
      "p1": 0.09410430912369956,
      "p5": 0.3168976611057604,
      "p10": 0.6291554235104972,
      "p25": 2.1028999651036755,
      "p50": 6.871945108935554,
      "p75": 17.167619410383818,
      "p90": 33.70835272350765,
      "p95": 51.8083957858184,
      "p99": 94.02530556569062
    },
    "upload_throughput_mbps": {
      "p1": 0.02263169893728927,
      "p5": 0.06955378779522704,
      "p10": 0.07657672342327658,
      "p25": 0.5918387835972502,
      "p50": 2.8908446654932005,
      "p75": 8.396368714692754,
      "p90": 19.53571778555609,
      "p95": 29.74436960866124,
      "p99": 59.33209306157743
    },
    "latency_ms": {
      "p1": 580.152,
      "p5": 361.653,
      "p10": 307.61,
      "p25": 57.777,
      "p50": 27.137,
      "p75": 12.0,
      "p90": 3.599,
      "p95": 2.598,
      "p99": 1.139
    },
    "packet_loss": {
      "p1": 0.33244252833773824,
      "p5": 0.22743095464134336,
      "p10": 0.17082932528006772,
      "p25": 0.08748010094954216,
      "p50": 0.009919781359921047,
      "p75": 1.1014267124084444e-05,
      "p90": 0.0,
      "p95": 0.0,
      "p99": 0.0
    }
  }
}