{
  "sample_counts": {
    "downloads": 5230,
    "uploads": 5541
  },
  "metrics": {
    "download_throughput_mbps": {
      "p1": 0.013554938313699293,
      "p5": 0.05059725481703061,
      "p10": 0.09884889327586084,
      "p25": 0.47897272167498794,
      "p50": 2.798966366680526,
      "p75": 11.127955128542279,
      "p90": 35.02297649023172,
      "p95": 48.32445577165284,
      "p99": 102.50975365579507
    },
    "upload_throughput_mbps": {
      "p1": 0.009092176287461888,
      "p5": 0.03884702882427939,
      "p10": 0.0765476945751386,
      "p25": 0.21839277338268082,
      "p50": 0.6438696015534556,
      "p75": 3.7060366414775383,
      "p90": 18.02869785672551,
      "p95": 30.51292562462144,
      "p99": 85.91866401960715
    },
    "latency_ms": {
      "p1": 1112.347,
      "p5": 781.027,
      "p10": 506.36,
      "p25": 173.803,
      "p50": 75.573,
      "p75": 47.666,
      "p90": 20.711,
      "p95": 11.655,
      "p99": 4.153
    },
    "packet_loss": {
      "p1": 0.3446112965022865,
      "p5": 0.26193979588772537,
      "p10": 0.2102045755455155,
      "p25": 0.13045662690380833,
      "p50": 0.05600501132311721,
      "p75": 0.0058334334983586806,
      "p90": 0.0,
      "p95": 0.0,
      "p99": 0.0
    }
  }
}