{
  "metrics": {
    "download_throughput_mbps": {
      "p1": 0.15804541276754414,
      "p5": 0.6846741741890195,
      "p10": 1.6598106838708668,
      "p25": 8.481526392362293,
      "p50": 32.58526207799571,
      "p75": 77.20686447949957,
      "p90": 109.0367709065513,
      "p95": 238.2847669531745,
      "p99": 346.3896238847197
    },
    "upload_throughput_mbps": {
      "p1": 0.0666229576911182,
      "p5": 0.09625854214066062,
      "p10": 0.3909625180827934,
      "p25": 4.14025362344925,
      "p50": 12.79034496413561,
      "p75": 18.81012492926914,
      "p90": 58.14892954911626,
      "p95": 101.63629220070722,
      "p99": 221.27762678387793
    },
    "latency_ms": {
      "p1": 229.448,
      "p5": 84.891,
      "p10": 75.291,
      "p25": 65.617,
      "p50": 61.568,
      "p75": 58.33,
      "p90": 56.557,
      "p95": 55.476,
      "p99": 26.322
    },
    "packet_loss": {
      "p1": 0.324648765081017,
      "p5": 0.19809226774038233,
      "p10": 0.15950787045413425,
      "p25": 0.09441642839366063,
      "p50": 0.039763322000871085,
      "p75": 0.0016652558887332947,
      "p90": 0.0,
      "p95": 0.0,
      "p99": 0.0
    }
  }
}