{
  "metrics": {
    "download_throughput_mbps": {
      "p1": 0.1582573625320301,
      "p5": 0.6151045284963674,
      "p10": 1.3025067231244405,
      "p25": 5.674528711855206,
      "p50": 25.441762746894426,
      "p75": 75.49096705483528,
      "p90": 194.58407441112493,
      "p95": 256.36022787825897,
      "p99": 387.8529537813773
    },
    "upload_throughput_mbps": {
      "p1": 0.04537949307059957,
      "p5": 0.07642688704125694,
      "p10": 0.2554053035219291,
      "p25": 1.5892059735590829,
      "p50": 11.96403377673143,
      "p75": 19.180684781001098,
      "p90": 52.34825400609424,
      "p95": 92.10004436785704,
      "p99": 176.59664712938803
    },
    "latency_ms": {
      "p1": 275.28,
      "p5": 86.986,
      "p10": 73.737,
      "p25": 61.98,
      "p50": 55.684,
      "p75": 53.18,
      "p90": 51.263,
      "p95": 46.018,
      "p99": 25.384
    },
    "packet_loss": {
      "p1": 0.3542786577746824,
      "p5": 0.21496842508793834,
      "p10": 0.15623979470627944,
      "p25": 0.08586730548791281,
      "p50": 0.024166781827394675,
      "p75": 6.474045828590733e-05,
      "p90": 0.0,
      "p95": 0.0,
      "p99": 0.0
    }
  }
}