{
  "metrics": {
    "download_throughput_mbps": {
      "p1": 0.05831931300039079,
      "p5": 0.14539626473128578,
      "p10": 0.24741648483890621,
      "p25": 0.7889104766333958,
      "p50": 2.4170903095729233,
      "p75": 6.579074589051775,
      "p90": 19.300093209039947,
      "p95": 34.711402119749046,
      "p99": 62.247762560203476
    },
    "upload_throughput_mbps": {
      "p1": 0.03763902925430193,
      "p5": 0.10225840577710317,
      "p10": 0.21585176930532163,
      "p25": 0.6111458489682856,
      "p50": 1.6370666059424106,
      "p75": 4.932454107431848,
      "p90": 10.930840490138406,
      "p95": 14.414804835747153,
      "p99": 22.495693271964313
    },
    "latency_ms": {
      "p1": 436.078,
      "p5": 292.0,
      "p10": 266.632,
      "p25": 249.858,
      "p50": 158.69,
      "p75": 129.764,
      "p90": 48.007,
      "p95": 37.946,
      "p99": 34.416
    },
    "packet_loss": {
      "p1": 0.33944321290444296,
      "p5": 0.2572579482001937,
      "p10": 0.23020306591385242,
      "p25": 0.15496580339644325,
      "p50": 0.07290272051509085,
      "p75": 0.003590511597963151,
      "p90": 0.0,
      "p95": 0.0,
      "p99": 0.0
    }
  }
}