{
  "metrics": {
    "download_throughput_mbps": {
      "p1": 0.13835536861080172,
      "p5": 0.13835536861080172,
      "p10": 1.145574795264177,
      "p25": 3.285182341717483,
      "p50": 6.017179688743507,
      "p75": 29.875524631344398,
      "p90": 33.31505239522081,
      "p95": 39.186404911504,
      "p99": 39.186404911504
    },
    "upload_throughput_mbps": {
      "p1": 0.017000950066596493,
      "p5": 0.017000950066596493,
      "p10": 0.017000950066596493,
      "p25": 0.0604373038572111,
      "p50": 0.6313030137547391,
      "p75": 12.5172572612971,
      "p90": 15.984773740982808,
      "p95": 15.984773740982808,
      "p99": 15.984773740982808
    },
    "latency_ms": {
      "p1": 513.441,
      "p5": 513.441,
      "p10": 350.192,
      "p25": 350.0,
      "p50": 337.407,
      "p75": 328.515,
      "p90": 327.7,
      "p95": 41.101,
      "p99": 41.101
    },
    "packet_loss": {
      "p1": 0.25645987638952183,
      "p5": 0.25645987638952183,
      "p10": 0.1817272954623784,
      "p25": 0.14658315415537065,
      "p50": 0.0,
      "p75": 0.0,
      "p90": 0.0,
      "p95": 0.0,
      "p99": 0.0
    }
  }
}