{
  "sample_counts": {
    "downloads": 341951,
    "uploads": 243722
  },
  "metrics": {
    "download_throughput_mbps": {
      "p1": 0.08024648281958074,
      "p5": 0.2616566302259459,
      "p10": 0.563788766102358,
      "p25": 2.3192110122080045,
      "p50": 9.012992308576425,
      "p75": 25.64164097108854,
      "p90": 67.3909311182693,
      "p95": 118.30568665497871,
      "p99": 305.57493885211414
    },
    "upload_throughput_mbps": {
      "p1": 0.027119202678962208,
      "p5": 0.07033274718044126,
      "p10": 0.07678000571346465,
      "p25": 0.6903773401697545,
      "p50": 4.396557901398596,
      "p75": 13.103543072174492,
      "p90": 26.07284517764924,
      "p95": 38.15535664163927,
      "p99": 83.76124495953881
    },
    "latency_ms": {
      "p1": 741.063,
      "p5": 292.909,
      "p10": 175.332,
      "p25": 117.106,
      "p50": 29.235,
      "p75": 19.111,
      "p90": 11.933,
      "p95": 4.889,
      "p99": 2.242
    },
    "packet_loss": {
      "p1": 0.37557710793892923,
      "p5": 0.24986490621515822,
      "p10": 0.1751463492170968,
      "p25": 0.07154224276115602,
      "p50": 0.006054165070879742,
      "p75": 7.835179653309978e-06,
      "p90": 0.0,
      "p95": 0.0,
      "p99": 0.0
    }
  }
}