{
  "metrics": {
    "download_throughput_mbps": {
      "p1": 0.08016363026666948,
      "p5": 0.26129220446583346,
      "p10": 0.5651610100451812,
      "p25": 2.3198873937520177,
      "p50": 9.01052684115401,
      "p75": 25.638848092152628,
      "p90": 67.30047717582788,
      "p95": 117.95238158571182,
      "p99": 310.72380933800423
    },
    "upload_throughput_mbps": {
      "p1": 0.027258304845178334,
      "p5": 0.07014581077518948,
      "p10": 0.07676047240044365,
      "p25": 0.6909313993865168,
      "p50": 4.398145052005421,
      "p75": 13.108466002618622,
      "p90": 26.033547078245117,
      "p95": 38.21708709493628,
      "p99": 83.4535044681514
    },
    "latency_ms": {
      "p1": 745.891,
      "p5": 292.547,
      "p10": 175.365,
      "p25": 117.184,
      "p50": 29.258,
      "p75": 19.104,
      "p90": 11.936,
      "p95": 4.888,
      "p99": 2.262
    },
    "packet_loss": {
      "p1": 0.37734239832346417,
      "p5": 0.24996264568184082,
      "p10": 0.17532894429108628,
      "p25": 0.07169535810267587,
      "p50": 0.0060558455830621565,
      "p75": 7.456235333784819e-06,
      "p90": 0.0,
      "p95": 0.0,
      "p99": 0.0
    }
  }
}