{
  "sample_counts": {
    "downloads": 496063,
    "uploads": 360441
  },
  "metrics": {
    "download_throughput_mbps": {
      "p1": 0.07881857610014154,
      "p5": 0.25888885777612164,
      "p10": 0.5658746275474933,
      "p25": 2.262054736090308,
      "p50": 8.66121027301701,
      "p75": 25.51880854186967,
      "p90": 58.69205454057321,
      "p95": 100.92199806473627,
      "p99": 259.53755117527294
    },
    "upload_throughput_mbps": {
      "p1": 0.027439652218361418,
      "p5": 0.07646009968778572,
      "p10": 0.089611827401341,
      "p25": 0.7950544391880155,
      "p50": 4.3058454513601685,
      "p75": 13.109128480427772,
      "p90": 27.042250704345065,
      "p95": 38.06995887983396,
      "p99": 78.20062181881855
    },
    "latency_ms": {
      "p1": 647.681,
      "p5": 297.581,
      "p10": 241.267,
      "p25": 140.0,
      "p50": 40.037,
      "p75": 21.955,
      "p90": 15.583,
      "p95": 10.378,
      "p99": 3.233
    },
    "packet_loss": {
      "p1": 0.35998956975228164,
      "p5": 0.24268153354566802,
      "p10": 0.17476113274327224,
      "p25": 0.07106705086668956,
      "p50": 0.0053739725208059195,
      "p75": 0.0,
      "p90": 0.0,
      "p95": 0.0,
      "p99": 0.0
    }
  }
}