{
  "metrics": {
    "download_throughput_mbps": {
      "p1": 0.0788587814064862,
      "p5": 0.25849387455474204,
      "p10": 0.5672162895053394,
      "p25": 2.263069825514093,
      "p50": 8.663095471162594,
      "p75": 25.509679095387835,
      "p90": 58.76256934220735,
      "p95": 101.3222665132425,
      "p99": 262.79694882985683
    },
    "upload_throughput_mbps": {
      "p1": 0.027439652218361418,
      "p5": 0.07646009968778572,
      "p10": 0.089611827401341,
      "p25": 0.7950544391880155,
      "p50": 4.3058454513601685,
      "p75": 13.109128480427772,
      "p90": 27.042250704345065,
      "p95": 38.06995887983396,
      "p99": 78.20062181881855
    },
    "latency_ms": {
      "p1": 647.861,
      "p5": 297.604,
      "p10": 241.197,
      "p25": 140.0,
      "p50": 40.044,
      "p75": 21.961,
      "p90": 15.585,
      "p95": 10.32,
      "p99": 3.236
    },
    "packet_loss": {
      "p1": 0.35972838289250314,
      "p5": 0.24253156760086234,
      "p10": 0.17500164756231312,
      "p25": 0.07097410221567764,
      "p50": 0.0053767657331497305,
      "p75": 0.0,
      "p90": 0.0,
      "p95": 0.0,
      "p99": 0.0
    }
  }
}