{
  "sample_counts": {
    "downloads": 496063,
    "uploads": 360441
  },
  "metrics": {
    "download_throughput_mbps": {
      "p1": 0.07884126946121019,
      "p5": 0.2599688147893848,
      "p10": 0.5657881625895154,
      "p25": 2.2622643826241795,
      "p50": 8.664236876447978,
      "p75": 25.49725955465589,
      "p90": 58.67925893398478,
      "p95": 100.71993362652925,
      "p99": 260.7276576570345
    },
    "upload_throughput_mbps": {
      "p1": 0.026710584339030032,
      "p5": 0.07645181867262493,
      "p10": 0.08959586560620159,
      "p25": 0.797011201992852,
      "p50": 4.3059831287112,
      "p75": 13.109950110995012,
      "p90": 27.076578362488135,
      "p95": 38.023329601716945,
      "p99": 79.77991303440874
    },
    "latency_ms": {
      "p1": 650.357,
      "p5": 297.094,
      "p10": 241.203,
      "p25": 140.015,
      "p50": 40.048,
      "p75": 21.958,
      "p90": 15.59,
      "p95": 10.352,
      "p99": 3.225
    },
    "packet_loss": {
      "p1": 0.3606508594764,
      "p5": 0.24229824123616583,
      "p10": 0.17482567355700157,
      "p25": 0.0710433354670916,
      "p50": 0.005385369519446093,
      "p75": 0.0,
      "p90": 0.0,
      "p95": 0.0,
      "p99": 0.0
    }
  }
}