{
  "sample_counts": {
    "downloads": 5826,
    "uploads": 5494
  },
  "metrics": {
    "download_throughput_mbps": {
      "p1": 0.17141624195673885,
      "p5": 1.2739525486656211,
      "p10": 4.20307663164351,
      "p25": 13.214372249008592,
      "p50": 38.64964272184128,
      "p75": 81.846097539537,
      "p90": 119.92321628166307,
      "p95": 146.47942971094187,
      "p99": 185.2841412903191
    },
    "upload_throughput_mbps": {
      "p1": 0.11218085340937486,
      "p5": 0.7290073775083934,
      "p10": 1.8883120415330097,
      "p25": 7.207077557652647,
      "p50": 17.639252649904066,
      "p75": 22.65102308410027,
      "p90": 57.66456030489682,
      "p95": 108.7645729370091,
      "p99": 114.3828612953667
    },
    "latency_ms": {
      "p1": 290.365,
      "p5": 146.913,
      "p10": 136.963,
      "p25": 113.359,
      "p50": 101.165,
      "p75": 94.638,
      "p90": 90.132,
      "p95": 87.389,
      "p99": 43.253
    },
    "packet_loss": {
      "p1": 0.3143536047534682,
      "p5": 0.21333697862840537,
      "p10": 0.1666729715380712,
      "p25": 0.10056262515501276,
      "p50": 0.020319299550475296,
      "p75": 0.0,
      "p90": 0.0,
      "p95": 0.0,
      "p99": 0.0
    }
  }
}