{
  "sample_counts": {
    "downloads": 6670,
    "uploads": 6213
  },
  "metrics": {
    "download_throughput_mbps": {
      "p1": 0.19638568872583967,
      "p5": 1.3315263255916254,
      "p10": 3.7388237436622744,
      "p25": 10.997813118356326,
      "p50": 35.77366396577135,
      "p75": 77.90388801816925,
      "p90": 130.6247443317812,
      "p95": 164.6349765920131,
      "p99": 190.4358899797407
    },
    "upload_throughput_mbps": {
      "p1": 0.09709346560976446,
      "p5": 0.4938009694622201,
      "p10": 1.5558096249827262,
      "p25": 6.4417575649048615,
      "p50": 14.45896833294404,
      "p75": 23.916029037551418,
      "p90": 35.949669476817874,
      "p95": 48.45615566962703,
      "p99": 96.77142177185014
    },
    "latency_ms": {
      "p1": 261.4,
      "p5": 148.0,
      "p10": 136.0,
      "p25": 111.193,
      "p50": 101.461,
      "p75": 95.0,
      "p90": 88.36,
      "p95": 81.77,
      "p99": 45.611
    },
    "packet_loss": {
      "p1": 0.29902628958037525,
      "p5": 0.21660829217049038,
      "p10": 0.1729187934869898,
      "p25": 0.09125705514415015,
      "p50": 0.010469472982637963,
      "p75": 0.0,
      "p90": 0.0,
      "p95": 0.0,
      "p99": 0.0
    }
  }
}