{
  "sample_counts": {
    "downloads": 5826,
    "uploads": 5494
  },
  "metrics": {
    "download_throughput_mbps": {
      "p1": 0.17141624195673885,
      "p5": 1.2768228425254022,
      "p10": 4.20307663164351,
      "p25": 13.214340757378812,
      "p50": 38.64964272184128,
      "p75": 81.83960779760781,
      "p90": 119.92321628166307,
      "p95": 146.47942971094187,
      "p99": 185.2841412903191
    },
    "upload_throughput_mbps": {
      "p1": 0.11218085340937486,
      "p5": 0.7408727351705758,
      "p10": 1.8883120415330097,
      "p25": 7.20893284706303,
      "p50": 17.64742076890593,
      "p75": 22.64652150119007,
      "p90": 57.66456030489682,
      "p95": 108.78467848076761,
      "p99": 114.49580190650352
    },
    "latency_ms": {
      "p1": 290.365,
      "p5": 146.913,
      "p10": 136.958,
      "p25": 113.382,
      "p50": 101.165,
      "p75": 94.65,
      "p90": 90.132,
      "p95": 87.389,
      "p99": 43.269
    },
    "packet_loss": {
      "p1": 0.313886308094065,
      "p5": 0.21335836883557208,
      "p10": 0.1666729715380712,
      "p25": 0.1005992788648626,
      "p50": 0.020370610542863272,
      "p75": 0.0,
      "p90": 0.0,
      "p95": 0.0,
      "p99": 0.0
    }
  }
}