{
  "sample_counts": {
    "downloads": 498547,
    "uploads": 359062
  },
  "metrics": {
    "download_throughput_mbps": {
      "p1": 0.436692173377286,
      "p5": 3.418693522271071,
      "p10": 9.741722028973427,
      "p25": 39.16953487109468,
      "p50": 103.53311670391092,
      "p75": 319.24209408509256,
      "p90": 691.7756644502326,
      "p95": 793.7716031155384,
      "p99": 953.9072178337043
    },
    "upload_throughput_mbps": {
      "p1": 0.06398229277948407,
      "p5": 0.09643327133457331,
      "p10": 1.152084947594205,
      "p25": 14.058556491687087,
      "p50": 50.14717654441819,
      "p75": 120.11183249285833,
      "p90": 396.51339952270456,
      "p95": 563.7170963080058,
      "p99": 917.1618724345185
    },
    "latency_ms": {
      "p1": 244.084,
      "p5": 97.472,
      "p10": 32.992,
      "p25": 14.525,
      "p50": 9.173,
      "p75": 5.217,
      "p90": 2.0,
      "p95": 1.0,
      "p99": 0.62
    },
    "packet_loss": {
      "p1": 0.2803096356873491,
      "p5": 0.1402686946447924,
      "p10": 0.08923087670332026,
      "p25": 0.027631954741451747,
      "p50": 0.0014398139392951864,
      "p75": 0.0,
      "p90": 0.0,
      "p95": 0.0,
      "p99": 0.0
    }
  }
}