{
  "sample_counts": {
    "downloads": 782896,
    "uploads": 570871
  },
  "metrics": {
    "download_throughput_mbps": {
      "p1": 0.3780946451614293,
      "p5": 2.9195975193285433,
      "p10": 8.053195677098651,
      "p25": 33.69247766866254,
      "p50": 93.77979947151873,
      "p75": 269.7279290038809,
      "p90": 634.3534114426916,
      "p95": 780.0774538911129,
      "p99": 926.6665405088587
    },
    "upload_throughput_mbps": {
      "p1": 0.06246550182150382,
      "p5": 0.08805718569421708,
      "p10": 0.9845598030880394,
      "p25": 12.266799786160812,
      "p50": 45.568367524278514,
      "p75": 107.27241835204816,
      "p90": 372.97136891025986,
      "p95": 507.60447330759007,
      "p99": 900.2488400111359
    },
    "latency_ms": {
      "p1": 229.748,
      "p5": 58.551,
      "p10": 25.039,
      "p25": 12.938,
      "p50": 8.194,
      "p75": 5.208,
      "p90": 3.0,
      "p95": 1.0,
      "p99": 0.314
    },
    "packet_loss": {
      "p1": 0.26583852430003324,
      "p5": 0.1188615344535626,
      "p10": 0.07770802114796495,
      "p25": 0.02277369966520758,
      "p50": 0.00114744365135418,
      "p75": 0.0,
      "p90": 0.0,
      "p95": 0.0,
      "p99": 0.0
    }
  }
}