{
  "metrics": {
    "download_throughput_mbps": {
      "p1": 0.4421461977664324,
      "p5": 3.410211888400662,
      "p10": 9.788136242975442,
      "p25": 39.19233302963883,
      "p50": 103.42131451175652,
      "p75": 318.87543529965177,
      "p90": 691.1222886050917,
      "p95": 793.7391273741309,
      "p99": 952.4082987671362
    },
    "upload_throughput_mbps": {
      "p1": 0.06398229277948407,
      "p5": 0.09643327133457331,
      "p10": 1.152084947594205,
      "p25": 14.058556491687087,
      "p50": 50.14717654441819,
      "p75": 120.11183249285833,
      "p90": 396.51339952270456,
      "p95": 563.7170963080058,
      "p99": 917.1618724345185
    },
    "latency_ms": {
      "p1": 244.571,
      "p5": 97.075,
      "p10": 32.902,
      "p25": 14.521,
      "p50": 9.172,
      "p75": 5.219,
      "p90": 2.0,
      "p95": 1.0,
      "p99": 0.621
    },
    "packet_loss": {
      "p1": 0.282961026906213,
      "p5": 0.1400685809816009,
      "p10": 0.08926283259459108,
      "p25": 0.0276416277964504,
      "p50": 0.001441360854298946,
      "p75": 0.0,
      "p90": 0.0,
      "p95": 0.0,
      "p99": 0.0
    }
  }
}