{
  "sample_counts": {
    "downloads": 782896,
    "uploads": 570871
  },
  "metrics": {
    "download_throughput_mbps": {
      "p1": 0.39023456229690906,
      "p5": 2.9095472067841386,
      "p10": 8.069459876183647,
      "p25": 33.64590627235416,
      "p50": 93.77193072102385,
      "p75": 269.7542414637633,
      "p90": 634.2417133525794,
      "p95": 780.1428336571335,
      "p99": 926.3798946389948
    },
    "upload_throughput_mbps": {
      "p1": 0.06245554407452825,
      "p5": 0.08810637003215441,
      "p10": 0.9838822121970741,
      "p25": 12.290405747645837,
      "p50": 45.51926100707546,
      "p75": 106.91289307874214,
      "p90": 373.0813159015521,
      "p95": 505.4047191255482,
      "p99": 898.7257773451555
    },
    "latency_ms": {
      "p1": 232.471,
      "p5": 58.449,
      "p10": 25.026,
      "p25": 12.933,
      "p50": 8.192,
      "p75": 5.202,
      "p90": 3.0,
      "p95": 1.0,
      "p99": 0.315
    },
    "packet_loss": {
      "p1": 0.26623138842947675,
      "p5": 0.11897586122535961,
      "p10": 0.07769629920363723,
      "p25": 0.022787781650885845,
      "p50": 0.0011490256871925948,
      "p75": 0.0,
      "p90": 0.0,
      "p95": 0.0,
      "p99": 0.0
    }
  }
}