{
  "sample_counts": {
    "downloads": 185983,
    "uploads": 128910
  },
  "metrics": {
    "download_throughput_mbps": {
      "p1": 0.18664836566109647,
      "p5": 1.4591552489982722,
      "p10": 5.016643898890519,
      "p25": 24.118480634638544,
      "p50": 84.59514985870196,
      "p75": 220.98835182961486,
      "p90": 468.192293536901,
      "p95": 517.0032469881137,
      "p99": 886.0061340418026
    },
    "upload_throughput_mbps": {
      "p1": 0.0674718823823996,
      "p5": 0.10300806154133518,
      "p10": 0.42105536830775203,
      "p25": 7.701867537658936,
      "p50": 42.44495514401375,
      "p75": 140.69930663616722,
      "p90": 361.0581951534439,
      "p95": 457.2690913025383,
      "p99": 868.4945038912208
    },
    "latency_ms": {
      "p1": 243.615,
      "p5": 79.298,
      "p10": 44.486,
      "p25": 27.86,
      "p50": 15.987,
      "p75": 9.957,
      "p90": 6.72,
      "p95": 4.918,
      "p99": 1.791
    },
    "packet_loss": {
      "p1": 0.3306878522663317,
      "p5": 0.16027468221048685,
      "p10": 0.09694586695535469,
      "p25": 0.02894474742491564,
      "p50": 0.0008869485313435421,
      "p75": 0.0,
      "p90": 0.0,
      "p95": 0.0,
      "p99": 0.0
    }
  }
}