{
  "sample_counts": {
    "downloads": 181577,
    "uploads": 130889
  },
  "metrics": {
    "download_throughput_mbps": {
      "p1": 0.31341394519153565,
      "p5": 1.8718453711198026,
      "p10": 5.460945712157826,
      "p25": 23.828052318721518,
      "p50": 82.50339070943612,
      "p75": 211.81390364663125,
      "p90": 459.07364324090776,
      "p95": 510.3504159282584,
      "p99": 830.2567706796972
    },
    "upload_throughput_mbps": {
      "p1": 0.06370750036699252,
      "p5": 0.0898290451459129,
      "p10": 1.1777233449479443,
      "p25": 11.026148674486363,
      "p50": 45.63610360629273,
      "p75": 143.87630652265386,
      "p90": 359.8636109817776,
      "p95": 440.23848047914174,
      "p99": 816.9277985396856
    },
    "latency_ms": {
      "p1": 239.558,
      "p5": 66.06,
      "p10": 43.337,
      "p25": 27.704,
      "p50": 15.814,
      "p75": 10.292,
      "p90": 7.294,
      "p95": 4.551,
      "p99": 1.681
    },
    "packet_loss": {
      "p1": 0.28882266511291566,
      "p5": 0.14203061750925933,
      "p10": 0.08965343008486745,
      "p25": 0.02316762739469606,
      "p50": 0.001017173432634068,
      "p75": 0.0,
      "p90": 0.0,
      "p95": 0.0,
      "p99": 0.0
    }
  }
}