{
  "metrics": {
    "download_throughput_mbps": {
      "p1": 0.18865958698683138,
      "p5": 1.4488872250459557,
      "p10": 5.018670094987294,
      "p25": 24.16812505705428,
      "p50": 84.60528040351961,
      "p75": 220.7629614468045,
      "p90": 467.5267704739123,
      "p95": 517.0276567320606,
      "p99": 885.432640985551
    },
    "upload_throughput_mbps": {
      "p1": 0.0674718823823996,
      "p5": 0.10300806154133518,
      "p10": 0.42105536830775203,
      "p25": 7.701867537658936,
      "p50": 42.44495514401375,
      "p75": 140.69930663616722,
      "p90": 361.0581951534439,
      "p95": 457.2690913025383,
      "p99": 868.4945038912208
    },
    "latency_ms": {
      "p1": 243.493,
      "p5": 79.499,
      "p10": 44.505,
      "p25": 27.858,
      "p50": 15.987,
      "p75": 9.959,
      "p90": 6.721,
      "p95": 4.926,
      "p99": 1.837
    },
    "packet_loss": {
      "p1": 0.3306115932887108,
      "p5": 0.1607333101472367,
      "p10": 0.09695533117375582,
      "p25": 0.02899351097611487,
      "p50": 0.0008854175117615863,
      "p75": 0.0,
      "p90": 0.0,
      "p95": 0.0,
      "p99": 0.0
    }
  }
}