{
  "metrics": {
    "download_throughput_mbps": {
      "p1": 0.3092329798810781,
      "p5": 1.878171682256439,
      "p10": 5.482359766972713,
      "p25": 23.82508696664373,
      "p50": 82.57751728140668,
      "p75": 212.21563543171493,
      "p90": 459.2957378536562,
      "p95": 510.1656965668652,
      "p99": 830.4603058383801
    },
    "upload_throughput_mbps": {
      "p1": 0.06304355673559123,
      "p5": 0.08983157829053524,
      "p10": 1.174935071505835,
      "p25": 11.029837094049979,
      "p50": 45.62307739768979,
      "p75": 143.70323472770804,
      "p90": 360.24957465093576,
      "p95": 439.61149333840524,
      "p99": 811.1329422208213
    },
    "latency_ms": {
      "p1": 244.473,
      "p5": 66.205,
      "p10": 43.277,
      "p25": 27.718,
      "p50": 15.815,
      "p75": 10.289,
      "p90": 7.294,
      "p95": 4.569,
      "p99": 1.699
    },
    "packet_loss": {
      "p1": 0.2895294210442495,
      "p5": 0.14193560705695568,
      "p10": 0.0895641638241863,
      "p25": 0.02317666728541932,
      "p50": 0.0010125809567515824,
      "p75": 0.0,
      "p90": 0.0,
      "p95": 0.0,
      "p99": 0.0
    }
  }
}