{
  "metrics": {
    "download_throughput_mbps": {
      "p1": 0.11368807569789885,
      "p5": 0.3974174247991025,
      "p10": 0.9705213337260761,
      "p25": 4.882019692744283,
      "p50": 21.27289787507719,
      "p75": 47.22774433806825,
      "p90": 91.64367886892643,
      "p95": 129.21810261047418,
      "p99": 206.42038863184456
    },
    "upload_throughput_mbps": {
      "p1": 0.032548988079024115,
      "p5": 0.0829124766413411,
      "p10": 0.12006709504725033,
      "p25": 1.8886361622780834,
      "p50": 14.201618394736247,
      "p75": 38.68284204090669,
      "p90": 64.00967391340215,
      "p95": 88.12480540529297,
      "p99": 159.14504817878446
    },
    "latency_ms": {
      "p1": 319.074,
      "p5": 229.249,
      "p10": 160.665,
      "p25": 117.729,
      "p50": 79.0,
      "p75": 57.939,
      "p90": 24.404,
      "p95": 20.297,
      "p99": 16.223
    },
    "packet_loss": {
      "p1": 0.3944966492287713,
      "p5": 0.2865617186006901,
      "p10": 0.22112395754359362,
      "p25": 0.12533801382248427,
      "p50": 0.040979356195019925,
      "p75": 0.0011851582014662902,
      "p90": 0.0,
      "p95": 0.0,
      "p99": 0.0
    }
  }
}