{
  "sample_counts": {
    "downloads": 22598,
    "uploads": 18562
  },
  "metrics": {
    "download_throughput_mbps": {
      "p1": 0.1433118065290612,
      "p5": 0.6271947392855279,
      "p10": 1.6517928658085461,
      "p25": 6.644215895030228,
      "p50": 20.54233512554119,
      "p75": 44.90630228416064,
      "p90": 90.86865119685496,
      "p95": 122.76599352289197,
      "p99": 190.50568908090648
    },
    "upload_throughput_mbps": {
      "p1": 0.055370394462960555,
      "p5": 0.34515307471905443,
      "p10": 0.8752410610295277,
      "p25": 4.793941627262678,
      "p50": 17.595929249449867,
      "p75": 37.45746722438438,
      "p90": 66.05603890859767,
      "p95": 83.08014819777704,
      "p99": 134.46316272407628
    },
    "latency_ms": {
      "p1": 285.72,
      "p5": 234.083,
      "p10": 208.513,
      "p25": 156.0,
      "p50": 91.0,
      "p75": 68.864,
      "p90": 39.611,
      "p95": 25.356,
      "p99": 17.887
    },
    "packet_loss": {
      "p1": 0.3274818160381636,
      "p5": 0.21679393538209737,
      "p10": 0.1721156367101284,
      "p25": 0.09849302219743797,
      "p50": 0.02311292234384218,
      "p75": 0.0002363853500000504,
      "p90": 0.0,
      "p95": 0.0,
      "p99": 0.0
    }
  }
}