{
  "sample_counts": {
    "downloads": 33633,
    "uploads": 23466
  },
  "metrics": {
    "download_throughput_mbps": {
      "p1": 0.11249430847394971,
      "p5": 0.39717789241920193,
      "p10": 0.9756772923771078,
      "p25": 4.892338594685745,
      "p50": 21.2829594961775,
      "p75": 47.25700710327798,
      "p90": 91.53605489396544,
      "p95": 129.92821842424044,
      "p99": 207.09261349830663
    },
    "upload_throughput_mbps": {
      "p1": 0.032548988079024115,
      "p5": 0.0829124766413411,
      "p10": 0.12006709504725033,
      "p25": 1.8886361622780834,
      "p50": 14.201618394736247,
      "p75": 38.68284204090669,
      "p90": 64.00967391340215,
      "p95": 88.12480540529297,
      "p99": 159.14504817878446
    },
    "latency_ms": {
      "p1": 318.39,
      "p5": 229.982,
      "p10": 160.72,
      "p25": 117.775,
      "p50": 79.0,
      "p75": 57.962,
      "p90": 24.387,
      "p95": 20.273,
      "p99": 16.224
    },
    "packet_loss": {
      "p1": 0.395248704727435,
      "p5": 0.28662110906734517,
      "p10": 0.22120771383152427,
      "p25": 0.12531364173459258,
      "p50": 0.0409516690516376,
      "p75": 0.0011749868426471225,
      "p90": 0.0,
      "p95": 0.0,
      "p99": 0.0
    }
  }
}