{
  "metrics": {
    "download_throughput_mbps": {
      "p1": 0.1500798527697322,
      "p5": 0.1500798527697322,
      "p10": 0.1500798527697322,
      "p25": 0.1500798527697322,
      "p50": 0.1500798527697322,
      "p75": 0.1500798527697322,
      "p90": 0.1500798527697322,
      "p95": 0.1500798527697322,
      "p99": 0.1500798527697322
    },
    "upload_throughput_mbps": {
      "p1": 1.7376860215466625,
      "p5": 1.7376860215466625,
      "p10": 1.7376860215466625,
      "p25": 1.7376860215466625,
      "p50": 1.7376860215466625,
      "p75": 1.7376860215466625,
      "p90": 1.7376860215466625,
      "p95": 1.7376860215466625,
      "p99": 1.7376860215466625
    },
    "latency_ms": {
      "p1": 571.827,
      "p5": 571.827,
      "p10": 571.827,
      "p25": 571.827,
      "p50": 571.827,
      "p75": 571.827,
      "p90": 571.827,
      "p95": 571.827,
      "p99": 571.827
    },
    "packet_loss": {
      "p1": 0.2292167777285246,
      "p5": 0.2292167777285246,
      "p10": 0.2292167777285246,
      "p25": 0.2292167777285246,
      "p50": 0.2292167777285246,
      "p75": 0.2292167777285246,
      "p90": 0.2292167777285246,
      "p95": 0.2292167777285246,
      "p99": 0.2292167777285246
    }
  }
}