{
  "metrics": {
    "download_throughput_mbps": {
      "p1": 0.3299616817065101,
      "p5": 2.2974228338220506,
      "p10": 6.664576669376534,
      "p25": 28.211758007238625,
      "p50": 73.49622607579525,
      "p75": 245.90402296873663,
      "p90": 483.1706537320582,
      "p95": 647.1104951303066,
      "p99": 907.4434563501094
    },
    "upload_throughput_mbps": {
      "p1": 0.06890626562406256,
      "p5": 0.10277335872468077,
      "p10": 1.1921121618237975,
      "p25": 11.790517596277523,
      "p50": 21.948590631663123,
      "p75": 88.43779804976155,
      "p90": 205.04102117283438,
      "p95": 352.1792783012793,
      "p99": 509.93780897738776
    },
    "latency_ms": {
      "p1": 244.28,
      "p5": 48.757,
      "p10": 36.39,
      "p25": 22.114,
      "p50": 11.585,
      "p75": 7.561,
      "p90": 5.0,
      "p95": 4.147,
      "p99": 1.403
    },
    "packet_loss": {
      "p1": 0.20025448121656847,
      "p5": 0.09939978174919792,
      "p10": 0.060111745480629364,
      "p25": 0.012608800943058255,
      "p50": 0.000392460859861956,
      "p75": 0.0,
      "p90": 0.0,
      "p95": 0.0,
      "p99": 0.0
    }
  }
}