{
  "sample_counts": {
    "downloads": 355335,
    "uploads": 263942
  },
  "metrics": {
    "download_throughput_mbps": {
      "p1": 0.33639707106799444,
      "p5": 2.310610179495174,
      "p10": 6.655078747560924,
      "p25": 28.23751845100688,
      "p50": 73.4541227052403,
      "p75": 246.04997820146247,
      "p90": 483.6921325180681,
      "p95": 645.5476816806571,
      "p99": 906.8677462676931
    },
    "upload_throughput_mbps": {
      "p1": 0.06890626562406256,
      "p5": 0.10277335872468077,
      "p10": 1.1921121618237975,
      "p25": 11.790517596277523,
      "p50": 21.948590631663123,
      "p75": 88.43779804976155,
      "p90": 205.04102117283438,
      "p95": 352.1792783012793,
      "p99": 509.93780897738776
    },
    "latency_ms": {
      "p1": 242.641,
      "p5": 48.681,
      "p10": 36.422,
      "p25": 22.122,
      "p50": 11.583,
      "p75": 7.562,
      "p90": 5.0,
      "p95": 4.148,
      "p99": 1.385
    },
    "packet_loss": {
      "p1": 0.20099572467657456,
      "p5": 0.0992578243198351,
      "p10": 0.06023321911402792,
      "p25": 0.012630396862062698,
      "p50": 0.000390821434740748,
      "p75": 0.0,
      "p90": 0.0,
      "p95": 0.0,
      "p99": 0.0
    }
  }
}