{
  "sample_counts": {
    "downloads": 339449,
    "uploads": 262007
  },
  "metrics": {
    "download_throughput_mbps": {
      "p1": 0.31641330678221413,
      "p5": 2.1214734442953493,
      "p10": 5.730291345839596,
      "p25": 10.758244361557779,
      "p50": 46.51991149255253,
      "p75": 194.77460261999295,
      "p90": 354.29636571711677,
      "p95": 623.2160288964759,
      "p99": 893.3680975265623
    },
    "upload_throughput_mbps": {
      "p1": 0.06630052808871803,
      "p5": 0.08966199171345103,
      "p10": 1.0157681812268375,
      "p25": 10.499684918841853,
      "p50": 13.252913307721691,
      "p75": 82.67446949116088,
      "p90": 194.6219888,
      "p95": 339.92314618192813,
      "p99": 510.9876216927649
    },
    "latency_ms": {
      "p1": 272.425,
      "p5": 50.186,
      "p10": 35.403,
      "p25": 21.0,
      "p50": 9.891,
      "p75": 6.441,
      "p90": 3.11,
      "p95": 1.81,
      "p99": 1.0
    },
    "packet_loss": {
      "p1": 0.2062759727889958,
      "p5": 0.11762188499458603,
      "p10": 0.08824688183229179,
      "p25": 0.042831255163168866,
      "p50": 0.002100940606562486,
      "p75": 0.0,
      "p90": 0.0,
      "p95": 0.0,
      "p99": 0.0
    }
  }
}