{
  "metrics": {
    "download_throughput_mbps": {
      "p1": 0.318101581902145,
      "p5": 2.126909664130544,
      "p10": 5.724371467770804,
      "p25": 10.758624090203977,
      "p50": 46.561999757635526,
      "p75": 194.86319064087368,
      "p90": 353.2063080635024,
      "p95": 623.7391164875813,
      "p99": 893.6108154085618
    },
    "upload_throughput_mbps": {
      "p1": 0.06550845917955042,
      "p5": 0.08966085783324527,
      "p10": 1.0074237505619812,
      "p25": 10.50234691788982,
      "p50": 13.25936266517762,
      "p75": 82.68118760554907,
      "p90": 194.29001938075575,
      "p95": 340.5293516386972,
      "p99": 510.7548289530599
    },
    "latency_ms": {
      "p1": 269.348,
      "p5": 50.302,
      "p10": 35.35,
      "p25": 21.0,
      "p50": 9.895,
      "p75": 6.435,
      "p90": 3.11,
      "p95": 1.81,
      "p99": 1.0
    },
    "packet_loss": {
      "p1": 0.20755976774212098,
      "p5": 0.11770843903087083,
      "p10": 0.08840042335581463,
      "p25": 0.04275460505603226,
      "p50": 0.0021134127492743243,
      "p75": 0.0,
      "p90": 0.0,
      "p95": 0.0,
      "p99": 0.0
    }
  }
}