{
  "sample_counts": {
    "downloads": 12123,
    "uploads": 10821
  },
  "metrics": {
    "download_throughput_mbps": {
      "p1": 0.20671835530012728,
      "p5": 1.4696414349757914,
      "p10": 3.8946043497251943,
      "p25": 14.060141762153382,
      "p50": 41.267353763865984,
      "p75": 91.63467665434005,
      "p90": 204.5458456602848,
      "p95": 312.7924250464805,
      "p99": 492.65777233831085
    },
    "upload_throughput_mbps": {
      "p1": 0.07178646526352818,
      "p5": 0.6653924466364531,
      "p10": 2.0635470493384456,
      "p25": 7.995633696931928,
      "p50": 21.24949905761135,
      "p75": 45.46236233139339,
      "p90": 75.28097661574694,
      "p95": 107.27163522642752,
      "p99": 210.639826475939
    },
    "latency_ms": {
      "p1": 254.011,
      "p5": 123.512,
      "p10": 62.539,
      "p25": 40.187,
      "p50": 29.301,
      "p75": 22.711,
      "p90": 19.888,
      "p95": 18.725,
      "p99": 17.0
    },
    "packet_loss": {
      "p1": 0.2376126660164122,
      "p5": 0.15127519014800433,
      "p10": 0.11392901593834005,
      "p25": 0.057391231317002814,
      "p50": 0.004532535699473536,
      "p75": 0.0,
      "p90": 0.0,
      "p95": 0.0,
      "p99": 0.0
    }
  }
}