{
  "sample_counts": {
    "downloads": 12123,
    "uploads": 10821
  },
  "metrics": {
    "download_throughput_mbps": {
      "p1": 0.205532698190032,
      "p5": 1.4558228253915217,
      "p10": 3.8946043497251943,
      "p25": 14.058322511005043,
      "p50": 41.288402052031785,
      "p75": 91.63467665434005,
      "p90": 204.51704260604026,
      "p95": 312.53139714027833,
      "p99": 493.1851080339501
    },
    "upload_throughput_mbps": {
      "p1": 0.07394668512480543,
      "p5": 0.6736503087821237,
      "p10": 2.0610087084588034,
      "p25": 8.002067054065982,
      "p50": 21.24949905761135,
      "p75": 45.41345101102223,
      "p90": 75.19659921700392,
      "p95": 107.58196605823888,
      "p99": 210.61599848801058
    },
    "latency_ms": {
      "p1": 254.011,
      "p5": 123.737,
      "p10": 62.567,
      "p25": 40.187,
      "p50": 29.311,
      "p75": 22.715,
      "p90": 19.898,
      "p95": 18.718,
      "p99": 17.05
    },
    "packet_loss": {
      "p1": 0.2388067046070501,
      "p5": 0.15124356855471896,
      "p10": 0.11390315024574753,
      "p25": 0.057391231317002814,
      "p50": 0.00454659411609124,
      "p75": 0.0,
      "p90": 0.0,
      "p95": 0.0,
      "p99": 0.0
    }
  }
}