{
  "sample_counts": {
    "downloads": 13486,
    "uploads": 11397
  },
  "metrics": {
    "download_throughput_mbps": {
      "p1": 0.21428213359542644,
      "p5": 1.4089756637204718,
      "p10": 3.8951088114025607,
      "p25": 14.433200040840271,
      "p50": 44.71955543504557,
      "p75": 95.3767295713199,
      "p90": 221.82309058245195,
      "p95": 343.92107768529127,
      "p99": 728.6706893772608
    },
    "upload_throughput_mbps": {
      "p1": 0.08881203148562584,
      "p5": 0.8537635361534449,
      "p10": 2.5073515251877603,
      "p25": 9.281144537886888,
      "p50": 25.29562522792927,
      "p75": 53.0786273506647,
      "p90": 95.0480001055976,
      "p95": 144.09986443158616,
      "p99": 238.20234116387826
    },
    "latency_ms": {
      "p1": 248.879,
      "p5": 82.304,
      "p10": 47.759,
      "p25": 35.782,
      "p50": 27.391,
      "p75": 22.228,
      "p90": 20.387,
      "p95": 19.33,
      "p99": 18.0
    },
    "packet_loss": {
      "p1": 0.2568357402539282,
      "p5": 0.14636687027330667,
      "p10": 0.10505256014068602,
      "p25": 0.04398400839347437,
      "p50": 0.0026593779227183176,
      "p75": 0.0,
      "p90": 0.0,
      "p95": 0.0,
      "p99": 0.0
    }
  }
}