{
  "sample_counts": {
    "downloads": 13486,
    "uploads": 11397
  },
  "metrics": {
    "download_throughput_mbps": {
      "p1": 0.21412489402000137,
      "p5": 1.4206247924399682,
      "p10": 3.8951088114025607,
      "p25": 14.433200040840271,
      "p50": 44.71955543504557,
      "p75": 95.33618440308781,
      "p90": 221.93583555316013,
      "p95": 343.2148159851208,
      "p99": 739.3440867020726
    },
    "upload_throughput_mbps": {
      "p1": 0.0864854659758469,
      "p5": 0.8505087967617797,
      "p10": 2.5117407347370446,
      "p25": 9.281780462843948,
      "p50": 25.29765932172899,
      "p75": 53.082926181487,
      "p90": 95.0354312579478,
      "p95": 143.99697869790037,
      "p99": 238.07638379047864
    },
    "latency_ms": {
      "p1": 249.22,
      "p5": 80.904,
      "p10": 47.759,
      "p25": 35.782,
      "p50": 27.398,
      "p75": 22.228,
      "p90": 20.386,
      "p95": 19.331,
      "p99": 18.0
    },
    "packet_loss": {
      "p1": 0.2590070419233248,
      "p5": 0.14617387469014897,
      "p10": 0.1053398511866249,
      "p25": 0.04398400839347437,
      "p50": 0.0026593779227183176,
      "p75": 0.0,
      "p90": 0.0,
      "p95": 0.0,
      "p99": 0.0
    }
  }
}