{
  "metrics": {
    "download_throughput_mbps": {
      "p1": 0.21428213359542644,
      "p5": 1.4205978814684146,
      "p10": 3.8951088114025607,
      "p25": 14.435037278906364,
      "p50": 44.72720447482262,
      "p75": 95.38787983037625,
      "p90": 221.93583555316013,
      "p95": 343.59140109675275,
      "p99": 750.7261521209135
    },
    "upload_throughput_mbps": {
      "p1": 0.0864854659758469,
      "p5": 0.8505087967617797,
      "p10": 2.5117407347370446,
      "p25": 9.281780462843948,
      "p50": 25.29765932172899,
      "p75": 53.082926181487,
      "p90": 95.0354312579478,
      "p95": 143.99697869790037,
      "p99": 238.07638379047864
    },
    "latency_ms": {
      "p1": 249.22,
      "p5": 80.904,
      "p10": 47.759,
      "p25": 35.792,
      "p50": 27.391,
      "p75": 22.224,
      "p90": 20.387,
      "p95": 19.336,
      "p99": 18.0
    },
    "packet_loss": {
      "p1": 0.2571791736837395,
      "p5": 0.14636936364709863,
      "p10": 0.10531994692393123,
      "p25": 0.0440194908351463,
      "p50": 0.0026760486591417875,
      "p75": 0.0,
      "p90": 0.0,
      "p95": 0.0,
      "p99": 0.0
    }
  }
}