{
  "sample_counts": {
    "downloads": 6757,
    "uploads": 6338
  },
  "metrics": {
    "download_throughput_mbps": {
      "p1": 0.2441980490256474,
      "p5": 1.7616062368550767,
      "p10": 5.4785642728796375,
      "p25": 23.283925634652842,
      "p50": 67.35220647527134,
      "p75": 138.18022042546954,
      "p90": 184.8769746466248,
      "p95": 197.91730543948952,
      "p99": 283.326672229975
    },
    "upload_throughput_mbps": {
      "p1": 0.09681717400443438,
      "p5": 0.96093179810841,
      "p10": 2.432754362281886,
      "p25": 6.654445217256361,
      "p50": 12.740003273803898,
      "p75": 32.65815977166334,
      "p90": 92.0206066358407,
      "p95": 136.30437267324962,
      "p99": 200.97138128013242
    },
    "latency_ms": {
      "p1": 215.232,
      "p5": 128.552,
      "p10": 119.241,
      "p25": 111.405,
      "p50": 104.097,
      "p75": 95.0,
      "p90": 55.199,
      "p95": 25.63,
      "p99": 20.576
    },
    "packet_loss": {
      "p1": 0.31590864721102424,
      "p5": 0.1869628873967351,
      "p10": 0.12922268233020962,
      "p25": 0.053665554249045316,
      "p50": 0.0019165111764267283,
      "p75": 0.0,
      "p90": 0.0,
      "p95": 0.0,
      "p99": 0.0
    }
  }
}