{
  "sample_counts": {
    "downloads": 6898,
    "uploads": 6219
  },
  "metrics": {
    "download_throughput_mbps": {
      "p1": 0.33968667584657664,
      "p5": 1.648691987009591,
      "p10": 5.2583855042626375,
      "p25": 20.110917913060877,
      "p50": 62.97791950027307,
      "p75": 121.38279445617788,
      "p90": 177.90244706756155,
      "p95": 198.6141156780751,
      "p99": 253.14702881996934
    },
    "upload_throughput_mbps": {
      "p1": 0.07753429207931138,
      "p5": 0.9919208924636929,
      "p10": 2.3649105647255215,
      "p25": 5.991564227693656,
      "p50": 12.751125394212943,
      "p75": 26.943138020181003,
      "p90": 72.38515784949574,
      "p95": 133.38944317144626,
      "p99": 210.31558723167035
    },
    "latency_ms": {
      "p1": 232.984,
      "p5": 137.0,
      "p10": 123.774,
      "p25": 114.164,
      "p50": 106.207,
      "p75": 97.0,
      "p90": 85.0,
      "p95": 26.0,
      "p99": 19.34
    },
    "packet_loss": {
      "p1": 0.31819676399250396,
      "p5": 0.19168725402674733,
      "p10": 0.1346340045516754,
      "p25": 0.05676027821044371,
      "p50": 0.005799398685961426,
      "p75": 0.0,
      "p90": 0.0,
      "p95": 0.0,
      "p99": 0.0
    }
  }
}