{
  "metrics": {
    "download_throughput_mbps": {
      "p1": 0.24610360042970336,
      "p5": 1.7616062368550767,
      "p10": 5.4785642728796375,
      "p25": 23.283925634652842,
      "p50": 67.34680800409002,
      "p75": 138.18022042546954,
      "p90": 184.8769746466248,
      "p95": 197.9130329398502,
      "p99": 283.326672229975
    },
    "upload_throughput_mbps": {
      "p1": 0.09681717400443438,
      "p5": 0.96093179810841,
      "p10": 2.432754362281886,
      "p25": 6.654445217256361,
      "p50": 12.740003273803898,
      "p75": 32.65815977166334,
      "p90": 92.0206066358407,
      "p95": 136.30437267324962,
      "p99": 200.97138128013242
    },
    "latency_ms": {
      "p1": 215.909,
      "p5": 128.583,
      "p10": 119.218,
      "p25": 111.407,
      "p50": 104.097,
      "p75": 95.0,
      "p90": 55.223,
      "p95": 25.63,
      "p99": 20.593
    },
    "packet_loss": {
      "p1": 0.3160395482366184,
      "p5": 0.18738354256653142,
      "p10": 0.12890265784837482,
      "p25": 0.053665554249045316,
      "p50": 0.0019165111764267283,
      "p75": 0.0,
      "p90": 0.0,
      "p95": 0.0,
      "p99": 0.0
    }
  }
}