{
  "sample_counts": {
    "downloads": 6757,
    "uploads": 6338
  },
  "metrics": {
    "download_throughput_mbps": {
      "p1": 0.24610360042970336,
      "p5": 1.7678612788947807,
      "p10": 5.4785642728796375,
      "p25": 23.283925634652842,
      "p50": 67.35220647527134,
      "p75": 138.19730478118393,
      "p90": 184.9327322009017,
      "p95": 197.9130329398502,
      "p99": 283.326672229975
    },
    "upload_throughput_mbps": {
      "p1": 0.09633224215777567,
      "p5": 0.96093179810841,
      "p10": 2.4397243003513442,
      "p25": 6.654445217256361,
      "p50": 12.735541919705591,
      "p75": 32.65815977166334,
      "p90": 92.0206066358407,
      "p95": 136.30396383306692,
      "p99": 201.14149973736554
    },
    "latency_ms": {
      "p1": 215.909,
      "p5": 128.552,
      "p10": 119.218,
      "p25": 111.407,
      "p50": 104.092,
      "p75": 95.0,
      "p90": 55.223,
      "p95": 25.63,
      "p99": 20.576
    },
    "packet_loss": {
      "p1": 0.3160395482366184,
      "p5": 0.1869628873967351,
      "p10": 0.12890265784837482,
      "p25": 0.053758315940525554,
      "p50": 0.0019184185373980278,
      "p75": 0.0,
      "p90": 0.0,
      "p95": 0.0,
      "p99": 0.0
    }
  }
}