{
  "sample_counts": {
    "downloads": 257680,
    "uploads": 200753
  },
  "metrics": {
    "download_throughput_mbps": {
      "p1": 0.13722692896891808,
      "p5": 0.5695648291185553,
      "p10": 1.446199763453909,
      "p25": 6.723730627904861,
      "p50": 27.196113416419085,
      "p75": 89.98170898228227,
      "p90": 210.47094388254166,
      "p95": 326.93288584820846,
      "p99": 730.861387579177
    },
    "upload_throughput_mbps": {
      "p1": 0.03642532930657895,
      "p5": 0.07550352331576167,
      "p10": 0.0892834126595027,
      "p25": 2.6859618130339036,
      "p50": 17.250226971618122,
      "p75": 55.82186683733675,
      "p90": 164.75621745673814,
      "p95": 260.44635075193355,
      "p99": 628.4734908862985
    },
    "latency_ms": {
      "p1": 302.037,
      "p5": 163.929,
      "p10": 150.867,
      "p25": 117.449,
      "p50": 25.673,
      "p75": 8.329,
      "p90": 3.223,
      "p95": 2.233,
      "p99": 1.007
    },
    "packet_loss": {
      "p1": 0.33731871532187124,
      "p5": 0.19686421859204375,
      "p10": 0.1346420629895391,
      "p25": 0.05493210581092648,
      "p50": 0.0027710467031406773,
      "p75": 0.0,
      "p90": 0.0,
      "p95": 0.0,
      "p99": 0.0
    }
  }
}