{
  "sample_counts": {
    "downloads": 306324,
    "uploads": 231774
  },
  "metrics": {
    "download_throughput_mbps": {
      "p1": 0.14272259099452367,
      "p5": 0.6132588175387063,
      "p10": 1.6398606244461587,
      "p25": 7.993317840576181,
      "p50": 33.30629304871953,
      "p75": 97.51752202058697,
      "p90": 256.9809375600474,
      "p95": 418.93608379093547,
      "p99": 865.7018769626153
    },
    "upload_throughput_mbps": {
      "p1": 0.043556046542230345,
      "p5": 0.083102217739738,
      "p10": 0.1024999020069771,
      "p25": 2.8617132059819435,
      "p50": 18.858961758573077,
      "p75": 73.62419713329425,
      "p90": 192.71674932979022,
      "p95": 323.254681369314,
      "p99": 804.0332535733971
    },
    "latency_ms": {
      "p1": 291.211,
      "p5": 189.977,
      "p10": 155.522,
      "p25": 121.825,
      "p50": 23.952,
      "p75": 7.715,
      "p90": 2.982,
      "p95": 1.962,
      "p99": 0.908
    },
    "packet_loss": {
      "p1": 0.3499183279009578,
      "p5": 0.19819221510278734,
      "p10": 0.13169174745444004,
      "p25": 0.04938996526602155,
      "p50": 0.0020522895572011486,
      "p75": 0.0,
      "p90": 0.0,
      "p95": 0.0,
      "p99": 0.0
    }
  }
}