{
  "metrics": {
    "download_throughput_mbps": {
      "p1": 0.1423457066746334,
      "p5": 0.6153477803459405,
      "p10": 1.6382045954705464,
      "p25": 7.989447212507207,
      "p50": 33.29225671134916,
      "p75": 97.5803862321545,
      "p90": 256.82961974900905,
      "p95": 419.10983584928675,
      "p99": 868.7512862648492
    },
    "upload_throughput_mbps": {
      "p1": 0.043556046542230345,
      "p5": 0.083102217739738,
      "p10": 0.1024999020069771,
      "p25": 2.8617132059819435,
      "p50": 18.858961758573077,
      "p75": 73.62419713329425,
      "p90": 192.71674932979022,
      "p95": 323.254681369314,
      "p99": 804.0332535733971
    },
    "latency_ms": {
      "p1": 291.372,
      "p5": 190.0,
      "p10": 155.432,
      "p25": 121.819,
      "p50": 23.963,
      "p75": 7.715,
      "p90": 2.982,
      "p95": 1.962,
      "p99": 0.913
    },
    "packet_loss": {
      "p1": 0.3539435637378126,
      "p5": 0.19780251946076205,
      "p10": 0.13195152384738773,
      "p25": 0.04938029236654992,
      "p50": 0.002063500623118262,
      "p75": 0.0,
      "p90": 0.0,
      "p95": 0.0,
      "p99": 0.0
    }
  }
}