{
  "sample_counts": {
    "downloads": 7606,
    "uploads": 5702
  },
  "metrics": {
    "download_throughput_mbps": {
      "p1": 0.11793970318550243,
      "p5": 0.5109405714861759,
      "p10": 1.2116060297781566,
      "p25": 4.286530433424623,
      "p50": 13.389393079146267,
      "p75": 36.53747508746427,
      "p90": 58.929128260024726,
      "p95": 67.16609908407119,
      "p99": 92.84876454787019
    },
    "upload_throughput_mbps": {
      "p1": 0.04393658102554554,
      "p5": 0.09441352261393207,
      "p10": 0.26387713791245926,
      "p25": 1.3659170721434313,
      "p50": 5.555319915729652,
      "p75": 13.871791677224005,
      "p90": 32.4618873629835,
      "p95": 41.79438310290925,
      "p99": 66.23948952845159
    },
    "latency_ms": {
      "p1": 500.668,
      "p5": 325.677,
      "p10": 308.938,
      "p25": 295.909,
      "p50": 277.773,
      "p75": 257.29,
      "p90": 238.76,
      "p95": 202.193,
      "p99": 150.628
    },
    "packet_loss": {
      "p1": 0.34830397584297934,
      "p5": 0.260246610966502,
      "p10": 0.207774905812076,
      "p25": 0.1176559755654027,
      "p50": 0.011506870055641773,
      "p75": 0.0,
      "p90": 0.0,
      "p95": 0.0,
      "p99": 0.0
    }
  }
}