{
  "metrics": {
    "download_throughput_mbps": {
      "p1": 0.055100440433715016,
      "p5": 0.2798180647551634,
      "p10": 0.5885172650207952,
      "p25": 2.151891409595993,
      "p50": 8.495616527438868,
      "p75": 25.36825775959847,
      "p90": 67.25925066765572,
      "p95": 178.10726223822516,
      "p99": 289.98214565922154
    },
    "upload_throughput_mbps": {
      "p1": 0.06865834177072787,
      "p5": 0.49112993183639736,
      "p10": 1.0972776621427691,
      "p25": 2.424790724546844,
      "p50": 5.642969732724055,
      "p75": 12.304824851368918,
      "p90": 23.03319342907302,
      "p95": 28.838812380482697,
      "p99": 78.07282242703558
    },
    "latency_ms": {
      "p1": 837.12,
      "p5": 230.009,
      "p10": 139.96,
      "p25": 77.454,
      "p50": 61.283,
      "p75": 49.828,
      "p90": 14.302,
      "p95": 0.328,
      "p99": 0.317
    },
    "packet_loss": {
      "p1": 0.31046143193241976,
      "p5": 0.16550852249490572,
      "p10": 0.11137468581565449,
      "p25": 0.030594484165129245,
      "p50": 0.0011570883246751482,
      "p75": 7.921671992650174e-05,
      "p90": 0.0,
      "p95": 0.0,
      "p99": 0.0
    }
  }
}