{
  "metrics": {
    "download_throughput_mbps": {
      "p1": 0.07902283094368678,
      "p5": 0.1856209873197923,
      "p10": 0.36699282715664644,
      "p25": 0.7318521078012229,
      "p50": 3.3285145724718412,
      "p75": 20.36087686149596,
      "p90": 57.12311599067621,
      "p95": 85.70476615269781,
      "p99": 444.8695845398435
    },
    "upload_throughput_mbps": {
      "p1": 0.012560580080897431,
      "p5": 0.05415951485867794,
      "p10": 0.11343924046379836,
      "p25": 0.8443935009209932,
      "p50": 3.631103202882559,
      "p75": 12.771839571230014,
      "p90": 29.40671756668616,
      "p95": 36.219310820388685,
      "p99": 247.6283646140696
    },
    "latency_ms": {
      "p1": 671.421,
      "p5": 393.18,
      "p10": 166.031,
      "p25": 109.765,
      "p50": 67.323,
      "p75": 54.203,
      "p90": 40.359,
      "p95": 1.311,
      "p99": 0.598
    },
    "packet_loss": {
      "p1": 0.3846393000299797,
      "p5": 0.2739321776345491,
      "p10": 0.22629895055702806,
      "p25": 0.10196575506189118,
      "p50": 0.00112735446289591,
      "p75": 0.0,
      "p90": 0.0,
      "p95": 0.0,
      "p99": 0.0
    }
  }
}