{
  "sample_counts": {
    "downloads": 4880637,
    "uploads": 3362926
  },
  "metrics": {
    "download_throughput_mbps": {
      "p1": 0.12209154719235364,
      "p5": 0.39074431132024406,
      "p10": 0.9120645843300493,
      "p25": 4.29659201870238,
      "p50": 23.419320973641536,
      "p75": 80.03711630635313,
      "p90": 193.66105794567252,
      "p95": 283.48263424349705,
      "p99": 474.39954592145307
    },
    "upload_throughput_mbps": {
      "p1": 0.030101325382683838,
      "p5": 0.07820348385700654,
      "p10": 0.08963156080535205,
      "p25": 0.9801101553313942,
      "p50": 10.953353341981993,
      "p75": 54.101838508345345,
      "p90": 146.46724397970615,
      "p95": 234.16111999505782,
      "p99": 388.8639092258857
    },
    "latency_ms": {
      "p1": 351.197,
      "p5": 205.092,
      "p10": 125.012,
      "p25": 77.397,
      "p50": 47.749,
      "p75": 24.518,
      "p90": 7.045,
      "p95": 4.756,
      "p99": 2.722
    },
    "packet_loss": {
      "p1": 0.41503516552958936,
      "p5": 0.3161323218763983,
      "p10": 0.23671840532905222,
      "p25": 0.11305924964685246,
      "p50": 0.01924078614287858,
      "p75": 4.5496533403787705e-05,
      "p90": 0.0,
      "p95": 0.0,
      "p99": 0.0
    }
  }
}