{
  "sample_counts": {
    "downloads": 3991423,
    "uploads": 2834611
  },
  "metrics": {
    "download_throughput_mbps": {
      "p1": 0.12123749937752154,
      "p5": 0.4726313576400014,
      "p10": 1.196737540189405,
      "p25": 5.448182040568288,
      "p50": 23.125757195565477,
      "p75": 70.6796972872651,
      "p90": 175.0494404360814,
      "p95": 271.7125394508189,
      "p99": 419.145085839622
    },
    "upload_throughput_mbps": {
      "p1": 0.022345647629973146,
      "p5": 0.07000542649045255,
      "p10": 0.07628478543979163,
      "p25": 0.7975868205120257,
      "p50": 8.854683501774407,
      "p75": 43.767947147227865,
      "p90": 98.7947019509944,
      "p95": 178.72457237119735,
      "p99": 308.6346847114414
    },
    "latency_ms": {
      "p1": 342.461,
      "p5": 207.12,
      "p10": 114.433,
      "p25": 72.238,
      "p50": 39.705,
      "p75": 20.148,
      "p90": 6.015,
      "p95": 4.053,
      "p99": 2.23
    },
    "packet_loss": {
      "p1": 0.3934823598009754,
      "p5": 0.2260711305359884,
      "p10": 0.15827837383423254,
      "p25": 0.07279129112386058,
      "p50": 0.0061561959224125,
      "p75": 0.0,
      "p90": 0.0,
      "p95": 0.0,
      "p99": 0.0
    }
  }
}