{
  "metrics": {
    "download_throughput_mbps": {
      "p1": 0.12160571875212967,
      "p5": 0.4724346569912995,
      "p10": 1.1959527016828786,
      "p25": 5.446959907616994,
      "p50": 23.098026557149417,
      "p75": 70.70641013268998,
      "p90": 175.11104720310593,
      "p95": 271.0798317277503,
      "p99": 416.1014614853242
    },
    "upload_throughput_mbps": {
      "p1": 0.02238638289702426,
      "p5": 0.06992463218088277,
      "p10": 0.07627530500402192,
      "p25": 0.7955892374914814,
      "p50": 8.87642200481685,
      "p75": 43.70629070212554,
      "p90": 98.8689014899433,
      "p95": 178.15106944037504,
      "p99": 309.0059307269573
    },
    "latency_ms": {
      "p1": 345.983,
      "p5": 207.168,
      "p10": 114.5,
      "p25": 72.251,
      "p50": 39.696,
      "p75": 20.152,
      "p90": 6.018,
      "p95": 4.062,
      "p99": 2.214
    },
    "packet_loss": {
      "p1": 0.3926970830216904,
      "p5": 0.22637706113863065,
      "p10": 0.15825997821113377,
      "p25": 0.07276518546402189,
      "p50": 0.006158925710804251,
      "p75": 0.0,
      "p90": 0.0,
      "p95": 0.0,
      "p99": 0.0
    }
  }
}