{
  "sample_counts": {
    "downloads": 4880637,
    "uploads": 3362926
  },
  "metrics": {
    "download_throughput_mbps": {
      "p1": 0.12200045201159711,
      "p5": 0.39202405947534463,
      "p10": 0.9124850658923512,
      "p25": 4.292550018794584,
      "p50": 23.40892499865469,
      "p75": 80.06050411017328,
      "p90": 193.82635567384312,
      "p95": 283.38780350494295,
      "p99": 474.47954256939295
    },
    "upload_throughput_mbps": {
      "p1": 0.030119033179034953,
      "p5": 0.07779965099950913,
      "p10": 0.08963751252942866,
      "p25": 0.9815980514289794,
      "p50": 10.939884370520332,
      "p75": 54.104903942012236,
      "p90": 146.99033974970106,
      "p95": 233.70790969858695,
      "p99": 393.36938164325795
    },
    "latency_ms": {
      "p1": 348.2,
      "p5": 204.968,
      "p10": 124.829,
      "p25": 77.351,
      "p50": 47.722,
      "p75": 24.518,
      "p90": 7.034,
      "p95": 4.753,
      "p99": 2.714
    },
    "packet_loss": {
      "p1": 0.41510120591676686,
      "p5": 0.31642965395358025,
      "p10": 0.23703841711070536,
      "p25": 0.11314919380507167,
      "p50": 0.019341209468012363,
      "p75": 4.54522534065671e-05,
      "p90": 0.0,
      "p95": 0.0,
      "p99": 0.0
    }
  }
}