{
  "metrics": {
    "download_throughput_mbps": {
      "p1": 0.0509274564242086,
      "p5": 0.21872695402638048,
      "p10": 0.5112019746661036,
      "p25": 2.022000957989462,
      "p50": 5.334004234968602,
      "p75": 12.27320988404603,
      "p90": 23.140495302659183,
      "p95": 35.97167223511358,
      "p99": 71.71656587066525
    },
    "upload_throughput_mbps": {
      "p1": 0.02396894508503334,
      "p5": 0.12440542583240384,
      "p10": 0.33654149878485146,
      "p25": 1.303913339217332,
      "p50": 4.459924719257188,
      "p75": 10.93363455295146,
      "p90": 20.04873392689911,
      "p95": 29.087459487459487,
      "p99": 64.69563398270328
    },
    "latency_ms": {
      "p1": 615.928,
      "p5": 289.387,
      "p10": 236.402,
      "p25": 205.766,
      "p50": 178.113,
      "p75": 162.545,
      "p90": 127.607,
      "p95": 88.354,
      "p99": 42.958
    },
    "packet_loss": {
      "p1": 0.3883052711062832,
      "p5": 0.309520309615,
      "p10": 0.26288953245535834,
      "p25": 0.18161088351240628,
      "p50": 0.08631295334122126,
      "p75": 0.0061309619307373196,
      "p90": 0.0,
      "p95": 0.0,
      "p99": 0.0
    }
  }
}