{
  "sample_counts": {
    "downloads": 93056,
    "uploads": 80065
  },
  "metrics": {
    "download_throughput_mbps": {
      "p1": 0.05109856291253274,
      "p5": 0.21909653850819835,
      "p10": 0.5113583750385585,
      "p25": 2.022522905655336,
      "p50": 5.334380070933067,
      "p75": 12.282200903831418,
      "p90": 23.09929635912247,
      "p95": 35.86779680793032,
      "p99": 71.04190046584516
    },
    "upload_throughput_mbps": {
      "p1": 0.023389015465955478,
      "p5": 0.12350985374259421,
      "p10": 0.33533519035071313,
      "p25": 1.3035167053554053,
      "p50": 4.455499007592103,
      "p75": 10.931620842037768,
      "p90": 20.051942899088278,
      "p95": 29.146264790458588,
      "p99": 65.46933892479771
    },
    "latency_ms": {
      "p1": 616.177,
      "p5": 289.718,
      "p10": 236.426,
      "p25": 205.766,
      "p50": 178.122,
      "p75": 162.556,
      "p90": 127.629,
      "p95": 88.256,
      "p99": 43.0
    },
    "packet_loss": {
      "p1": 0.38727355052682305,
      "p5": 0.30963339627376174,
      "p10": 0.26288953245535834,
      "p25": 0.18154524952881707,
      "p50": 0.08639987502859278,
      "p75": 0.006109394315894337,
      "p90": 0.0,
      "p95": 0.0,
      "p99": 0.0
    }
  }
}