{
  "metrics": {
    "download_throughput_mbps": {
      "p1": 0.0645341463994831,
      "p5": 0.17959441167299467,
      "p10": 0.36765328871173636,
      "p25": 1.6393748828601462,
      "p50": 6.054084564451208,
      "p75": 13.471468810482785,
      "p90": 24.30260858758226,
      "p95": 38.703938232833394,
      "p99": 79.64246834863923
    },
    "upload_throughput_mbps": {
      "p1": 0.017742339338312898,
      "p5": 0.0817157875389524,
      "p10": 0.14531687871577587,
      "p25": 0.7818518198889943,
      "p50": 4.115030688276685,
      "p75": 12.373722593525121,
      "p90": 20.998800372097637,
      "p95": 30.058041325984064,
      "p99": 65.74943428150576
    },
    "latency_ms": {
      "p1": 554.133,
      "p5": 368.869,
      "p10": 316.0,
      "p25": 219.963,
      "p50": 177.112,
      "p75": 146.233,
      "p90": 107.582,
      "p95": 61.933,
      "p99": 40.516
    },
    "packet_loss": {
      "p1": 0.3891224698180071,
      "p5": 0.31740606470002414,
      "p10": 0.2745964413014445,
      "p25": 0.19441317935225164,
      "p50": 0.09282479972135145,
      "p75": 0.006858553051263264,
      "p90": 0.0,
      "p95": 0.0,
      "p99": 0.0
    }
  }
}