{
  "sample_counts": {
    "downloads": 31922,
    "uploads": 25574
  },
  "metrics": {
    "download_throughput_mbps": {
      "p1": 0.06433060252050742,
      "p5": 0.1792033285658562,
      "p10": 0.36795651835968585,
      "p25": 1.6359057665392465,
      "p50": 6.05846058564247,
      "p75": 13.476613027011487,
      "p90": 24.314694754362172,
      "p95": 38.703938232833394,
      "p99": 79.52422552176044
    },
    "upload_throughput_mbps": {
      "p1": 0.017742339338312898,
      "p5": 0.0817157875389524,
      "p10": 0.14531687871577587,
      "p25": 0.7818518198889943,
      "p50": 4.115030688276685,
      "p75": 12.373722593525121,
      "p90": 20.998800372097637,
      "p95": 30.058041325984064,
      "p99": 65.74943428150576
    },
    "latency_ms": {
      "p1": 554.476,
      "p5": 368.887,
      "p10": 316.0,
      "p25": 219.957,
      "p50": 177.079,
      "p75": 146.231,
      "p90": 107.241,
      "p95": 62.063,
      "p99": 40.534
    },
    "packet_loss": {
      "p1": 0.3886590385968125,
      "p5": 0.31760196182856293,
      "p10": 0.2746979955297157,
      "p25": 0.19442980946259017,
      "p50": 0.09270906753701134,
      "p75": 0.006875113850710135,
      "p90": 0.0,
      "p95": 0.0,
      "p99": 0.0
    }
  }
}