{
  "sample_counts": {
    "downloads": 302945,
    "uploads": 205290
  },
  "metrics": {
    "download_throughput_mbps": {
      "p1": 0.18463520295317226,
      "p5": 0.7782777970907949,
      "p10": 2.022663518852126,
      "p25": 9.804436788077064,
      "p50": 40.10634130011197,
      "p75": 151.1788082569487,
      "p90": 376.8965948485784,
      "p95": 558.3000294990203,
      "p99": 857.9460619000332
    },
    "upload_throughput_mbps": {
      "p1": 0.048797980050498735,
      "p5": 0.08956187660864504,
      "p10": 0.281028800140468,
      "p25": 2.9979708884692626,
      "p50": 15.625346666442688,
      "p75": 49.31570889539619,
      "p90": 102.83480175859057,
      "p95": 198.8207639827613,
      "p99": 474.52898272614203
    },
    "latency_ms": {
      "p1": 305.89,
      "p5": 107.382,
      "p10": 55.188,
      "p25": 32.639,
      "p50": 19.997,
      "p75": 10.378,
      "p90": 5.0,
      "p95": 1.546,
      "p99": 0.727
    },
    "packet_loss": {
      "p1": 0.3305095722326718,
      "p5": 0.18458992315239506,
      "p10": 0.11190654155988165,
      "p25": 0.027308332701324853,
      "p50": 0.0007000116276436978,
      "p75": 0.0,
      "p90": 0.0,
      "p95": 0.0,
      "p99": 0.0
    }
  }
}