{
  "metrics": {
    "download_throughput_mbps": {
      "p1": 0.18146276713187623,
      "p5": 0.7783809730512186,
      "p10": 2.008579806811825,
      "p25": 9.79514243757409,
      "p50": 40.10790401789295,
      "p75": 151.22212252490408,
      "p90": 377.4641727328072,
      "p95": 559.4411114826648,
      "p99": 862.3836278529526
    },
    "upload_throughput_mbps": {
      "p1": 0.048797980050498735,
      "p5": 0.08956187660864504,
      "p10": 0.281028800140468,
      "p25": 2.9979708884692626,
      "p50": 15.625346666442688,
      "p75": 49.31570889539619,
      "p90": 102.83480175859057,
      "p95": 198.8207639827613,
      "p99": 474.52898272614203
    },
    "latency_ms": {
      "p1": 305.089,
      "p5": 106.918,
      "p10": 55.239,
      "p25": 32.608,
      "p50": 19.997,
      "p75": 10.389,
      "p90": 5.0,
      "p95": 1.548,
      "p99": 0.73
    },
    "packet_loss": {
      "p1": 0.33086317977759655,
      "p5": 0.18479321271037327,
      "p10": 0.11173846172282212,
      "p25": 0.027438007844757667,
      "p50": 0.0006999139799532529,
      "p75": 0.0,
      "p90": 0.0,
      "p95": 0.0,
      "p99": 0.0
    }
  }
}