{
  "metrics": {
    "download_throughput_mbps": {
      "p1": 0.20035655770440014,
      "p5": 0.9250662990025081,
      "p10": 2.471532404270167,
      "p25": 10.901065068254796,
      "p50": 43.42755544249044,
      "p75": 149.06284565460004,
      "p90": 356.03629988664534,
      "p95": 546.0907041459227,
      "p99": 798.5346604000773
    },
    "upload_throughput_mbps": {
      "p1": 0.05553152381312357,
      "p5": 0.08947201324729127,
      "p10": 0.5882976541652338,
      "p25": 4.47889942532069,
      "p50": 16.60273849322576,
      "p75": 46.28086556622239,
      "p90": 100.97869060361316,
      "p95": 193.2255320851056,
      "p99": 507.36626948142987
    },
    "latency_ms": {
      "p1": 280.234,
      "p5": 98.0,
      "p10": 52.795,
      "p25": 32.747,
      "p50": 19.971,
      "p75": 9.764,
      "p90": 4.498,
      "p95": 1.919,
      "p99": 0.828
    },
    "packet_loss": {
      "p1": 0.2994748494604105,
      "p5": 0.1467155656169674,
      "p10": 0.08807802324891004,
      "p25": 0.02117628957687511,
      "p50": 0.0009779919473889302,
      "p75": 0.0,
      "p90": 0.0,
      "p95": 0.0,
      "p99": 0.0
    }
  }
}