{
  "sample_counts": {
    "downloads": 142131,
    "uploads": 113254
  },
  "metrics": {
    "download_throughput_mbps": {
      "p1": 0.20198476782776795,
      "p5": 0.9233316286924178,
      "p10": 2.475887533435367,
      "p25": 10.88033231783286,
      "p50": 43.46628504953845,
      "p75": 149.31295316072905,
      "p90": 355.7101419363303,
      "p95": 547.3543071244943,
      "p99": 800.8882108218027
    },
    "upload_throughput_mbps": {
      "p1": 0.053909772406159163,
      "p5": 0.08946811412536128,
      "p10": 0.5886317456762076,
      "p25": 4.476374929201586,
      "p50": 16.603740409211483,
      "p75": 46.330182106756915,
      "p90": 100.9661832141598,
      "p95": 192.9113507748126,
      "p99": 507.1176847526698
    },
    "latency_ms": {
      "p1": 281.901,
      "p5": 98.979,
      "p10": 52.641,
      "p25": 32.735,
      "p50": 19.965,
      "p75": 9.75,
      "p90": 4.505,
      "p95": 1.955,
      "p99": 0.824
    },
    "packet_loss": {
      "p1": 0.30493777225547564,
      "p5": 0.14663861406454667,
      "p10": 0.08818103421852905,
      "p25": 0.02116187136593314,
      "p50": 0.0009750783451146581,
      "p75": 0.0,
      "p90": 0.0,
      "p95": 0.0,
      "p99": 0.0
    }
  }
}