{
  "sample_counts": {
    "downloads": 19649,
    "uploads": 19153
  },
  "metrics": {
    "download_throughput_mbps": {
      "p1": 0.4041864710716389,
      "p5": 2.876387185358523,
      "p10": 7.207051982964736,
      "p25": 24.629018590061442,
      "p50": 84.91856120851749,
      "p75": 195.29663146817526,
      "p90": 355.2090196402715,
      "p95": 433.29581108089957,
      "p99": 543.4409672999988
    },
    "upload_throughput_mbps": {
      "p1": 0.07611190169365979,
      "p5": 0.4885190413314512,
      "p10": 1.4199812748482494,
      "p25": 5.727118911182808,
      "p50": 14.415656430203835,
      "p75": 31.30962673445847,
      "p90": 139.15587160584295,
      "p95": 235.3066151362628,
      "p99": 391.3058198577783
    },
    "latency_ms": {
      "p1": 244.926,
      "p5": 147.904,
      "p10": 125.552,
      "p25": 71.93,
      "p50": 45.83,
      "p75": 33.362,
      "p90": 28.907,
      "p95": 26.615,
      "p99": 0.619
    },
    "packet_loss": {
      "p1": 0.23722346145013484,
      "p5": 0.14728285644267092,
      "p10": 0.09377077025330478,
      "p25": 0.02526115085351591,
      "p50": 0.001614720059397729,
      "p75": 0.0,
      "p90": 0.0,
      "p95": 0.0,
      "p99": 0.0
    }
  }
}