{
  "sample_counts": {
    "downloads": 26153,
    "uploads": 24051
  },
  "metrics": {
    "download_throughput_mbps": {
      "p1": 0.37783553850238927,
      "p5": 2.5766546364353498,
      "p10": 6.259376451728192,
      "p25": 24.736480668326443,
      "p50": 72.4958879504112,
      "p75": 183.1258330168554,
      "p90": 326.1632228235451,
      "p95": 427.8374588760613,
      "p99": 566.867369865641
    },
    "upload_throughput_mbps": {
      "p1": 0.06586279823693075,
      "p5": 0.4864847722766444,
      "p10": 1.2556863818035782,
      "p25": 4.277775477874834,
      "p50": 11.544223282864493,
      "p75": 29.55972862389145,
      "p90": 145.80100947454883,
      "p95": 273.55377897383937,
      "p99": 524.2365834321997
    },
    "latency_ms": {
      "p1": 250.832,
      "p5": 105.15,
      "p10": 83.467,
      "p25": 57.487,
      "p50": 43.099,
      "p75": 33.21,
      "p90": 30.172,
      "p95": 27.774,
      "p99": 21.966
    },
    "packet_loss": {
      "p1": 0.240378955888211,
      "p5": 0.13538635383618378,
      "p10": 0.08270509714653262,
      "p25": 0.020847658888064585,
      "p50": 0.001170878067318941,
      "p75": 0.0,
      "p90": 0.0,
      "p95": 0.0,
      "p99": 0.0
    }
  }
}