{
  "sample_counts": {
    "downloads": 19649,
    "uploads": 19153
  },
  "metrics": {
    "download_throughput_mbps": {
      "p1": 0.4041864710716389,
      "p5": 2.8790108301451287,
      "p10": 7.195955820331973,
      "p25": 24.651236786464892,
      "p50": 84.9730199956504,
      "p75": 195.18455140487603,
      "p90": 355.77919139618325,
      "p95": 433.3230766615383,
      "p99": 542.7279453607855
    },
    "upload_throughput_mbps": {
      "p1": 0.07515748051573275,
      "p5": 0.48902127331091455,
      "p10": 1.4194350821457338,
      "p25": 5.727118911182808,
      "p50": 14.42013939513575,
      "p75": 31.344846568914264,
      "p90": 138.91119922233858,
      "p95": 235.79318628200483,
      "p99": 387.2657748076477
    },
    "latency_ms": {
      "p1": 246.026,
      "p5": 147.754,
      "p10": 125.833,
      "p25": 71.923,
      "p50": 45.842,
      "p75": 33.362,
      "p90": 28.906,
      "p95": 26.612,
      "p99": 0.613
    },
    "packet_loss": {
      "p1": 0.23705935173652348,
      "p5": 0.1468556442748668,
      "p10": 0.09390351220706364,
      "p25": 0.025363509747413897,
      "p50": 0.0016102800913678262,
      "p75": 0.0,
      "p90": 0.0,
      "p95": 0.0,
      "p99": 0.0
    }
  }
}