{
  "metrics": {
    "download_throughput_mbps": {
      "p1": 0.38932321256218916,
      "p5": 2.573750458924765,
      "p10": 6.2303934628839635,
      "p25": 24.756420766708764,
      "p50": 72.55770440273866,
      "p75": 183.08911481937892,
      "p90": 325.93524941879156,
      "p95": 427.67025642374205,
      "p99": 566.2196089722199
    },
    "upload_throughput_mbps": {
      "p1": 0.06586279823693075,
      "p5": 0.4882188069701488,
      "p10": 1.2559965369374835,
      "p25": 4.277879562697055,
      "p50": 11.556968675783105,
      "p75": 29.55972862389145,
      "p90": 145.90405928117912,
      "p95": 272.35731360599885,
      "p99": 523.8534566481018
    },
    "latency_ms": {
      "p1": 250.407,
      "p5": 105.035,
      "p10": 83.399,
      "p25": 57.499,
      "p50": 43.115,
      "p75": 33.209,
      "p90": 30.17,
      "p95": 27.779,
      "p99": 21.965
    },
    "packet_loss": {
      "p1": 0.2433955436075066,
      "p5": 0.1350122967006983,
      "p10": 0.08270509714653262,
      "p25": 0.020851174790490853,
      "p50": 0.0011683584679925314,
      "p75": 0.0,
      "p90": 0.0,
      "p95": 0.0,
      "p99": 0.0
    }
  }
}