{
  "sample_counts": {
    "downloads": 26153,
    "uploads": 24051
  },
  "metrics": {
    "download_throughput_mbps": {
      "p1": 0.3811776003158348,
      "p5": 2.5782878473911612,
      "p10": 6.259376451728192,
      "p25": 24.767340925441047,
      "p50": 72.6360558715312,
      "p75": 183.0379253907331,
      "p90": 326.397488865751,
      "p95": 427.7349932674163,
      "p99": 567.6564112619504
    },
    "upload_throughput_mbps": {
      "p1": 0.06308073608600445,
      "p5": 0.4864432366968617,
      "p10": 1.2530752429096927,
      "p25": 4.277775477874834,
      "p50": 11.556968675783105,
      "p75": 29.562966998505605,
      "p90": 145.90405928117912,
      "p95": 271.7440153661019,
      "p99": 524.6561886220039
    },
    "latency_ms": {
      "p1": 251.0,
      "p5": 105.683,
      "p10": 83.467,
      "p25": 57.501,
      "p50": 43.112,
      "p75": 33.208,
      "p90": 30.169,
      "p95": 27.789,
      "p99": 21.965
    },
    "packet_loss": {
      "p1": 0.24194783640767964,
      "p5": 0.1354092641466378,
      "p10": 0.08268943491882276,
      "p25": 0.02082273586967234,
      "p50": 0.0011673400862855312,
      "p75": 0.0,
      "p90": 0.0,
      "p95": 0.0,
      "p99": 0.0
    }
  }
}