{
  "sample_counts": {
    "downloads": 8334,
    "uploads": 6979
  },
  "metrics": {
    "download_throughput_mbps": {
      "p1": 0.08152785904165868,
      "p5": 0.28414385991356345,
      "p10": 0.5793924001826218,
      "p25": 3.083662693310385,
      "p50": 16.764343339093337,
      "p75": 68.01529758616842,
      "p90": 103.70177220713417,
      "p95": 167.59712558845666,
      "p99": 252.42899375267737
    },
    "upload_throughput_mbps": {
      "p1": 0.026095193658515953,
      "p5": 0.18809340153986667,
      "p10": 0.4086389548166271,
      "p25": 1.5361453493581128,
      "p50": 11.191756985467826,
      "p75": 47.7885118112244,
      "p90": 93.33194859924667,
      "p95": 112.12103357815005,
      "p99": 197.71415428860564
    },
    "latency_ms": {
      "p1": 278.673,
      "p5": 127.913,
      "p10": 103.401,
      "p25": 76.0,
      "p50": 59.955,
      "p75": 47.445,
      "p90": 43.373,
      "p95": 13.201,
      "p99": 8.92
    },
    "packet_loss": {
      "p1": 0.37535056404702544,
      "p5": 0.2746850173463432,
      "p10": 0.20564605576613332,
      "p25": 0.11928214352487165,
      "p50": 0.06427966329789223,
      "p75": 0.00367216431638329,
      "p90": 0.0,
      "p95": 0.0,
      "p99": 0.0
    }
  }
}