{
  "metrics": {
    "download_throughput_mbps": {
      "p1": 0.08152785904165868,
      "p5": 0.28614681181222684,
      "p10": 0.5793924001826218,
      "p25": 3.0850326331100653,
      "p50": 16.77405858646222,
      "p75": 67.7022556742839,
      "p90": 103.70177220713417,
      "p95": 167.18775374945727,
      "p99": 252.42899375267737
    },
    "upload_throughput_mbps": {
      "p1": 0.026095193658515953,
      "p5": 0.18810090631123935,
      "p10": 0.4098007981114422,
      "p25": 1.5359288965236841,
      "p50": 11.191756985467826,
      "p75": 47.7885118112244,
      "p90": 93.33194859924667,
      "p95": 112.25028257671568,
      "p99": 198.44328621772087
    },
    "latency_ms": {
      "p1": 278.673,
      "p5": 127.316,
      "p10": 103.368,
      "p25": 76.0,
      "p50": 59.969,
      "p75": 47.438,
      "p90": 43.387,
      "p95": 13.201,
      "p99": 8.888
    },
    "packet_loss": {
      "p1": 0.37555824065533877,
      "p5": 0.2746850173463432,
      "p10": 0.20540766985188197,
      "p25": 0.11929691566557363,
      "p50": 0.06432290258046024,
      "p75": 0.0036785169063963895,
      "p90": 0.0,
      "p95": 0.0,
      "p99": 0.0
    }
  }
}