{
  "sample_counts": {
    "downloads": 448374,
    "uploads": 301921
  },
  "metrics": {
    "download_throughput_mbps": {
      "p1": 0.21970437273922103,
      "p5": 1.172201533593197,
      "p10": 3.1281512467656465,
      "p25": 13.280810678289294,
      "p50": 51.60783821964485,
      "p75": 192.98379792170692,
      "p90": 391.09940014380635,
      "p95": 496.91339678790206,
      "p99": 801.7442490767253
    },
    "upload_throughput_mbps": {
      "p1": 0.055153496305571294,
      "p5": 0.08260620488497923,
      "p10": 0.4541466551488051,
      "p25": 5.946103561830349,
      "p50": 26.86678344803146,
      "p75": 87.9581883860383,
      "p90": 125.92486379535413,
      "p95": 204.12944466959627,
      "p99": 378.39414929638195
    },
    "latency_ms": {
      "p1": 236.328,
      "p5": 77.543,
      "p10": 66.189,
      "p25": 42.364,
      "p50": 27.656,
      "p75": 10.71,
      "p90": 6.786,
      "p95": 4.475,
      "p99": 1.808
    },
    "packet_loss": {
      "p1": 0.23880629082158816,
      "p5": 0.12556613040562886,
      "p10": 0.08129034015983148,
      "p25": 0.019542764989218635,
      "p50": 0.0003758274735688752,
      "p75": 0.0,
      "p90": 0.0,
      "p95": 0.0,
      "p99": 0.0
    }
  }
}