{
  "sample_counts": {
    "downloads": 448374,
    "uploads": 301921
  },
  "metrics": {
    "download_throughput_mbps": {
      "p1": 0.21971447994561522,
      "p5": 1.162724208467749,
      "p10": 3.123719785765949,
      "p25": 13.280810678289294,
      "p50": 51.59555858449584,
      "p75": 192.92460680397525,
      "p90": 390.6533591228988,
      "p95": 497.04933128868703,
      "p99": 802.1042386910491
    },
    "upload_throughput_mbps": {
      "p1": 0.05488356381978229,
      "p5": 0.08265678288035201,
      "p10": 0.45526004763590333,
      "p25": 5.948121107013166,
      "p50": 26.900286762916956,
      "p75": 87.9483227420674,
      "p90": 125.99503350498924,
      "p95": 204.16227373861537,
      "p99": 379.6412787385531
    },
    "latency_ms": {
      "p1": 234.962,
      "p5": 77.429,
      "p10": 66.172,
      "p25": 42.367,
      "p50": 27.663,
      "p75": 10.71,
      "p90": 6.789,
      "p95": 4.477,
      "p99": 1.814
    },
    "packet_loss": {
      "p1": 0.23685860319069785,
      "p5": 0.12549501241865063,
      "p10": 0.08133093051592621,
      "p25": 0.019590598496284466,
      "p50": 0.00037510320832904954,
      "p75": 0.0,
      "p90": 0.0,
      "p95": 0.0,
      "p99": 0.0
    }
  }
}