{
  "sample_counts": {
    "downloads": 444600,
    "uploads": 299452
  },
  "metrics": {
    "download_throughput_mbps": {
      "p1": 0.2846645306225963,
      "p5": 1.5470062183473299,
      "p10": 4.0084372270414725,
      "p25": 17.525237022530938,
      "p50": 70.0456680265665,
      "p75": 233.980288653051,
      "p90": 467.05199412992044,
      "p95": 596.9045217799596,
      "p99": 894.3488847572972
    },
    "upload_throughput_mbps": {
      "p1": 0.06361648993752866,
      "p5": 0.09584774304559106,
      "p10": 0.616607982141959,
      "p25": 6.845213842159004,
      "p50": 33.44044210089921,
      "p75": 98.9438608515757,
      "p90": 233.43143424884067,
      "p95": 351.14820253697724,
      "p99": 508.59608418665687
    },
    "latency_ms": {
      "p1": 181.005,
      "p5": 71.706,
      "p10": 62.147,
      "p25": 37.394,
      "p50": 23.67,
      "p75": 10.769,
      "p90": 6.793,
      "p95": 4.381,
      "p99": 1.0
    },
    "packet_loss": {
      "p1": 0.22028729318141604,
      "p5": 0.11241949698651307,
      "p10": 0.06906980893359599,
      "p25": 0.012499762163228465,
      "p50": 0.0001568114533318624,
      "p75": 0.0,
      "p90": 0.0,
      "p95": 0.0,
      "p99": 0.0
    }
  }
}