{
  "metrics": {
    "download_throughput_mbps": {
      "p1": 0.07342461926237831,
      "p5": 0.2310025306540986,
      "p10": 0.7002205608533122,
      "p25": 2.9617648132287995,
      "p50": 7.961645461666355,
      "p75": 11.05382762547911,
      "p90": 15.684647581717645,
      "p95": 34.36455472662811,
      "p99": 35.25847406443913
    },
    "upload_throughput_mbps": {
      "p1": 0.011574973130526642,
      "p5": 0.023129798334220946,
      "p10": 0.057882430163678826,
      "p25": 0.19698279646405648,
      "p50": 0.5293087963286086,
      "p75": 0.8859387806545933,
      "p90": 3.983979928314839,
      "p95": 14.605183384449846,
      "p99": 23.73365637431824
    },
    "latency_ms": {
      "p1": 398.362,
      "p5": 293.199,
      "p10": 269.372,
      "p25": 168.094,
      "p50": 127.394,
      "p75": 118.107,
      "p90": 113.149,
      "p95": 112.644,
      "p99": 112.603
    },
    "packet_loss": {
      "p1": 0.2906344700801576,
      "p5": 0.21938413846873184,
      "p10": 0.1377888443055842,
      "p25": 0.058813588077047625,
      "p50": 0.01881435381026784,
      "p75": 0.008751745560386022,
      "p90": 2.7998456241981324e-05,
      "p95": 0.0,
      "p99": 0.0
    }
  }
}