{
  "sample_counts": {
    "downloads": 5501,
    "uploads": 4901
  },
  "metrics": {
    "download_throughput_mbps": {
      "p1": 0.2814985917531618,
      "p5": 1.825000879990953,
      "p10": 3.664018778193771,
      "p25": 11.353443222874235,
      "p50": 41.52024876201241,
      "p75": 91.78167789392528,
      "p90": 190.4280720082858,
      "p95": 259.8902009345776,
      "p99": 352.6358155710283
    },
    "upload_throughput_mbps": {
      "p1": 0.08060790921560523,
      "p5": 0.7729300142324037,
      "p10": 2.10951695906269,
      "p25": 5.72451314026566,
      "p50": 16.629994671218554,
      "p75": 28.055840098825804,
      "p90": 42.65766217808817,
      "p95": 60.34382695154749,
      "p99": 172.58204142415974
    },
    "latency_ms": {
      "p1": 207.361,
      "p5": 180.633,
      "p10": 174.844,
      "p25": 166.614,
      "p50": 50.546,
      "p75": 35.464,
      "p90": 24.653,
      "p95": 20.869,
      "p99": 13.224
    },
    "packet_loss": {
      "p1": 0.3052443068670093,
      "p5": 0.2096909997858619,
      "p10": 0.14296505284545405,
      "p25": 0.0616770322512804,
      "p50": 0.009994584448396727,
      "p75": 2.176280559458595e-05,
      "p90": 0.0,
      "p95": 0.0,
      "p99": 0.0
    }
  }
}