{
  "metrics": {
    "download_throughput_mbps": {
      "p1": 0.2814985917531618,
      "p5": 1.8197603271583238,
      "p10": 3.657172715056545,
      "p25": 11.3556315929205,
      "p50": 41.528123375041964,
      "p75": 91.78167789392528,
      "p90": 190.3523664714503,
      "p95": 259.8141500743279,
      "p99": 352.6358155710283
    },
    "upload_throughput_mbps": {
      "p1": 0.08063485257779872,
      "p5": 0.7651659346437281,
      "p10": 2.10951695906269,
      "p25": 5.72451314026566,
      "p50": 16.6123682750622,
      "p75": 28.055840098825804,
      "p90": 42.783267810051846,
      "p95": 60.539903271583505,
      "p99": 172.58204142415974
    },
    "latency_ms": {
      "p1": 207.361,
      "p5": 180.633,
      "p10": 174.844,
      "p25": 166.623,
      "p50": 50.546,
      "p75": 35.463,
      "p90": 24.653,
      "p95": 20.87,
      "p99": 13.224
    },
    "packet_loss": {
      "p1": 0.3052443068670093,
      "p5": 0.2095611559648746,
      "p10": 0.14296505284545405,
      "p25": 0.061677012064219855,
      "p50": 0.009994584448396727,
      "p75": 2.176280559458595e-05,
      "p90": 0.0,
      "p95": 0.0,
      "p99": 0.0
    }
  }
}