{
  "sample_counts": {
    "downloads": 7354,
    "uploads": 6406
  },
  "metrics": {
    "download_throughput_mbps": {
      "p1": 0.2246218651673665,
      "p5": 1.6632771523448786,
      "p10": 4.753476022293179,
      "p25": 17.3764666281827,
      "p50": 63.08572057113316,
      "p75": 170.70375625478306,
      "p90": 605.2811206557768,
      "p95": 756.6758424372088,
      "p99": 909.3166493213738
    },
    "upload_throughput_mbps": {
      "p1": 0.06890996413155814,
      "p5": 0.760365852361396,
      "p10": 2.820124904705565,
      "p25": 12.330976919086956,
      "p50": 42.42066581240723,
      "p75": 92.45763167452525,
      "p90": 215.3457164225178,
      "p95": 278.83846785704463,
      "p99": 484.88945501701386
    },
    "latency_ms": {
      "p1": 294.502,
      "p5": 140.568,
      "p10": 84.13,
      "p25": 7.0,
      "p50": 4.67,
      "p75": 2.387,
      "p90": 1.479,
      "p95": 1.0,
      "p99": 0.833
    },
    "packet_loss": {
      "p1": 0.371676665283941,
      "p5": 0.11548611959707528,
      "p10": 0.0766807851298088,
      "p25": 0.013092997150548541,
      "p50": 0.00029548159127088035,
      "p75": 0.0,
      "p90": 0.0,
      "p95": 0.0,
      "p99": 0.0
    }
  }
}