{
  "metrics": {
    "download_throughput_mbps": {
      "p1": 0.22726248501470872,
      "p5": 1.6568888227599927,
      "p10": 4.755379158749494,
      "p25": 17.367752236831635,
      "p50": 63.07702980516239,
      "p75": 170.70375625478306,
      "p90": 604.9385292152145,
      "p95": 756.6758424372088,
      "p99": 909.7084235580987
    },
    "upload_throughput_mbps": {
      "p1": 0.06890996413155814,
      "p5": 0.7670908958185402,
      "p10": 2.830338890209574,
      "p25": 12.330976919086956,
      "p50": 42.376125918697156,
      "p75": 92.46472773941832,
      "p90": 215.3457164225178,
      "p95": 278.46391320016784,
      "p99": 484.4941704186547
    },
    "latency_ms": {
      "p1": 294.502,
      "p5": 140.493,
      "p10": 84.076,
      "p25": 7.001,
      "p50": 4.673,
      "p75": 2.385,
      "p90": 1.479,
      "p95": 1.0,
      "p99": 0.833
    },
    "packet_loss": {
      "p1": 0.3728741091412985,
      "p5": 0.11548611959707528,
      "p10": 0.07672063033541325,
      "p25": 0.013092997150548541,
      "p50": 0.00029548159127088035,
      "p75": 0.0,
      "p90": 0.0,
      "p95": 0.0,
      "p99": 0.0
    }
  }
}