{
  "sample_counts": {
    "downloads": 10057,
    "uploads": 8400
  },
  "metrics": {
    "download_throughput_mbps": {
      "p1": 0.19392248499365938,
      "p5": 1.9930966944070543,
      "p10": 5.754144265582758,
      "p25": 19.519355055424924,
      "p50": 62.10972869467794,
      "p75": 152.68551285087102,
      "p90": 546.6727241600548,
      "p95": 737.9016155829321,
      "p99": 935.4376420008965
    },
    "upload_throughput_mbps": {
      "p1": 0.06355080080440406,
      "p5": 0.33331696744404643,
      "p10": 1.7201397539407535,
      "p25": 6.569410844268522,
      "p50": 32.5473628974022,
      "p75": 97.27090225947755,
      "p90": 372.18366102659655,
      "p95": 532.092588531581,
      "p99": 923.2941223527469
    },
    "latency_ms": {
      "p1": 317.709,
      "p5": 223.089,
      "p10": 159.396,
      "p25": 47.433,
      "p50": 5.305,
      "p75": 3.062,
      "p90": 1.533,
      "p95": 1.085,
      "p99": 0.851
    },
    "packet_loss": {
      "p1": 0.22262696100837928,
      "p5": 0.11265747874155628,
      "p10": 0.07543381692340219,
      "p25": 0.01715932411231051,
      "p50": 0.0002700671704537256,
      "p75": 0.0,
      "p90": 0.0,
      "p95": 0.0,
      "p99": 0.0
    }
  }
}