{
  "sample_counts": {
    "downloads": 10057,
    "uploads": 8400
  },
  "metrics": {
    "download_throughput_mbps": {
      "p1": 0.19374905568956804,
      "p5": 1.9870567435633941,
      "p10": 5.76015778302693,
      "p25": 19.528124489017276,
      "p50": 62.10972869467794,
      "p75": 152.7213528245342,
      "p90": 548.3586301732582,
      "p95": 737.7695127237124,
      "p99": 935.5212541381975
    },
    "upload_throughput_mbps": {
      "p1": 0.06609404164911424,
      "p5": 0.33331696744404643,
      "p10": 1.7201397539407535,
      "p25": 6.564898106444002,
      "p50": 32.5473628974022,
      "p75": 97.5347944842742,
      "p90": 372.18366102659655,
      "p95": 532.4772774748277,
      "p99": 924.827663337422
    },
    "latency_ms": {
      "p1": 315.936,
      "p5": 223.0,
      "p10": 159.178,
      "p25": 47.433,
      "p50": 5.308,
      "p75": 3.058,
      "p90": 1.533,
      "p95": 1.085,
      "p99": 0.851
    },
    "packet_loss": {
      "p1": 0.2212312854700184,
      "p5": 0.11286059277891673,
      "p10": 0.07545907097778555,
      "p25": 0.01715932411231051,
      "p50": 0.0002722172873678369,
      "p75": 0.0,
      "p90": 0.0,
      "p95": 0.0,
      "p99": 0.0
    }
  }
}