{
  "sample_counts": {
    "downloads": 10432,
    "uploads": 7950
  },
  "metrics": {
    "download_throughput_mbps": {
      "p1": 0.1329750111031551,
      "p5": 0.5717491277396374,
      "p10": 1.3668815033283575,
      "p25": 6.80825789984007,
      "p50": 28.904648088044425,
      "p75": 61.51924623267839,
      "p90": 257.53934440334257,
      "p95": 364.9071629715574,
      "p99": 460.4446326921452
    },
    "upload_throughput_mbps": {
      "p1": 0.05089450465783993,
      "p5": 0.0820559789822594,
      "p10": 0.22810769687983357,
      "p25": 2.0121716656638773,
      "p50": 19.36131065708846,
      "p75": 52.52682656004441,
      "p90": 194.24717449012223,
      "p95": 291.6618553121807,
      "p99": 460.3006153987692
    },
    "latency_ms": {
      "p1": 519.439,
      "p5": 459.597,
      "p10": 382.792,
      "p25": 343.58,
      "p50": 74.296,
      "p75": 47.318,
      "p90": 43.931,
      "p95": 42.97,
      "p99": 39.091
    },
    "packet_loss": {
      "p1": 0.3518257812004928,
      "p5": 0.20436339252571456,
      "p10": 0.136039219927909,
      "p25": 0.03410316133806548,
      "p50": 6.632834965116816e-05,
      "p75": 0.0,
      "p90": 0.0,
      "p95": 0.0,
      "p99": 0.0
    }
  }
}