{
  "metrics": {
    "download_throughput_mbps": {
      "p1": 0.20443369694620928,
      "p5": 0.9621608766085029,
      "p10": 2.550541288886946,
      "p25": 12.859047753304113,
      "p50": 46.27979547145653,
      "p75": 86.0730125475317,
      "p90": 191.63447769766546,
      "p95": 222.93880155547242,
      "p99": 275.5581450678854
    },
    "upload_throughput_mbps": {
      "p1": 0.05643055445149543,
      "p5": 0.08965702263114071,
      "p10": 0.4378581982968772,
      "p25": 4.769190893360415,
      "p50": 29.345638447635633,
      "p75": 81.26377426893814,
      "p90": 169.43783092048628,
      "p95": 214.17593646424365,
      "p99": 273.4721914807
    },
    "latency_ms": {
      "p1": 418.0,
      "p5": 276.09,
      "p10": 248.245,
      "p25": 228.398,
      "p50": 110.673,
      "p75": 94.289,
      "p90": 81.262,
      "p95": 77.493,
      "p99": 44.886
    },
    "packet_loss": {
      "p1": 0.3170723824026937,
      "p5": 0.20862573760850034,
      "p10": 0.1493529905777185,
      "p25": 0.04259234873804717,
      "p50": 0.00011000641566528337,
      "p75": 0.0,
      "p90": 0.0,
      "p95": 0.0,
      "p99": 0.0
    }
  }
}