{
  "sample_counts": {
    "downloads": 10954,
    "uploads": 8394
  },
  "metrics": {
    "download_throughput_mbps": {
      "p1": 0.2062423578194273,
      "p5": 0.9621608766085029,
      "p10": 2.550541288886946,
      "p25": 12.87883155872046,
      "p50": 46.27078048845539,
      "p75": 86.0730125475317,
      "p90": 191.78254540161592,
      "p95": 222.77456505372106,
      "p99": 275.3329327205671
    },
    "upload_throughput_mbps": {
      "p1": 0.05643055445149543,
      "p5": 0.08965702263114071,
      "p10": 0.4378581982968772,
      "p25": 4.769190893360415,
      "p50": 29.345638447635633,
      "p75": 81.26377426893814,
      "p90": 169.43783092048628,
      "p95": 214.17593646424365,
      "p99": 273.4721914807
    },
    "latency_ms": {
      "p1": 419.332,
      "p5": 276.537,
      "p10": 248.238,
      "p25": 228.398,
      "p50": 110.696,
      "p75": 94.289,
      "p90": 81.277,
      "p95": 77.503,
      "p99": 44.759
    },
    "packet_loss": {
      "p1": 0.3167268702986776,
      "p5": 0.20881398381897373,
      "p10": 0.14920162601131157,
      "p25": 0.04263633812258862,
      "p50": 0.00010937238976424256,
      "p75": 0.0,
      "p90": 0.0,
      "p95": 0.0,
      "p99": 0.0
    }
  }
}