{
  "sample_counts": {
    "downloads": 10432,
    "uploads": 7950
  },
  "metrics": {
    "download_throughput_mbps": {
      "p1": 0.13507633091721633,
      "p5": 0.5717491277396374,
      "p10": 1.3652814232677566,
      "p25": 6.811908020220175,
      "p50": 28.873433511159792,
      "p75": 61.4515765208356,
      "p90": 257.5683007816263,
      "p95": 364.7234231338683,
      "p99": 460.40036233561483
    },
    "upload_throughput_mbps": {
      "p1": 0.05089450465783993,
      "p5": 0.0820559789822594,
      "p10": 0.22909167353589213,
      "p25": 2.0023169715466054,
      "p50": 19.365907713278528,
      "p75": 52.52682656004441,
      "p90": 194.24717449012223,
      "p95": 291.4664575311051,
      "p99": 460.3006153987692
    },
    "latency_ms": {
      "p1": 520.316,
      "p5": 459.592,
      "p10": 382.792,
      "p25": 343.584,
      "p50": 74.286,
      "p75": 47.312,
      "p90": 43.931,
      "p95": 42.97,
      "p99": 39.0
    },
    "packet_loss": {
      "p1": 0.3518257812004928,
      "p5": 0.20454667667853796,
      "p10": 0.1360078281711736,
      "p25": 0.034085455438193656,
      "p50": 6.726178375012749e-05,
      "p75": 0.0,
      "p90": 0.0,
      "p95": 0.0,
      "p99": 0.0
    }
  }
}