{
  "metrics": {
    "download_throughput_mbps": {
      "p1": 0.1345265995324877,
      "p5": 0.5717491277396374,
      "p10": 1.3626777962693213,
      "p25": 6.811908020220175,
      "p50": 28.90233226236251,
      "p75": 61.53991569349872,
      "p90": 257.53934440334257,
      "p95": 364.9071629715574,
      "p99": 460.4446326921452
    },
    "upload_throughput_mbps": {
      "p1": 0.050923253447857794,
      "p5": 0.08209377608730174,
      "p10": 0.22810769687983357,
      "p25": 2.0121716656638773,
      "p50": 19.365907713278528,
      "p75": 52.51341716599679,
      "p90": 194.1288360202379,
      "p95": 291.4664575311051,
      "p99": 460.58177725093367
    },
    "latency_ms": {
      "p1": 517.985,
      "p5": 459.555,
      "p10": 382.889,
      "p25": 343.547,
      "p50": 74.373,
      "p75": 47.312,
      "p90": 43.931,
      "p95": 42.971,
      "p99": 39.015
    },
    "packet_loss": {
      "p1": 0.3518548152903878,
      "p5": 0.20372691728050144,
      "p10": 0.136039219927909,
      "p25": 0.03411636633310335,
      "p50": 6.597189858259147e-05,
      "p75": 0.0,
      "p90": 0.0,
      "p95": 0.0,
      "p99": 0.0
    }
  }
}