{
  "sample_counts": {
    "downloads": 99148,
    "uploads": 70851
  },
  "metrics": {
    "download_throughput_mbps": {
      "p1": 0.2839315669254794,
      "p5": 1.5123341189399677,
      "p10": 4.090714533817354,
      "p25": 18.587417648794652,
      "p50": 57.6186846005681,
      "p75": 178.85341830880648,
      "p90": 341.7087538659485,
      "p95": 434.4476467173067,
      "p99": 682.7502534014429
    },
    "upload_throughput_mbps": {
      "p1": 0.05188773482819712,
      "p5": 0.089680430971626,
      "p10": 0.38509983955473315,
      "p25": 4.3581492947502305,
      "p50": 26.762216187611074,
      "p75": 89.2002062278738,
      "p90": 289.0725753001988,
      "p95": 394.116660006712,
      "p99": 599.5528137141139
    },
    "latency_ms": {
      "p1": 195.458,
      "p5": 80.173,
      "p10": 65.451,
      "p25": 53.432,
      "p50": 39.551,
      "p75": 30.041,
      "p90": 13.966,
      "p95": 7.631,
      "p99": 7.0
    },
    "packet_loss": {
      "p1": 0.30978262468411594,
      "p5": 0.17086606837872248,
      "p10": 0.11496527759354548,
      "p25": 0.04051167790174651,
      "p50": 0.0035033952763231235,
      "p75": 0.0,
      "p90": 0.0,
      "p95": 0.0,
      "p99": 0.0
    }
  }
}