{
  "sample_counts": {
    "downloads": 32994,
    "uploads": 31696
  },
  "metrics": {
    "download_throughput_mbps": {
      "p1": 0.7215317448437184,
      "p5": 5.284633265377667,
      "p10": 12.722752502108737,
      "p25": 29.622412135423566,
      "p50": 51.74971754213042,
      "p75": 170.16153263313345,
      "p90": 333.7027901043693,
      "p95": 421.78250243966346,
      "p99": 659.187789475364
    },
    "upload_throughput_mbps": {
      "p1": 0.07525837894138131,
      "p5": 0.8224587725642416,
      "p10": 3.123884469398118,
      "p25": 12.397344996108053,
      "p50": 18.074690761751054,
      "p75": 83.5751169110386,
      "p90": 247.20802169320302,
      "p95": 357.5810385404016,
      "p99": 477.556667262998
    },
    "latency_ms": {
      "p1": 183.074,
      "p5": 69.539,
      "p10": 60.342,
      "p25": 48.247,
      "p50": 37.738,
      "p75": 31.0,
      "p90": 20.573,
      "p95": 7.617,
      "p99": 7.0
    },
    "packet_loss": {
      "p1": 0.22631330335570116,
      "p5": 0.10602015660974962,
      "p10": 0.05039363897442963,
      "p25": 0.012164924937734219,
      "p50": 0.00021459661163285466,
      "p75": 0.0,
      "p90": 0.0,
      "p95": 0.0,
      "p99": 0.0
    }
  }
}