{
  "sample_counts": {
    "downloads": 425060,
    "uploads": 262298
  },
  "metrics": {
    "download_throughput_mbps": {
      "p1": 0.23261895222038004,
      "p5": 1.171426330582428,
      "p10": 2.7699097382489573,
      "p25": 9.646121167412394,
      "p50": 30.112149194613256,
      "p75": 89.55468563444887,
      "p90": 247.14357701236418,
      "p95": 367.25705674982225,
      "p99": 618.3267688754892
    },
    "upload_throughput_mbps": {
      "p1": 0.04967017182744317,
      "p5": 0.08312224409419292,
      "p10": 0.19105231460497094,
      "p25": 2.241190889730362,
      "p50": 9.474155703519573,
      "p75": 29.50332775649004,
      "p90": 94.36870641130935,
      "p95": 186.5376798381935,
      "p99": 395.20734794856435
    },
    "latency_ms": {
      "p1": 220.584,
      "p5": 51.0,
      "p10": 37.571,
      "p25": 22.048,
      "p50": 12.015,
      "p75": 4.673,
      "p90": 0.946,
      "p95": 0.429,
      "p99": 0.342
    },
    "packet_loss": {
      "p1": 0.2964556230999865,
      "p5": 0.1365423018382089,
      "p10": 0.08939851094072826,
      "p25": 0.025878164866969644,
      "p50": 0.0006733583244281536,
      "p75": 0.0,
      "p90": 0.0,
      "p95": 0.0,
      "p99": 0.0
    }
  }
}