{
  "sample_counts": {
    "downloads": 358658,
    "uploads": 228798
  },
  "metrics": {
    "download_throughput_mbps": {
      "p1": 0.2881816466095297,
      "p5": 1.6774641024880168,
      "p10": 3.989221296374396,
      "p25": 12.311258441055855,
      "p50": 37.49855469803739,
      "p75": 122.73165155709104,
      "p90": 368.11474364959827,
      "p95": 843.4080080956924,
      "p99": 920.3374857324167
    },
    "upload_throughput_mbps": {
      "p1": 0.0483001583547821,
      "p5": 0.07566996153706934,
      "p10": 0.1872372337090774,
      "p25": 2.685847439813584,
      "p50": 12.144387476819025,
      "p75": 52.83163299030474,
      "p90": 309.6460370831703,
      "p95": 905.557527327418,
      "p99": 909.0528226109275
    },
    "latency_ms": {
      "p1": 136.694,
      "p5": 46.389,
      "p10": 35.041,
      "p25": 18.853,
      "p50": 6.526,
      "p75": 2.3,
      "p90": 0.528,
      "p95": 0.448,
      "p99": 0.355
    },
    "packet_loss": {
      "p1": 0.25841946124559406,
      "p5": 0.12613727476867787,
      "p10": 0.0937543456480283,
      "p25": 0.035050244584619195,
      "p50": 0.0010489000653840861,
      "p75": 0.0,
      "p90": 0.0,
      "p95": 0.0,
      "p99": 0.0
    }
  }
}