{
  "sample_counts": {
    "downloads": 425060,
    "uploads": 262298
  },
  "metrics": {
    "download_throughput_mbps": {
      "p1": 0.23065146968269845,
      "p5": 1.170457604442841,
      "p10": 2.7754722235180114,
      "p25": 9.639009048286567,
      "p50": 30.12835462124712,
      "p75": 89.45608210323095,
      "p90": 247.83388681031622,
      "p95": 366.5605227701762,
      "p99": 617.2687833472442
    },
    "upload_throughput_mbps": {
      "p1": 0.049347990692952634,
      "p5": 0.08312417801484881,
      "p10": 0.19264775262888112,
      "p25": 2.2529847235311617,
      "p50": 9.481932792688758,
      "p75": 29.608448296344772,
      "p90": 94.31769245992282,
      "p95": 186.60841751774396,
      "p99": 394.8512589075392
    },
    "latency_ms": {
      "p1": 211.565,
      "p5": 50.969,
      "p10": 37.57,
      "p25": 22.043,
      "p50": 12.022,
      "p75": 4.674,
      "p90": 0.938,
      "p95": 0.429,
      "p99": 0.342
    },
    "packet_loss": {
      "p1": 0.2951699561430841,
      "p5": 0.13694409399593305,
      "p10": 0.08954771013411443,
      "p25": 0.025923277802497202,
      "p50": 0.0006737832715416207,
      "p75": 0.0,
      "p90": 0.0,
      "p95": 0.0,
      "p99": 0.0
    }
  }
}