{
  "metrics": {
    "download_throughput_mbps": {
      "p1": 0.22893803564318116,
      "p5": 1.1732169114981728,
      "p10": 2.7699946186904554,
      "p25": 9.62078753060289,
      "p50": 30.132775506286777,
      "p75": 89.51367563338759,
      "p90": 247.2694506628695,
      "p95": 366.6422629275556,
      "p99": 617.9780786175447
    },
    "upload_throughput_mbps": {
      "p1": 0.049347990692952634,
      "p5": 0.08312417801484881,
      "p10": 0.19264775262888112,
      "p25": 2.2529847235311617,
      "p50": 9.481932792688758,
      "p75": 29.608448296344772,
      "p90": 94.31769245992282,
      "p95": 186.60841751774396,
      "p99": 394.8512589075392
    },
    "latency_ms": {
      "p1": 215.611,
      "p5": 51.0,
      "p10": 37.541,
      "p25": 22.042,
      "p50": 12.017,
      "p75": 4.673,
      "p90": 0.953,
      "p95": 0.429,
      "p99": 0.342
    },
    "packet_loss": {
      "p1": 0.29608680950478006,
      "p5": 0.13680614210102354,
      "p10": 0.08947057447281181,
      "p25": 0.025911224736944516,
      "p50": 0.0006727761551457682,
      "p75": 0.0,
      "p90": 0.0,
      "p95": 0.0,
      "p99": 0.0
    }
  }
}