{
  "sample_counts": {
    "downloads": 119879,
    "uploads": 103360
  },
  "metrics": {
    "download_throughput_mbps": {
      "p1": 0.2550166679183765,
      "p5": 1.221353367969948,
      "p10": 3.1355824561851486,
      "p25": 10.842808347218332,
      "p50": 33.075775084604,
      "p75": 81.19068250075948,
      "p90": 147.98228131871517,
      "p95": 249.77771573599492,
      "p99": 439.6576447698501
    },
    "upload_throughput_mbps": {
      "p1": 0.06906922582316101,
      "p5": 0.39440028485940465,
      "p10": 1.0368515627890513,
      "p25": 5.260243006046954,
      "p50": 23.30166331018125,
      "p75": 62.2859211868204,
      "p90": 111.98840768455878,
      "p95": 206.02666252637522,
      "p99": 352.1763816843266
    },
    "latency_ms": {
      "p1": 410.0,
      "p5": 347.69,
      "p10": 232.898,
      "p25": 100.36,
      "p50": 46.427,
      "p75": 26.07,
      "p90": 17.937,
      "p95": 7.888,
      "p99": 4.352
    },
    "packet_loss": {
      "p1": 0.29813295373732773,
      "p5": 0.18238715677876585,
      "p10": 0.13374444170938957,
      "p25": 0.06622497273662471,
      "p50": 0.013624628557427822,
      "p75": 0.00025722298095310714,
      "p90": 0.0,
      "p95": 0.0,
      "p99": 0.0
    }
  }
}