{
  "sample_counts": {
    "downloads": 119879,
    "uploads": 103360
  },
  "metrics": {
    "download_throughput_mbps": {
      "p1": 0.2505557054991256,
      "p5": 1.2284128919483148,
      "p10": 3.1397888259787536,
      "p25": 10.849525560232493,
      "p50": 33.0510671948142,
      "p75": 81.16788080586083,
      "p90": 147.49801564702346,
      "p95": 250.01002909280234,
      "p99": 439.4257969614517
    },
    "upload_throughput_mbps": {
      "p1": 0.0690563676350624,
      "p5": 0.39728962895691594,
      "p10": 1.0381208594579219,
      "p25": 5.2626173228614155,
      "p50": 23.293000854122617,
      "p75": 62.2796141392674,
      "p90": 112.45139640894129,
      "p95": 206.8764177981352,
      "p99": 351.6089698323781
    },
    "latency_ms": {
      "p1": 409.914,
      "p5": 347.698,
      "p10": 233.0,
      "p25": 100.336,
      "p50": 46.426,
      "p75": 26.037,
      "p90": 17.945,
      "p95": 7.88,
      "p99": 4.349
    },
    "packet_loss": {
      "p1": 0.2961087622471455,
      "p5": 0.18260893777892273,
      "p10": 0.13371103663356937,
      "p25": 0.06622288869967514,
      "p50": 0.013617201450248103,
      "p75": 0.00025868069396999384,
      "p90": 0.0,
      "p95": 0.0,
      "p99": 0.0
    }
  }
}