{
  "sample_counts": {
    "downloads": 115546,
    "uploads": 97742
  },
  "metrics": {
    "download_throughput_mbps": {
      "p1": 0.13402552813116328,
      "p5": 0.5137431713476708,
      "p10": 1.8800594812529796,
      "p25": 9.589484700071162,
      "p50": 34.05389320998696,
      "p75": 81.47836870259015,
      "p90": 154.2067870399693,
      "p95": 259.7618152192553,
      "p99": 472.08005267256607
    },
    "upload_throughput_mbps": {
      "p1": 0.04976527661841541,
      "p5": 0.23915694114265904,
      "p10": 0.7185559094326597,
      "p25": 5.483207396973445,
      "p50": 24.391643359894886,
      "p75": 71.77922347660045,
      "p90": 119.16844599572961,
      "p95": 220.87408238148453,
      "p99": 380.9661744194372
    },
    "latency_ms": {
      "p1": 399.839,
      "p5": 170.306,
      "p10": 129.687,
      "p25": 99.0,
      "p50": 51.546,
      "p75": 31.349,
      "p90": 18.675,
      "p95": 14.715,
      "p99": 6.0
    },
    "packet_loss": {
      "p1": 0.3914367444864815,
      "p5": 0.2328378672948305,
      "p10": 0.1674292302807613,
      "p25": 0.08717944083811932,
      "p50": 0.028405406596044073,
      "p75": 0.00116204191798984,
      "p90": 0.0,
      "p95": 0.0,
      "p99": 0.0
    }
  }
}