{
  "metrics": {
    "download_throughput_mbps": {
      "p1": 0.2521990151952905,
      "p5": 1.2172260285229934,
      "p10": 3.1409166839763305,
      "p25": 10.853407789569658,
      "p50": 33.04537249940906,
      "p75": 81.16558806967615,
      "p90": 148.02441242539857,
      "p95": 248.9447430734466,
      "p99": 441.43972504178726
    },
    "upload_throughput_mbps": {
      "p1": 0.06895040140274983,
      "p5": 0.39707992058401587,
      "p10": 1.0400167518961383,
      "p25": 5.260243006046954,
      "p50": 23.2867398247051,
      "p75": 62.248613675863375,
      "p90": 112.30604347365242,
      "p95": 206.91311244231585,
      "p99": 350.83426408007574
    },
    "latency_ms": {
      "p1": 410.401,
      "p5": 347.691,
      "p10": 233.014,
      "p25": 100.386,
      "p50": 46.444,
      "p75": 26.072,
      "p90": 17.945,
      "p95": 7.887,
      "p99": 4.353
    },
    "packet_loss": {
      "p1": 0.2978361249408035,
      "p5": 0.1825742407907817,
      "p10": 0.1335992422704799,
      "p25": 0.066218882447622,
      "p50": 0.01361136105761837,
      "p75": 0.0002570801398862688,
      "p90": 0.0,
      "p95": 0.0,
      "p99": 0.0
    }
  }
}