{
  "metrics": {
    "download_throughput_mbps": {
      "p1": 0.053756569277253016,
      "p5": 0.19935511892331897,
      "p10": 0.3807123998188965,
      "p25": 1.4852435144749374,
      "p50": 7.364597367747943,
      "p75": 22.001567135788473,
      "p90": 48.16589234390944,
      "p95": 174.10023071150982,
      "p99": 671.1773861840236
    },
    "upload_throughput_mbps": {
      "p1": 0.02963370349797335,
      "p5": 0.16440825041052265,
      "p10": 0.3723901483641188,
      "p25": 1.2034182414198997,
      "p50": 3.359262704953147,
      "p75": 10.136746817108913,
      "p90": 23.617676954594206,
      "p95": 35.70137015915412,
      "p99": 522.567450425745
    },
    "latency_ms": {
      "p1": 491.105,
      "p5": 389.05,
      "p10": 337.123,
      "p25": 232.255,
      "p50": 114.214,
      "p75": 20.74,
      "p90": 18.0,
      "p95": 16.41,
      "p99": 14.0
    },
    "packet_loss": {
      "p1": 0.3518319844406801,
      "p5": 0.25188882905069426,
      "p10": 0.19627417499349684,
      "p25": 0.09733070627085037,
      "p50": 0.029019847976969132,
      "p75": 0.0039769660020960084,
      "p90": 0.0003057701005132585,
      "p95": 0.0,
      "p99": 0.0
    }
  }
}