{
  "sample_counts": {
    "downloads": 284431,
    "uploads": 220136
  },
  "metrics": {
    "download_throughput_mbps": {
      "p1": 0.09174191649539602,
      "p5": 0.34181464221632246,
      "p10": 0.76999294548841,
      "p25": 3.576728439725145,
      "p50": 19.614592836647056,
      "p75": 69.09287325842625,
      "p90": 136.6779687681381,
      "p95": 196.8637797786265,
      "p99": 347.2713434166165
    },
    "upload_throughput_mbps": {
      "p1": 0.029144830525278297,
      "p5": 0.08473046456564169,
      "p10": 0.2355470098427252,
      "p25": 1.7499524753564348,
      "p50": 9.075740885182297,
      "p75": 28.319040534812203,
      "p90": 60.277436274633324,
      "p95": 84.10212057566768,
      "p99": 119.720989462494
    },
    "latency_ms": {
      "p1": 367.324,
      "p5": 173.036,
      "p10": 159.15,
      "p25": 133.875,
      "p50": 113.577,
      "p75": 50.0,
      "p90": 35.503,
      "p95": 32.196,
      "p99": 27.983
    },
    "packet_loss": {
      "p1": 0.37329843493558457,
      "p5": 0.22306802271884857,
      "p10": 0.1390690088815531,
      "p25": 0.040908161178155045,
      "p50": 0.0013707058951018924,
      "p75": 0.0,
      "p90": 0.0,
      "p95": 0.0,
      "p99": 0.0
    }
  }
}