{
  "sample_counts": {
    "downloads": 94437,
    "uploads": 78795
  },
  "metrics": {
    "download_throughput_mbps": {
      "p1": 0.07682443732697104,
      "p5": 0.30353734311778413,
      "p10": 0.7502923377336166,
      "p25": 4.144338866188764,
      "p50": 21.483643040385825,
      "p75": 68.37271546821133,
      "p90": 132.3908989245798,
      "p95": 176.13516234969603,
      "p99": 253.781449697024
    },
    "upload_throughput_mbps": {
      "p1": 0.0330820189719227,
      "p5": 0.1893778932925363,
      "p10": 0.5317933687019628,
      "p25": 2.4612134226979894,
      "p50": 9.604618144866215,
      "p75": 29.21450412861582,
      "p90": 65.08098326949136,
      "p95": 87.45523926926595,
      "p99": 145.2299895836031
    },
    "latency_ms": {
      "p1": 412.701,
      "p5": 180.446,
      "p10": 149.098,
      "p25": 132.702,
      "p50": 118.977,
      "p75": 104.908,
      "p90": 57.581,
      "p95": 41.417,
      "p99": 32.01
    },
    "packet_loss": {
      "p1": 0.32000165668056435,
      "p5": 0.17782709889101828,
      "p10": 0.1155825165697265,
      "p25": 0.032583068749803525,
      "p50": 0.0011402291075231065,
      "p75": 0.0,
      "p90": 0.0,
      "p95": 0.0,
      "p99": 0.0
    }
  }
}