{
  "sample_counts": {
    "downloads": 284431,
    "uploads": 220136
  },
  "metrics": {
    "download_throughput_mbps": {
      "p1": 0.08999952127914214,
      "p5": 0.3395970204205625,
      "p10": 0.7662958292355904,
      "p25": 3.56517650009405,
      "p50": 19.67292701229502,
      "p75": 69.1723044694483,
      "p90": 137.09699565294596,
      "p95": 196.7921117396887,
      "p99": 347.7684187926901
    },
    "upload_throughput_mbps": {
      "p1": 0.029353870269676785,
      "p5": 0.08477725482432064,
      "p10": 0.23457345644570038,
      "p25": 1.7516953713078642,
      "p50": 9.070268723321982,
      "p75": 28.294626742190584,
      "p90": 60.39173463934746,
      "p95": 83.89245761104267,
      "p99": 119.59775157200474
    },
    "latency_ms": {
      "p1": 361.015,
      "p5": 172.959,
      "p10": 159.166,
      "p25": 133.885,
      "p50": 113.54,
      "p75": 50.0,
      "p90": 35.502,
      "p95": 32.204,
      "p99": 27.883
    },
    "packet_loss": {
      "p1": 0.3753307336879649,
      "p5": 0.2233444791173057,
      "p10": 0.13901208783963026,
      "p25": 0.04089276035868793,
      "p50": 0.0013788002095910163,
      "p75": 0.0,
      "p90": 0.0,
      "p95": 0.0,
      "p99": 0.0
    }
  }
}