{
  "metrics": {
    "download_throughput_mbps": {
      "p1": 0.0904399523388426,
      "p5": 0.3382256438797738,
      "p10": 0.7653042096747775,
      "p25": 3.577134170603314,
      "p50": 19.617268534169348,
      "p75": 69.12093091460069,
      "p90": 137.03463646975464,
      "p95": 196.71631543156357,
      "p99": 347.7620256743215
    },
    "upload_throughput_mbps": {
      "p1": 0.029144830525278297,
      "p5": 0.08473046456564169,
      "p10": 0.2355470098427252,
      "p25": 1.7499524753564348,
      "p50": 9.075740885182297,
      "p75": 28.319040534812203,
      "p90": 60.277436274633324,
      "p95": 84.10212057566768,
      "p99": 119.720989462494
    },
    "latency_ms": {
      "p1": 371.0,
      "p5": 173.118,
      "p10": 159.161,
      "p25": 133.857,
      "p50": 113.579,
      "p75": 50.0,
      "p90": 35.493,
      "p95": 32.194,
      "p99": 27.945
    },
    "packet_loss": {
      "p1": 0.37394228735167984,
      "p5": 0.22352427116268697,
      "p10": 0.13926840914819075,
      "p25": 0.04092383413527824,
      "p50": 0.0013776311216001642,
      "p75": 0.0,
      "p90": 0.0,
      "p95": 0.0,
      "p99": 0.0
    }
  }
}