{
  "sample_counts": {
    "downloads": 94437,
    "uploads": 78795
  },
  "metrics": {
    "download_throughput_mbps": {
      "p1": 0.0762766553938492,
      "p5": 0.30491653189410106,
      "p10": 0.7498004888538362,
      "p25": 4.136410212093528,
      "p50": 21.472012059212688,
      "p75": 68.37271546821133,
      "p90": 132.38693589897818,
      "p95": 176.18445992191715,
      "p99": 256.6858231295129
    },
    "upload_throughput_mbps": {
      "p1": 0.032981246922107334,
      "p5": 0.18772642595227643,
      "p10": 0.5282150547354203,
      "p25": 2.4590812763027308,
      "p50": 9.610862493815675,
      "p75": 29.227778063312602,
      "p90": 65.06857652047835,
      "p95": 87.61744330444088,
      "p99": 144.70916016175585
    },
    "latency_ms": {
      "p1": 414.709,
      "p5": 180.0,
      "p10": 149.015,
      "p25": 132.711,
      "p50": 118.965,
      "p75": 104.911,
      "p90": 57.479,
      "p95": 41.433,
      "p99": 32.0
    },
    "packet_loss": {
      "p1": 0.32023668960275775,
      "p5": 0.17782709889101828,
      "p10": 0.11545094355000557,
      "p25": 0.032444772763524275,
      "p50": 0.0011403777540205517,
      "p75": 0.0,
      "p90": 0.0,
      "p95": 0.0,
      "p99": 0.0
    }
  }
}