{
  "metrics": {
    "download_throughput_mbps": {
      "p1": 0.5520182365875526,
      "p5": 0.5520182365875526,
      "p10": 3.112341677964781,
      "p25": 10.00971985949837,
      "p50": 18.193022161099854,
      "p75": 62.470862899757336,
      "p90": 186.1458212381604,
      "p95": 305.6203748551627,
      "p99": 305.6203748551627
    },
    "upload_throughput_mbps": {
      "p1": 0.18922226516104132,
      "p5": 0.18922226516104132,
      "p10": 0.33487393823805145,
      "p25": 4.621778996506277,
      "p50": 9.034858521787282,
      "p75": 12.512136276828214,
      "p90": 22.172808208092647,
      "p95": 23.85762995592511,
      "p99": 23.85762995592511
    },
    "latency_ms": {
      "p1": 584.914,
      "p5": 584.914,
      "p10": 100.0,
      "p25": 68.24,
      "p50": 51.547,
      "p75": 42.309,
      "p90": 37.911,
      "p95": 34.873,
      "p99": 34.873
    },
    "packet_loss": {
      "p1": 0.17266289968659757,
      "p5": 0.17266289968659757,
      "p10": 0.11442150964959268,
      "p25": 0.03722845903514094,
      "p50": 0.0018442284186946946,
      "p75": 3.0225065973505155e-05,
      "p90": 0.0,
      "p95": 0.0,
      "p99": 0.0
    }
  }
}