{
  "metrics": {
    "download_throughput_mbps": {
      "p1": 0.1417898915002277,
      "p5": 0.6361455044497524,
      "p10": 1.5548715116879568,
      "p25": 5.372486707938638,
      "p50": 18.609597057075124,
      "p75": 48.13554784028776,
      "p90": 118.26626913194197,
      "p95": 142.5788825281832,
      "p99": 354.0541648765264
    },
    "upload_throughput_mbps": {
      "p1": 0.056902575782126374,
      "p5": 0.1520659742152722,
      "p10": 0.4863044799712175,
      "p25": 2.509711325721686,
      "p50": 9.389274942808534,
      "p75": 30.614148283916062,
      "p90": 128.08870448564275,
      "p95": 154.06649532277578,
      "p99": 166.8944717507616
    },
    "latency_ms": {
      "p1": 370.28,
      "p5": 249.358,
      "p10": 200.602,
      "p25": 151.904,
      "p50": 123.601,
      "p75": 47.376,
      "p90": 16.734,
      "p95": 2.239,
      "p99": 0.739
    },
    "packet_loss": {
      "p1": 0.36951950741129014,
      "p5": 0.2915764835273299,
      "p10": 0.22345615636915095,
      "p25": 0.09128103091061511,
      "p50": 0.001462714106837144,
      "p75": 0.0,
      "p90": 0.0,
      "p95": 0.0,
      "p99": 0.0
    }
  }
}