{
  "metrics": {
    "download_throughput_mbps": {
      "p1": 0.0686761451005914,
      "p5": 0.17786500651892062,
      "p10": 0.35829606250696017,
      "p25": 1.4053729082475994,
      "p50": 5.203410761350055,
      "p75": 18.406001841126724,
      "p90": 37.19599248502527,
      "p95": 49.21030933463838,
      "p99": 75.9024767253097
    },
    "upload_throughput_mbps": {
      "p1": 0.018283804363293313,
      "p5": 0.10032192279752361,
      "p10": 0.2703113564157418,
      "p25": 1.1440953118093764,
      "p50": 3.2414262915294354,
      "p75": 6.472856536578947,
      "p90": 11.07404180341026,
      "p95": 14.707612480622652,
      "p99": 22.370643290788216
    },
    "latency_ms": {
      "p1": 544.098,
      "p5": 289.559,
      "p10": 240.253,
      "p25": 208.613,
      "p50": 183.478,
      "p75": 146.283,
      "p90": 107.5,
      "p95": 99.872,
      "p99": 37.286
    },
    "packet_loss": {
      "p1": 0.36778526401288214,
      "p5": 0.2623867497752437,
      "p10": 0.19132520101131203,
      "p25": 0.10525425144733096,
      "p50": 0.022964375389378695,
      "p75": 0.0015490631083689564,
      "p90": 0.0,
      "p95": 0.0,
      "p99": 0.0
    }
  }
}