{
  "metrics": {
    "download_throughput_mbps": {
      "p1": 0.04181291829116478,
      "p5": 0.12350832694831215,
      "p10": 0.22253872999648425,
      "p25": 0.73281749148573,
      "p50": 2.851070758612624,
      "p75": 7.92851755237594,
      "p90": 15.949970474849348,
      "p95": 29.347703726207918,
      "p99": 61.508416919262345
    },
    "upload_throughput_mbps": {
      "p1": 0.008968735413906099,
      "p5": 0.034407555424720855,
      "p10": 0.08450596063044091,
      "p25": 0.42681559173284284,
      "p50": 1.8742530425046153,
      "p75": 5.421376701057545,
      "p90": 11.660694315787453,
      "p95": 18.934767678278785,
      "p99": 35.56022411708648
    },
    "latency_ms": {
      "p1": 1138.977,
      "p5": 365.849,
      "p10": 250.998,
      "p25": 179.92,
      "p50": 148.48,
      "p75": 129.642,
      "p90": 115.878,
      "p95": 107.281,
      "p99": 97.326
    },
    "packet_loss": {
      "p1": 0.348157887472705,
      "p5": 0.23691230246298212,
      "p10": 0.1840010232496704,
      "p25": 0.06906828703703703,
      "p50": 0.010585113181021975,
      "p75": 0.0004067717232093444,
      "p90": 0.0,
      "p95": 0.0,
      "p99": 0.0
    }
  }
}