{
  "sample_counts": {
    "downloads": 171877,
    "uploads": 136815
  },
  "metrics": {
    "download_throughput_mbps": {
      "p1": 0.3647427544702634,
      "p5": 2.2320464764556105,
      "p10": 6.449746726543404,
      "p25": 27.956250118124682,
      "p50": 92.24061740995846,
      "p75": 235.61803004367295,
      "p90": 450.6642387305214,
      "p95": 579.4585392165957,
      "p99": 874.0623574491242
    },
    "upload_throughput_mbps": {
      "p1": 0.06870292972378639,
      "p5": 0.1998734031649209,
      "p10": 2.2129393389742043,
      "p25": 11.179163110674477,
      "p50": 58.67217314776492,
      "p75": 163.07079005692148,
      "p90": 331.6853722607182,
      "p95": 425.828279817172,
      "p99": 839.0729473237161
    },
    "latency_ms": {
      "p1": 261.97,
      "p5": 101.911,
      "p10": 45.743,
      "p25": 27.0,
      "p50": 14.0,
      "p75": 5.162,
      "p90": 1.84,
      "p95": 1.0,
      "p99": 0.515
    },
    "packet_loss": {
      "p1": 0.23177747796240503,
      "p5": 0.12387764883047092,
      "p10": 0.08714091709702525,
      "p25": 0.04172509380937293,
      "p50": 0.003330244873790609,
      "p75": 3.263102377096502e-06,
      "p90": 0.0,
      "p95": 0.0,
      "p99": 0.0
    }
  }
}