{
  "sample_counts": {
    "downloads": 175134,
    "uploads": 130205
  },
  "metrics": {
    "download_throughput_mbps": {
      "p1": 0.38614544282072955,
      "p5": 2.384783254807664,
      "p10": 6.4652129593358305,
      "p25": 30.638711730221424,
      "p50": 93.69905929844613,
      "p75": 249.52624420719468,
      "p90": 484.92996572917485,
      "p95": 713.5493465750723,
      "p99": 929.7187802881206
    },
    "upload_throughput_mbps": {
      "p1": 0.0705673162082817,
      "p5": 0.30102116323812345,
      "p10": 2.451121948196318,
      "p25": 12.185956706412465,
      "p50": 55.845874939978636,
      "p75": 184.93634902391696,
      "p90": 392.02283194976974,
      "p95": 505.30108048011516,
      "p99": 915.2453528375473
    },
    "latency_ms": {
      "p1": 256.782,
      "p5": 108.807,
      "p10": 45.027,
      "p25": 26.675,
      "p50": 14.086,
      "p75": 4.671,
      "p90": 1.393,
      "p95": 0.819,
      "p99": 0.474
    },
    "packet_loss": {
      "p1": 0.2338307449236878,
      "p5": 0.12619098674659543,
      "p10": 0.08878373745958056,
      "p25": 0.040855619459725295,
      "p50": 0.0029185665409392682,
      "p75": 3.7429781520995064e-06,
      "p90": 0.0,
      "p95": 0.0,
      "p99": 0.0
    }
  }
}