{
  "metrics": {
    "download_throughput_mbps": {
      "p1": 0.3825577053847197,
      "p5": 2.3996069835823604,
      "p10": 6.4281934488209345,
      "p25": 30.661883392222833,
      "p50": 93.68686434258716,
      "p75": 249.52564417968748,
      "p90": 484.02006835384276,
      "p95": 715.707345032863,
      "p99": 928.6684968361028
    },
    "upload_throughput_mbps": {
      "p1": 0.0705673162082817,
      "p5": 0.30102116323812345,
      "p10": 2.451121948196318,
      "p25": 12.185956706412465,
      "p50": 55.845874939978636,
      "p75": 184.93634902391696,
      "p90": 392.02283194976974,
      "p95": 505.30108048011516,
      "p99": 915.2453528375473
    },
    "latency_ms": {
      "p1": 256.706,
      "p5": 108.97,
      "p10": 45.072,
      "p25": 26.648,
      "p50": 14.079,
      "p75": 4.662,
      "p90": 1.398,
      "p95": 0.817,
      "p99": 0.476
    },
    "packet_loss": {
      "p1": 0.2340071727959961,
      "p5": 0.1261934997555278,
      "p10": 0.08883266604285749,
      "p25": 0.04078413178051912,
      "p50": 0.002917122668956521,
      "p75": 3.7928992403916925e-06,
      "p90": 0.0,
      "p95": 0.0,
      "p99": 0.0
    }
  }
}