{
  "sample_counts": {
    "downloads": 171877,
    "uploads": 136815
  },
  "metrics": {
    "download_throughput_mbps": {
      "p1": 0.36074614891804097,
      "p5": 2.2320464764556105,
      "p10": 6.440206921704612,
      "p25": 27.960549444632715,
      "p50": 92.22167897082092,
      "p75": 235.7500859247508,
      "p90": 451.0419977095485,
      "p95": 578.6916908442735,
      "p99": 876.7812578764583
    },
    "upload_throughput_mbps": {
      "p1": 0.06870055123232814,
      "p5": 0.204663694816048,
      "p10": 2.2292779766751587,
      "p25": 11.191748707735666,
      "p50": 58.7241478930387,
      "p75": 162.81928558029253,
      "p90": 331.79885831910724,
      "p95": 426.1324682779124,
      "p99": 836.0228088045618
    },
    "latency_ms": {
      "p1": 263.649,
      "p5": 101.87,
      "p10": 45.753,
      "p25": 27.0,
      "p50": 14.0,
      "p75": 5.164,
      "p90": 1.842,
      "p95": 1.0,
      "p99": 0.516
    },
    "packet_loss": {
      "p1": 0.2311507876829756,
      "p5": 0.12402623261540192,
      "p10": 0.08722826886007237,
      "p25": 0.04177631611993811,
      "p50": 0.0033243871846936304,
      "p75": 3.2914187439486984e-06,
      "p90": 0.0,
      "p95": 0.0,
      "p99": 0.0
    }
  }
}