{
  "sample_counts": {
    "downloads": 658506,
    "uploads": 431975
  },
  "metrics": {
    "download_throughput_mbps": {
      "p1": 0.22093574656996204,
      "p5": 1.1125637652385947,
      "p10": 2.8795644409318712,
      "p25": 13.648000084758575,
      "p50": 54.11924912307998,
      "p75": 200.43883331963352,
      "p90": 472.17143128279093,
      "p95": 693.1942088084425,
      "p99": 989.4905365305779
    },
    "upload_throughput_mbps": {
      "p1": 0.040922123748145425,
      "p5": 0.07551393002300089,
      "p10": 0.08853649461580912,
      "p25": 2.154626630640803,
      "p50": 19.072381126092182,
      "p75": 110.64443612004496,
      "p90": 363.09517640547136,
      "p95": 538.4658095008764,
      "p99": 922.0092895479785
    },
    "latency_ms": {
      "p1": 352.235,
      "p5": 210.941,
      "p10": 116.488,
      "p25": 37.744,
      "p50": 6.391,
      "p75": 2.967,
      "p90": 0.842,
      "p95": 0.543,
      "p99": 0.189
    },
    "packet_loss": {
      "p1": 0.3155251864452522,
      "p5": 0.14540076653445205,
      "p10": 0.07904909864079425,
      "p25": 0.009377880952994822,
      "p50": 0.0002036328063972078,
      "p75": 0.0,
      "p90": 0.0,
      "p95": 0.0,
      "p99": 0.0
    }
  }
}