{
  "sample_counts": {
    "downloads": 384508,
    "uploads": 247585
  },
  "metrics": {
    "download_throughput_mbps": {
      "p1": 0.2507004327687322,
      "p5": 1.38398614579074,
      "p10": 3.5886566242367213,
      "p25": 17.412275379986472,
      "p50": 72.24707494508273,
      "p75": 267.2011570107406,
      "p90": 575.7845567124049,
      "p95": 829.5266645171629,
      "p99": 1575.5440343670377
    },
    "upload_throughput_mbps": {
      "p1": 0.04400738896011605,
      "p5": 0.08300416086796132,
      "p10": 0.10159269582500716,
      "p25": 2.9751229383569773,
      "p50": 28.325892613415135,
      "p75": 147.91539293067777,
      "p90": 447.3692606211683,
      "p95": 699.2159178770725,
      "p99": 1347.4937031327293
    },
    "latency_ms": {
      "p1": 366.06,
      "p5": 205.0,
      "p10": 112.515,
      "p25": 36.289,
      "p50": 6.077,
      "p75": 2.827,
      "p90": 0.662,
      "p95": 0.49,
      "p99": 0.212
    },
    "packet_loss": {
      "p1": 0.29773241171225096,
      "p5": 0.1476791178246225,
      "p10": 0.07875730878387452,
      "p25": 0.008361826035559792,
      "p50": 0.00013905146135039876,
      "p75": 0.0,
      "p90": 0.0,
      "p95": 0.0,
      "p99": 0.0
    }
  }
}