{
  "sample_counts": {
    "downloads": 5942,
    "uploads": 6079
  },
  "metrics": {
    "download_throughput_mbps": {
      "p1": 0.6840377929984326,
      "p5": 4.551289384352725,
      "p10": 10.273577385523788,
      "p25": 27.859774702398806,
      "p50": 70.06123270202768,
      "p75": 93.37964724580657,
      "p90": 287.87218176829566,
      "p95": 441.51420852511507,
      "p99": 694.8148044450853
    },
    "upload_throughput_mbps": {
      "p1": 0.07543584912830174,
      "p5": 0.738116132748283,
      "p10": 1.5298727649363826,
      "p25": 6.841626030893687,
      "p50": 25.61717562068551,
      "p75": 65.66778396610802,
      "p90": 84.3813928195321,
      "p95": 92.4822655549116,
      "p99": 112.66936321636497
    },
    "latency_ms": {
      "p1": 221.984,
      "p5": 66.543,
      "p10": 49.455,
      "p25": 36.289,
      "p50": 19.919,
      "p75": 6.972,
      "p90": 2.626,
      "p95": 2.0,
      "p99": 1.0
    },
    "packet_loss": {
      "p1": 0.21627073396438604,
      "p5": 0.14596404710363242,
      "p10": 0.11352399873082444,
      "p25": 0.05262117679027238,
      "p50": 0.00629615803190095,
      "p75": 0.0,
      "p90": 0.0,
      "p95": 0.0,
      "p99": 0.0
    }
  }
}