{
  "sample_counts": {
    "downloads": 5942,
    "uploads": 6079
  },
  "metrics": {
    "download_throughput_mbps": {
      "p1": 0.6906359322523075,
      "p5": 4.551289384352725,
      "p10": 10.264406050756447,
      "p25": 27.83211792332032,
      "p50": 70.0882856362041,
      "p75": 93.38424467039856,
      "p90": 287.87218176829566,
      "p95": 440.93619303656783,
      "p99": 694.8148044450853
    },
    "upload_throughput_mbps": {
      "p1": 0.07549807396036207,
      "p5": 0.738116132748283,
      "p10": 1.5298727649363826,
      "p25": 6.841626030893687,
      "p50": 25.61717562068551,
      "p75": 65.66778396610802,
      "p90": 84.3813928195321,
      "p95": 92.50314491570794,
      "p99": 112.66936321636497
    },
    "latency_ms": {
      "p1": 221.984,
      "p5": 67.0,
      "p10": 49.448,
      "p25": 36.29,
      "p50": 19.921,
      "p75": 6.972,
      "p90": 2.626,
      "p95": 2.0,
      "p99": 1.0
    },
    "packet_loss": {
      "p1": 0.21670975064402256,
      "p5": 0.14596404710363242,
      "p10": 0.11352399873082444,
      "p25": 0.05264039294012254,
      "p50": 0.006296288119576223,
      "p75": 0.0,
      "p90": 0.0,
      "p95": 0.0,
      "p99": 0.0
    }
  }
}