{
  "sample_counts": {
    "downloads": 6003,
    "uploads": 5615
  },
  "metrics": {
    "download_throughput_mbps": {
      "p1": 0.6796087662518839,
      "p5": 4.996780071430798,
      "p10": 10.073161347733855,
      "p25": 26.264821312917476,
      "p50": 91.59959971810683,
      "p75": 300.9051829190938,
      "p90": 514.8339363699313,
      "p95": 693.8380844287336,
      "p99": 898.1861090687947
    },
    "upload_throughput_mbps": {
      "p1": 0.10834032554455501,
      "p5": 1.4134827701137507,
      "p10": 3.6372644146893407,
      "p25": 9.63935815700884,
      "p50": 35.036230103672146,
      "p75": 78.97102715926323,
      "p90": 136.1972234207812,
      "p95": 285.83876565762785,
      "p99": 417.65761185597034
    },
    "latency_ms": {
      "p1": 192.775,
      "p5": 76.196,
      "p10": 49.368,
      "p25": 39.544,
      "p50": 27.287,
      "p75": 20.22,
      "p90": 14.585,
      "p95": 14.0,
      "p99": 8.988
    },
    "packet_loss": {
      "p1": 0.22209931806355113,
      "p5": 0.15698340953035886,
      "p10": 0.13539441230729937,
      "p25": 0.05316895265470919,
      "p50": 0.002528627290433919,
      "p75": 0.0,
      "p90": 0.0,
      "p95": 0.0,
      "p99": 0.0
    }
  }
}