{
  "sample_counts": {
    "downloads": 59371,
    "uploads": 47160
  },
  "metrics": {
    "download_throughput_mbps": {
      "p1": 0.25929261833384865,
      "p5": 1.5101874872608723,
      "p10": 3.9674083800996733,
      "p25": 14.410577296052166,
      "p50": 46.99109797862951,
      "p75": 136.69367440228024,
      "p90": 388.48103999593417,
      "p95": 489.8840237032448,
      "p99": 760.7575026746184
    },
    "upload_throughput_mbps": {
      "p1": 0.06984797771910385,
      "p5": 0.33288544753131327,
      "p10": 1.1070220940317046,
      "p25": 4.860049573600638,
      "p50": 22.14568435536321,
      "p75": 66.60472009291986,
      "p90": 106.2745304624187,
      "p95": 179.59571549694996,
      "p99": 360.38009739497784
    },
    "latency_ms": {
      "p1": 182.718,
      "p5": 48.989,
      "p10": 41.295,
      "p25": 31.413,
      "p50": 24.0,
      "p75": 15.84,
      "p90": 11.383,
      "p95": 9.608,
      "p99": 5.0
    },
    "packet_loss": {
      "p1": 0.2597738635657811,
      "p5": 0.15624942994479704,
      "p10": 0.11124802734994067,
      "p25": 0.054355009698335684,
      "p50": 0.005751703427695805,
      "p75": 2.0514863391524675e-06,
      "p90": 0.0,
      "p95": 0.0,
      "p99": 0.0
    }
  }
}