{
  "metrics": {
    "download_throughput_mbps": {
      "p1": 0.25856893836437034,
      "p5": 1.5192068142288548,
      "p10": 3.965872857712236,
      "p25": 14.410577296052166,
      "p50": 47.00548176694041,
      "p75": 136.85056078538852,
      "p90": 388.3687699195903,
      "p95": 489.921822018091,
      "p99": 759.1048120432474
    },
    "upload_throughput_mbps": {
      "p1": 0.06984797771910385,
      "p5": 0.33288544753131327,
      "p10": 1.1070220940317046,
      "p25": 4.860049573600638,
      "p50": 22.14568435536321,
      "p75": 66.60472009291986,
      "p90": 106.2745304624187,
      "p95": 179.59571549694996,
      "p99": 360.38009739497784
    },
    "latency_ms": {
      "p1": 187.042,
      "p5": 48.998,
      "p10": 41.299,
      "p25": 31.429,
      "p50": 24.0,
      "p75": 15.836,
      "p90": 11.383,
      "p95": 9.619,
      "p99": 5.0
    },
    "packet_loss": {
      "p1": 0.25960709208890687,
      "p5": 0.15607780132193094,
      "p10": 0.11135823436133659,
      "p25": 0.054378118173803676,
      "p50": 0.005748440293171271,
      "p75": 2.0013200245038546e-06,
      "p90": 0.0,
      "p95": 0.0,
      "p99": 0.0
    }
  }
}