{
  "sample_counts": {
    "downloads": 16933,
    "uploads": 16619
  },
  "metrics": {
    "download_throughput_mbps": {
      "p1": 0.33824697884425575,
      "p5": 3.225464248763377,
      "p10": 7.485126946457007,
      "p25": 19.99783165355816,
      "p50": 65.19336961771408,
      "p75": 211.16313364795178,
      "p90": 466.32857888404226,
      "p95": 644.2519315581408,
      "p99": 812.9448396252847
    },
    "upload_throughput_mbps": {
      "p1": 0.05704526622725101,
      "p5": 0.7106733561890682,
      "p10": 1.9271977687932158,
      "p25": 5.849338529961026,
      "p50": 28.7612028545382,
      "p75": 68.55004252497874,
      "p90": 143.54110085203692,
      "p95": 183.11739645609416,
      "p99": 535.240876811584
    },
    "latency_ms": {
      "p1": 259.231,
      "p5": 139.509,
      "p10": 45.342,
      "p25": 31.0,
      "p50": 20.069,
      "p75": 14.072,
      "p90": 10.0,
      "p95": 8.362,
      "p99": 5.0
    },
    "packet_loss": {
      "p1": 0.25009948595247017,
      "p5": 0.14472483298408995,
      "p10": 0.10326828278173371,
      "p25": 0.05675298082291171,
      "p50": 0.010190292467593755,
      "p75": 0.0002263106090149683,
      "p90": 0.0,
      "p95": 0.0,
      "p99": 0.0
    }
  }
}