{
  "metrics": {
    "download_throughput_mbps": {
      "p1": 0.03583517602953342,
      "p5": 0.16237223453854746,
      "p10": 0.3136163357469867,
      "p25": 0.839503980913807,
      "p50": 5.156123192218468,
      "p75": 51.955602469347156,
      "p90": 81.96883107377134,
      "p95": 102.22420307877158,
      "p99": 194.24148902042634
    },
    "upload_throughput_mbps": {
      "p1": 0.04563373963089877,
      "p5": 0.21291825482000518,
      "p10": 0.3577019240624039,
      "p25": 0.538920294725786,
      "p50": 2.0017234883149904,
      "p75": 11.149325849707765,
      "p90": 19.39423315085794,
      "p95": 23.76408296620088,
      "p99": 52.736687960915965
    },
    "latency_ms": {
      "p1": 520.758,
      "p5": 262.89,
      "p10": 254.591,
      "p25": 244.492,
      "p50": 233.239,
      "p75": 220.768,
      "p90": 135.047,
      "p95": 37.014,
      "p99": 29.301
    },
    "packet_loss": {
      "p1": 0.44628860215525273,
      "p5": 0.3733927047424073,
      "p10": 0.3020024413682051,
      "p25": 0.15374491578726676,
      "p50": 0.020164814583593458,
      "p75": 1.2995984545089254e-05,
      "p90": 0.0,
      "p95": 0.0,
      "p99": 0.0
    }
  }
}