{
  "metrics": {
    "download_throughput_mbps": {
      "p1": 3.355899993073202,
      "p5": 9.822089122043144,
      "p10": 26.957705084495764,
      "p25": 104.6513013931068,
      "p50": 299.8835144219073,
      "p75": 303.237161342034,
      "p90": 305.5598774485147,
      "p95": 306.3872825063404,
      "p99": 464.5427205362897
    },
    "upload_throughput_mbps": {
      "p1": 4.897846060864597,
      "p5": 9.586904521905529,
      "p10": 23.046291148242872,
      "p25": 88.04453107664733,
      "p50": 256.05421787408665,
      "p75": 294.1903464397042,
      "p90": 296.68291893661615,
      "p95": 297.61841995395014,
      "p99": 298.2578005774928
    },
    "latency_ms": {
      "p1": 312.595,
      "p5": 21.465,
      "p10": 19.893,
      "p25": 15.171,
      "p50": 14.533,
      "p75": 6.623,
      "p90": 6.22,
      "p95": 5.825,
      "p99": 0.364
    },
    "packet_loss": {
      "p1": 0.150629918555414,
      "p5": 0.13692031542099675,
      "p10": 0.13114898489795537,
      "p25": 0.10817722430956311,
      "p50": 0.09559441819651747,
      "p75": 0.06611433669516786,
      "p90": 0.0007381282451692967,
      "p95": 0.0,
      "p99": 0.0
    }
  }
}