{
  "metrics": {
    "download_throughput_mbps": {
      "p1": 0.11941436567842015,
      "p5": 11.203434213650848,
      "p10": 17.732392888851024,
      "p25": 51.9311768721582,
      "p50": 70.41498178453045,
      "p75": 192.5906151932649,
      "p90": 291.3776995508482,
      "p95": 298.3079179215746,
      "p99": 438.0062764050551
    },
    "upload_throughput_mbps": {
      "p1": 0.7395381216525899,
      "p5": 7.898727058836469,
      "p10": 9.922878686895102,
      "p25": 43.252947481934044,
      "p50": 73.60388686405,
      "p75": 170.84139576974815,
      "p90": 284.11182856244443,
      "p95": 290.0740858444128,
      "p99": 292.1081003572039
    },
    "latency_ms": {
      "p1": 50.159,
      "p5": 39.515,
      "p10": 34.219,
      "p25": 27.0,
      "p50": 26.0,
      "p75": 18.0,
      "p90": 10.19,
      "p95": 7.44,
      "p99": 5.957
    },
    "packet_loss": {
      "p1": 0.15282226548962455,
      "p5": 0.10850215819557828,
      "p10": 0.08569306842841211,
      "p25": 0.05266828082403339,
      "p50": 0.027552913980133993,
      "p75": 0.0027106276124935487,
      "p90": 0.0008892804892892936,
      "p95": 0.00014275191430317081,
      "p99": 0.0
    }
  }
}