{
  "metrics": {
    "download_throughput_mbps": {
      "p1": 0.12325917792749355,
      "p5": 0.3498099045641504,
      "p10": 0.8126656013674102,
      "p25": 3.185185281423527,
      "p50": 8.467501414035798,
      "p75": 16.218750209361037,
      "p90": 34.424510925949534,
      "p95": 45.39530653327359,
      "p99": 77.28800800551943
    },
    "upload_throughput_mbps": {
      "p1": 0.04504893403861786,
      "p5": 0.24873631343706545,
      "p10": 0.595153546166343,
      "p25": 1.7828124804689551,
      "p50": 3.205542396324055,
      "p75": 5.328274934166952,
      "p90": 16.060768819273978,
      "p95": 18.829104979986536,
      "p99": 38.416881568730844
    },
    "latency_ms": {
      "p1": 449.705,
      "p5": 242.398,
      "p10": 217.213,
      "p25": 204.199,
      "p50": 193.753,
      "p75": 184.296,
      "p90": 173.389,
      "p95": 88.561,
      "p99": 50.137
    },
    "packet_loss": {
      "p1": 0.35701772340961335,
      "p5": 0.27874091253189,
      "p10": 0.22520759764691684,
      "p25": 0.14150106025693254,
      "p50": 0.04270535217522078,
      "p75": 0.0034135679845251586,
      "p90": 0.0,
      "p95": 0.0,
      "p99": 0.0
    }
  }
}