{
  "sample_counts": {
    "downloads": 7730,
    "uploads": 5631
  },
  "metrics": {
    "download_throughput_mbps": {
      "p1": 0.07315993455892686,
      "p5": 0.25857014623178554,
      "p10": 0.6114041117730135,
      "p25": 2.4441355392369046,
      "p50": 8.091974628823907,
      "p75": 15.733464181736537,
      "p90": 30.493010031901974,
      "p95": 47.976882123508034,
      "p99": 75.87596803418953
    },
    "upload_throughput_mbps": {
      "p1": 0.027615616345872337,
      "p5": 0.185844882141014,
      "p10": 0.38010652930995936,
      "p25": 1.5209008919284466,
      "p50": 2.929596809424062,
      "p75": 5.015873263466537,
      "p90": 11.406038205791535,
      "p95": 17.142477520829324,
      "p99": 30.836422796377807
    },
    "latency_ms": {
      "p1": 711.279,
      "p5": 273.114,
      "p10": 210.338,
      "p25": 181.659,
      "p50": 172.675,
      "p75": 164.496,
      "p90": 160.931,
      "p95": 114.697,
      "p99": 48.065
    },
    "packet_loss": {
      "p1": 0.3345672628937702,
      "p5": 0.24772038639388128,
      "p10": 0.20699232058980482,
      "p25": 0.13866791846681167,
      "p50": 0.03470474548462897,
      "p75": 0.0001247561142014634,
      "p90": 0.0,
      "p95": 0.0,
      "p99": 0.0
    }
  }
}