{
  "metrics": {
    "download_throughput_mbps": {
      "p1": 0.06508792653600978,
      "p5": 0.18300394369212347,
      "p10": 0.380428647584331,
      "p25": 1.3569951786862362,
      "p50": 5.64448405543145,
      "p75": 14.16261552969154,
      "p90": 27.665370027670278,
      "p95": 39.81134254328728,
      "p99": 59.27922304529909
    },
    "upload_throughput_mbps": {
      "p1": 0.03360112651730499,
      "p5": 0.1233279162145179,
      "p10": 0.27084950508209926,
      "p25": 0.8949761424866933,
      "p50": 3.9988339945197744,
      "p75": 9.087673894791326,
      "p90": 18.25125901908261,
      "p95": 26.091769104163603,
      "p99": 41.241720448042635
    },
    "latency_ms": {
      "p1": 558.76,
      "p5": 363.27,
      "p10": 341.138,
      "p25": 324.538,
      "p50": 288.811,
      "p75": 248.199,
      "p90": 90.24,
      "p95": 65.254,
      "p99": 42.0
    },
    "packet_loss": {
      "p1": 0.34419472196632034,
      "p5": 0.24046173573323185,
      "p10": 0.18544855331720134,
      "p25": 0.09741260795823602,
      "p50": 0.001824318242779412,
      "p75": 0.0,
      "p90": 0.0,
      "p95": 0.0,
      "p99": 0.0
    }
  }
}