{
  "metrics": {
    "download_throughput_mbps": {
      "p1": 0.15272152837308867,
      "p5": 0.6080183007373615,
      "p10": 1.5910308753931666,
      "p25": 5.212968852435512,
      "p50": 9.96278732617521,
      "p75": 17.18646285996046,
      "p90": 67.46512569708108,
      "p95": 74.53290140483546,
      "p99": 86.59741610356386
    },
    "upload_throughput_mbps": {
      "p1": 0.09576478375948812,
      "p5": 0.6175542188981575,
      "p10": 1.1183110791382158,
      "p25": 1.8951822337915105,
      "p50": 5.0306434416779044,
      "p75": 16.783463765763816,
      "p90": 74.36021625107011,
      "p95": 75.63370301534201,
      "p99": 79.08615821412414
    },
    "latency_ms": {
      "p1": 259.477,
      "p5": 184.256,
      "p10": 175.403,
      "p25": 161.306,
      "p50": 145.673,
      "p75": 133.0,
      "p90": 125.774,
      "p95": 120.984,
      "p99": 116.048
    },
    "packet_loss": {
      "p1": 0.34209784237672947,
      "p5": 0.2721109721870576,
      "p10": 0.21624717906514923,
      "p25": 0.1375532820721194,
      "p50": 0.061679662125981395,
      "p75": 0.021295389752838033,
      "p90": 0.002715253998584487,
      "p95": 0.0,
      "p99": 0.0
    }
  }
}