{
  "metrics": {
    "download_throughput_mbps": {
      "p1": 0.08447945035200524,
      "p5": 0.26556822018237675,
      "p10": 0.5272631860919623,
      "p25": 1.395396606025602,
      "p50": 4.707003140164202,
      "p75": 14.776600848492256,
      "p90": 36.755635537163755,
      "p95": 77.9135351183896,
      "p99": 409.5204781047641
    },
    "upload_throughput_mbps": {
      "p1": 0.022421234533877097,
      "p5": 0.16141704686775202,
      "p10": 0.37684305385812106,
      "p25": 1.2149968266044047,
      "p50": 2.1957479027038995,
      "p75": 6.8797417907953875,
      "p90": 16.908230017045664,
      "p95": 32.606778317758355,
      "p99": 180.88003633571657
    },
    "latency_ms": {
      "p1": 489.755,
      "p5": 400.162,
      "p10": 373.0,
      "p25": 238.068,
      "p50": 48.984,
      "p75": 36.791,
      "p90": 24.693,
      "p95": 20.256,
      "p99": 3.734
    },
    "packet_loss": {
      "p1": 0.37660507007882865,
      "p5": 0.22701576088460154,
      "p10": 0.16605887371662972,
      "p25": 0.088259321278349,
      "p50": 0.011433848354716196,
      "p75": 0.0004099064786813661,
      "p90": 0.0,
      "p95": 0.0,
      "p99": 0.0
    }
  }
}