{
  "metrics": {
    "download_throughput_mbps": {
      "p1": 0.07728429920954025,
      "p5": 0.17563681878150267,
      "p10": 0.3831045308982492,
      "p25": 1.2815165959015904,
      "p50": 6.9421574868979326,
      "p75": 29.280561641912836,
      "p90": 78.45048359318818,
      "p95": 124.33547490243488,
      "p99": 234.91269868727363
    },
    "upload_throughput_mbps": {
      "p1": 0.07641919847275194,
      "p5": 0.4053966925819475,
      "p10": 0.6393935321118033,
      "p25": 2.0961012199736184,
      "p50": 5.659322058474269,
      "p75": 10.094402394252754,
      "p90": 15.98254321221975,
      "p95": 24.764623888399928,
      "p99": 45.57694572609185
    },
    "latency_ms": {
      "p1": 314.598,
      "p5": 177.043,
      "p10": 106.974,
      "p25": 50.0,
      "p50": 34.06,
      "p75": 26.241,
      "p90": 21.522,
      "p95": 18.529,
      "p99": 0.173
    },
    "packet_loss": {
      "p1": 0.43209180995590746,
      "p5": 0.3363791401130958,
      "p10": 0.24071119215865056,
      "p25": 0.10957093788114045,
      "p50": 0.030388421740796683,
      "p75": 0.002992669594281151,
      "p90": 0.0,
      "p95": 0.0,
      "p99": 0.0
    }
  }
}