{
  "metrics": {
    "download_throughput_mbps": {
      "p1": 0.025151417226849083,
      "p5": 0.35182954232700087,
      "p10": 0.8867169359328754,
      "p25": 3.7467307319014536,
      "p50": 6.752034127032818,
      "p75": 10.355341856625156,
      "p90": 33.83396236327454,
      "p95": 43.29385619076539,
      "p99": 46.964005066403786
    },
    "upload_throughput_mbps": {
      "p1": 0.047457547796697426,
      "p5": 0.2744823433431102,
      "p10": 0.5906478118189904,
      "p25": 2.023805981014734,
      "p50": 3.0932578604830874,
      "p75": 4.276888945731475,
      "p90": 8.14038534816455,
      "p95": 20.195463807925933,
      "p99": 33.40850129481019
    },
    "latency_ms": {
      "p1": 466.381,
      "p5": 264.989,
      "p10": 242.993,
      "p25": 224.987,
      "p50": 210.651,
      "p75": 207.038,
      "p90": 187.0,
      "p95": 183.974,
      "p99": 183.314
    },
    "packet_loss": {
      "p1": 0.3495288350600596,
      "p5": 0.24118679828300257,
      "p10": 0.19003453939453022,
      "p25": 0.13798319339588364,
      "p50": 0.10181652619861749,
      "p75": 0.03374043957743432,
      "p90": 0.001435426742718957,
      "p95": 0.0,
      "p99": 0.0
    }
  }
}