{
  "sample_counts": {
    "downloads": 15671,
    "uploads": 14396
  },
  "metrics": {
    "download_throughput_mbps": {
      "p1": 0.372149950972167,
      "p5": 2.53450568813979,
      "p10": 5.636364725205418,
      "p25": 18.57310316873018,
      "p50": 40.66016694485476,
      "p75": 67.49666487687458,
      "p90": 100.43781171705182,
      "p95": 133.73120621967362,
      "p99": 182.85860779562057
    },
    "upload_throughput_mbps": {
      "p1": 0.1551864186784171,
      "p5": 0.890705193841113,
      "p10": 2.368028996335461,
      "p25": 5.938903768555584,
      "p50": 12.694004577995363,
      "p75": 20.54807668943455,
      "p90": 27.37842952535452,
      "p95": 45.44746141960185,
      "p99": 92.11837339629568
    },
    "latency_ms": {
      "p1": 170.019,
      "p5": 143.316,
      "p10": 132.074,
      "p25": 114.0,
      "p50": 95.698,
      "p75": 87.947,
      "p90": 82.314,
      "p95": 79.426,
      "p99": 67.0
    },
    "packet_loss": {
      "p1": 0.30684265518050197,
      "p5": 0.2070216009273271,
      "p10": 0.1607251064770802,
      "p25": 0.08053695119794392,
      "p50": 0.009601690943704716,
      "p75": 0.0,
      "p90": 0.0,
      "p95": 0.0,
      "p99": 0.0
    }
  }
}