{
  "metrics": {
    "download_throughput_mbps": {
      "p1": 0.4561907903061531,
      "p5": 2.7892485714984905,
      "p10": 5.43387766009114,
      "p25": 18.164005393796522,
      "p50": 47.52059893749551,
      "p75": 91.38903791414505,
      "p90": 142.61966314390887,
      "p95": 162.2228484220265,
      "p99": 214.46354957385554
    },
    "upload_throughput_mbps": {
      "p1": 0.11512359575952849,
      "p5": 0.6551969481016685,
      "p10": 1.266850484589524,
      "p25": 5.386965854065425,
      "p50": 14.868065854130942,
      "p75": 22.3334773529992,
      "p90": 36.74067354212503,
      "p95": 53.2541339269849,
      "p99": 150.5087669898175
    },
    "latency_ms": {
      "p1": 176.943,
      "p5": 138.809,
      "p10": 128.163,
      "p25": 107.449,
      "p50": 94.617,
      "p75": 85.671,
      "p90": 81.614,
      "p95": 80.336,
      "p99": 51.923
    },
    "packet_loss": {
      "p1": 0.29009172925910476,
      "p5": 0.19095689148792977,
      "p10": 0.14311001324209757,
      "p25": 0.060650520350746424,
      "p50": 0.005328533515334834,
      "p75": 0.0,
      "p90": 0.0,
      "p95": 0.0,
      "p99": 0.0
    }
  }
}