{
  "sample_counts": {
    "downloads": 8219,
    "uploads": 7669
  },
  "metrics": {
    "download_throughput_mbps": {
      "p1": 0.44677392452716275,
      "p5": 2.7892485714984905,
      "p10": 5.419204294784795,
      "p25": 18.159359700414957,
      "p50": 47.52059893749551,
      "p75": 91.39293675799613,
      "p90": 142.61966314390887,
      "p95": 162.2228484220265,
      "p99": 214.46354957385554
    },
    "upload_throughput_mbps": {
      "p1": 0.11512359575952849,
      "p5": 0.6551969481016685,
      "p10": 1.266850484589524,
      "p25": 5.386965854065425,
      "p50": 14.868065854130942,
      "p75": 22.3334773529992,
      "p90": 36.74067354212503,
      "p95": 53.2541339269849,
      "p99": 150.5087669898175
    },
    "latency_ms": {
      "p1": 176.943,
      "p5": 138.817,
      "p10": 128.163,
      "p25": 107.42,
      "p50": 94.617,
      "p75": 85.677,
      "p90": 81.61,
      "p95": 80.335,
      "p99": 51.897
    },
    "packet_loss": {
      "p1": 0.29009172925910476,
      "p5": 0.19095689148792977,
      "p10": 0.14311897690214326,
      "p25": 0.06060640703403081,
      "p50": 0.005338199529376399,
      "p75": 0.0,
      "p90": 0.0,
      "p95": 0.0,
      "p99": 0.0
    }
  }
}