{
  "sample_counts": {
    "downloads": 8219,
    "uploads": 7669
  },
  "metrics": {
    "download_throughput_mbps": {
      "p1": 0.4561907903061531,
      "p5": 2.799612205194535,
      "p10": 5.435024323418978,
      "p25": 18.12621557339346,
      "p50": 47.52451686419098,
      "p75": 91.38641247489115,
      "p90": 142.61966314390887,
      "p95": 162.2228484220265,
      "p99": 214.46354957385554
    },
    "upload_throughput_mbps": {
      "p1": 0.11512359575952849,
      "p5": 0.6562842574257525,
      "p10": 1.2632292603817712,
      "p25": 5.386965854065425,
      "p50": 14.865482657079024,
      "p75": 22.3334773529992,
      "p90": 36.74067354212503,
      "p95": 53.24248807195972,
      "p99": 150.5087669898175
    },
    "latency_ms": {
      "p1": 176.943,
      "p5": 138.817,
      "p10": 128.163,
      "p25": 107.411,
      "p50": 94.617,
      "p75": 85.658,
      "p90": 81.614,
      "p95": 80.336,
      "p99": 51.897
    },
    "packet_loss": {
      "p1": 0.2886697321530561,
      "p5": 0.19095689148792977,
      "p10": 0.14311897690214326,
      "p25": 0.06060640703403081,
      "p50": 0.005335632521145826,
      "p75": 0.0,
      "p90": 0.0,
      "p95": 0.0,
      "p99": 0.0
    }
  }
}