{
  "metrics": {
    "download_throughput_mbps": {
      "p1": 0.12078695291559047,
      "p5": 0.5099390586673723,
      "p10": 1.695533861739315,
      "p25": 8.084842329012403,
      "p50": 27.48734812014271,
      "p75": 53.092236683860435,
      "p90": 88.71941153652651,
      "p95": 148.9730805100901,
      "p99": 334.0108324740204
    },
    "upload_throughput_mbps": {
      "p1": 0.05595997189609681,
      "p5": 0.12638684376431011,
      "p10": 0.49780685203244524,
      "p25": 1.612520421360488,
      "p50": 2.6295859275691233,
      "p75": 6.419557564052334,
      "p90": 45.79619715728262,
      "p95": 106.44099911610698,
      "p99": 225.90461699137467
    },
    "latency_ms": {
      "p1": 449.609,
      "p5": 363.0,
      "p10": 327.265,
      "p25": 227.108,
      "p50": 64.94,
      "p75": 11.773,
      "p90": 5.239,
      "p95": 4.406,
      "p99": 2.75
    },
    "packet_loss": {
      "p1": 0.36284345503886006,
      "p5": 0.179622099578248,
      "p10": 0.13501904407124993,
      "p25": 0.08646928580500751,
      "p50": 0.026347440598811972,
      "p75": 0.003311219780818031,
      "p90": 0.00019248539757652636,
      "p95": 4.360261756255937e-05,
      "p99": 0.0
    }
  }
}