{
  "metrics": {
    "download_throughput_mbps": {
      "p1": 0.4362175853689177,
      "p5": 2.1619587179588766,
      "p10": 5.469270117421326,
      "p25": 19.59105308583642,
      "p50": 62.46902846747368,
      "p75": 102.14983342194589,
      "p90": 243.3569749929075,
      "p95": 279.01187618812384,
      "p99": 341.4777724991143
    },
    "upload_throughput_mbps": {
      "p1": 0.07411589533440731,
      "p5": 0.33992089723790275,
      "p10": 1.4740961485656392,
      "p25": 15.62584940887492,
      "p50": 49.12648187592328,
      "p75": 91.88380927809794,
      "p90": 154.88482159053433,
      "p95": 227.68799477367997,
      "p99": 247.36006268742327
    },
    "latency_ms": {
      "p1": 86.0,
      "p5": 57.135,
      "p10": 54.91,
      "p25": 50.229,
      "p50": 43.887,
      "p75": 29.144,
      "p90": 16.848,
      "p95": 16.034,
      "p99": 0.968
    },
    "packet_loss": {
      "p1": 0.2392852443179386,
      "p5": 0.17348128794664808,
      "p10": 0.1427052506400549,
      "p25": 0.07483325701395487,
      "p50": 0.02779824421375448,
      "p75": 0.0010780128683776076,
      "p90": 0.0,
      "p95": 0.0,
      "p99": 0.0
    }
  }
}