{
  "metrics": {
    "download_throughput_mbps": {
      "p1": 0.085328091140088,
      "p5": 0.25780729215390924,
      "p10": 0.5509291153200678,
      "p25": 1.9793393821242895,
      "p50": 7.65403925285249,
      "p75": 25.613265709711044,
      "p90": 53.78636472050567,
      "p95": 76.62378285535543,
      "p99": 132.3066811605753
    },
    "upload_throughput_mbps": {
      "p1": 0.00802814488038983,
      "p5": 0.12857888272466308,
      "p10": 0.3007262260564597,
      "p25": 1.2386536007434743,
      "p50": 3.46567486374406,
      "p75": 5.815567722161389,
      "p90": 10.703957513606268,
      "p95": 13.734350841540786,
      "p99": 22.989845541221353
    },
    "latency_ms": {
      "p1": 446.128,
      "p5": 384.701,
      "p10": 377.479,
      "p25": 356.773,
      "p50": 129.723,
      "p75": 83.0,
      "p90": 35.204,
      "p95": 26.086,
      "p99": 9.0
    },
    "packet_loss": {
      "p1": 0.35730138466070904,
      "p5": 0.22886544131836092,
      "p10": 0.16151337580819558,
      "p25": 0.08047628397112461,
      "p50": 0.0186628365621129,
      "p75": 0.0012789000263575912,
      "p90": 0.0,
      "p95": 0.0,
      "p99": 0.0
    }
  }
}