{
  "metrics": {
    "download_throughput_mbps": {
      "p1": 0.027729611997754654,
      "p5": 0.0818733121240408,
      "p10": 0.1598826951341092,
      "p25": 0.503888335606049,
      "p50": 4.46608076844121,
      "p75": 14.112015649576724,
      "p90": 27.002685610569166,
      "p95": 35.99993120360493,
      "p99": 216.61377846820324
    },
    "upload_throughput_mbps": {
      "p1": 0.012693903952406459,
      "p5": 0.05987392605154952,
      "p10": 0.128451347595421,
      "p25": 0.6857400221674059,
      "p50": 2.7601459823504833,
      "p75": 6.081865427245591,
      "p90": 11.243177843285654,
      "p95": 17.174741858459097,
      "p99": 19.50171483328441
    },
    "latency_ms": {
      "p1": 802.414,
      "p5": 464.734,
      "p10": 445.313,
      "p25": 379.575,
      "p50": 354.2,
      "p75": 344.992,
      "p90": 333.81,
      "p95": 205.601,
      "p99": 12.427
    },
    "packet_loss": {
      "p1": 0.34751695980874614,
      "p5": 0.2743703287869219,
      "p10": 0.2078007133162895,
      "p25": 0.05402428770084789,
      "p50": 0.00031896671330712236,
      "p75": 0.0,
      "p90": 0.0,
      "p95": 0.0,
      "p99": 0.0
    }
  }
}