{
  "metrics": {
    "download_throughput_mbps": {
      "p1": 0.07045895328459909,
      "p5": 0.1966391450179796,
      "p10": 0.3756716565080688,
      "p25": 1.4860701989895246,
      "p50": 6.224474113303866,
      "p75": 14.862657223507108,
      "p90": 28.883428002823567,
      "p95": 36.94306568554777,
      "p99": 59.64019407134868
    },
    "upload_throughput_mbps": {
      "p1": 0.03696111744922451,
      "p5": 0.14314163179052336,
      "p10": 0.34158729701589313,
      "p25": 1.263999526206101,
      "p50": 2.8895996020092154,
      "p75": 6.544312963825487,
      "p90": 8.91982829469724,
      "p95": 10.707099332861008,
      "p99": 28.548829572949824
    },
    "latency_ms": {
      "p1": 543.391,
      "p5": 309.258,
      "p10": 292.97,
      "p25": 282.987,
      "p50": 222.987,
      "p75": 212.674,
      "p90": 202.772,
      "p95": 152.004,
      "p99": 99.369
    },
    "packet_loss": {
      "p1": 0.3056801121440518,
      "p5": 0.2142711410292427,
      "p10": 0.1763818030950854,
      "p25": 0.10763804510638181,
      "p50": 0.03266129697257383,
      "p75": 0.0028256329132529817,
      "p90": 0.0,
      "p95": 0.0,
      "p99": 0.0
    }
  }
}