{
  "metrics": {
    "download_throughput_mbps": {
      "p1": 0.15725839588122417,
      "p5": 0.6841171604132632,
      "p10": 1.7645732022555616,
      "p25": 6.155523415085131,
      "p50": 19.257008267656513,
      "p75": 70.15619210010156,
      "p90": 214.6590629816033,
      "p95": 327.2061441710265,
      "p99": 556.07796694732
    },
    "upload_throughput_mbps": {
      "p1": 0.03558155374398013,
      "p5": 0.07528699898545661,
      "p10": 0.08281307341169647,
      "p25": 1.4320523583956661,
      "p50": 9.179528524157485,
      "p75": 44.704945059944926,
      "p90": 153.62394305113463,
      "p95": 263.46313025357136,
      "p99": 485.2409175472288
    },
    "latency_ms": {
      "p1": 378.354,
      "p5": 226.343,
      "p10": 212.623,
      "p25": 72.422,
      "p50": 39.006,
      "p75": 29.117,
      "p90": 26.442,
      "p95": 25.476,
      "p99": 24.108
    },
    "packet_loss": {
      "p1": 0.3945197453145016,
      "p5": 0.2827520165267322,
      "p10": 0.20987214637515356,
      "p25": 0.07754947025744496,
      "p50": 0.0041395981945517015,
      "p75": 0.0,
      "p90": 0.0,
      "p95": 0.0,
      "p99": 0.0
    }
  }
}