{
  "sample_counts": {
    "downloads": 302825,
    "uploads": 196074
  },
  "metrics": {
    "download_throughput_mbps": {
      "p1": 0.15947085096893693,
      "p5": 0.6752318167425003,
      "p10": 1.8739166570999022,
      "p25": 7.6705842738332795,
      "p50": 28.713128657896547,
      "p75": 87.3637492448151,
      "p90": 254.32231974347687,
      "p95": 363.0066301042232,
      "p99": 576.7548134204832
    },
    "upload_throughput_mbps": {
      "p1": 0.05050475961923046,
      "p5": 0.08314978568220333,
      "p10": 0.10297447027094644,
      "p25": 2.775142091746914,
      "p50": 14.768080903142987,
      "p75": 67.22454127692728,
      "p90": 182.06293025545511,
      "p95": 287.54694833262914,
      "p99": 496.8380006421852
    },
    "latency_ms": {
      "p1": 306.787,
      "p5": 237.0,
      "p10": 218.727,
      "p25": 87.342,
      "p50": 46.229,
      "p75": 31.693,
      "p90": 27.755,
      "p95": 26.283,
      "p99": 23.755
    },
    "packet_loss": {
      "p1": 0.4023767560972161,
      "p5": 0.2758212813417987,
      "p10": 0.20477053169426243,
      "p25": 0.08622974970594602,
      "p50": 0.006270758021227469,
      "p75": 0.0,
      "p90": 0.0,
      "p95": 0.0,
      "p99": 0.0
    }
  }
}