{
  "sample_counts": {
    "downloads": 1215517,
    "uploads": 744887
  },
  "metrics": {
    "download_throughput_mbps": {
      "p1": 0.16033622528295935,
      "p5": 0.6851951669152148,
      "p10": 1.762143111828997,
      "p25": 6.158914187500107,
      "p50": 19.240313274821354,
      "p75": 69.96305622357146,
      "p90": 214.10643749923446,
      "p95": 327.7618534624485,
      "p99": 558.1874131132444
    },
    "upload_throughput_mbps": {
      "p1": 0.03581194628208058,
      "p5": 0.07528990308663963,
      "p10": 0.08280435285649458,
      "p25": 1.436086621138417,
      "p50": 9.174794081317879,
      "p75": 44.73142364815853,
      "p90": 153.5207871162148,
      "p95": 264.1716716431461,
      "p99": 487.013812
    },
    "latency_ms": {
      "p1": 378.562,
      "p5": 226.419,
      "p10": 212.624,
      "p25": 72.374,
      "p50": 39.0,
      "p75": 29.117,
      "p90": 26.439,
      "p95": 25.477,
      "p99": 24.111
    },
    "packet_loss": {
      "p1": 0.39441845102136214,
      "p5": 0.28237340682449763,
      "p10": 0.20987197561728183,
      "p25": 0.07729082802081658,
      "p50": 0.00411454382096119,
      "p75": 0.0,
      "p90": 0.0,
      "p95": 0.0,
      "p99": 0.0
    }
  }
}