{
  "metrics": {
    "download_throughput_mbps": {
      "p1": 0.05893991233023324,
      "p5": 0.16284918212586344,
      "p10": 0.2681413638686137,
      "p25": 0.7705540306227702,
      "p50": 1.937730615728934,
      "p75": 4.816972909513328,
      "p90": 10.468306110156076,
      "p95": 16.799964077950847,
      "p99": 38.714838771960764
    },
    "upload_throughput_mbps": {
      "p1": 0.02554615005323281,
      "p5": 0.08327242702817997,
      "p10": 0.1596524071737115,
      "p25": 0.6356349893961103,
      "p50": 2.052240637435921,
      "p75": 5.9923516130128975,
      "p90": 13.342537600663341,
      "p95": 17.17148631351088,
      "p99": 29.541572058427942
    },
    "latency_ms": {
      "p1": 661.124,
      "p5": 399.625,
      "p10": 378.059,
      "p25": 291.155,
      "p50": 258.063,
      "p75": 246.404,
      "p90": 238.964,
      "p95": 234.701,
      "p99": 225.863
    },
    "packet_loss": {
      "p1": 0.4069631478683571,
      "p5": 0.3442782379762062,
      "p10": 0.29471790261717096,
      "p25": 0.20196251134822615,
      "p50": 0.06164150300828698,
      "p75": 0.0002532984307833254,
      "p90": 0.0,
      "p95": 0.0,
      "p99": 0.0
    }
  }
}