{
  "metrics": {
    "download_throughput_mbps": {
      "p1": 0.07830924757784781,
      "p5": 0.19209850451607086,
      "p10": 0.41405761050253986,
      "p25": 1.0052056439103392,
      "p50": 4.60195620607999,
      "p75": 27.29728564559187,
      "p90": 69.18371105236582,
      "p95": 80.83175644311005,
      "p99": 928.6422519177781
    },
    "upload_throughput_mbps": {
      "p1": 0.0,
      "p5": 0.02946871974165181,
      "p10": 0.07984063524060848,
      "p25": 0.25672662954739756,
      "p50": 2.344223888479304,
      "p75": 4.991742342927964,
      "p90": 11.49173661026121,
      "p95": 34.47605222989859,
      "p99": 54.9555713574728
    },
    "latency_ms": {
      "p1": 607.076,
      "p5": 435.389,
      "p10": 379.286,
      "p25": 303.081,
      "p50": 259.167,
      "p75": 191.355,
      "p90": 10.658,
      "p95": 10.035,
      "p99": 0.485
    },
    "packet_loss": {
      "p1": 0.37398608767068003,
      "p5": 0.2446776061440946,
      "p10": 0.2115831389345673,
      "p25": 0.1307096081317657,
      "p50": 0.028785947995886078,
      "p75": 0.0,
      "p90": 0.0,
      "p95": 0.0,
      "p99": 0.0
    }
  }
}