{
  "metrics": {
    "download_throughput_mbps": {
      "p1": 2.574313065555998,
      "p5": 2.574313065555998,
      "p10": 2.574313065555998,
      "p25": 2.574313065555998,
      "p50": 2.574313065555998,
      "p75": 2.574313065555998,
      "p90": 2.574313065555998,
      "p95": 2.574313065555998,
      "p99": 2.574313065555998
    },
    "upload_throughput_mbps": {
      "p1": 0.4157975818085058,
      "p5": 0.4157975818085058,
      "p10": 0.4157975818085058,
      "p25": 0.4157975818085058,
      "p50": 0.4157975818085058,
      "p75": 0.4157975818085058,
      "p90": 0.4157975818085058,
      "p95": 0.4157975818085058,
      "p99": 0.4157975818085058
    },
    "latency_ms": {
      "p1": 107.697,
      "p5": 107.697,
      "p10": 107.697,
      "p25": 107.697,
      "p50": 107.697,
      "p75": 107.697,
      "p90": 107.697,
      "p95": 107.697,
      "p99": 107.697
    },
    "packet_loss": {
      "p1": 0.0,
      "p5": 0.0,
      "p10": 0.0,
      "p25": 0.0,
      "p50": 0.0,
      "p75": 0.0,
      "p90": 0.0,
      "p95": 0.0,
      "p99": 0.0
    }
  }
}