{
  "metrics": {
    "download_throughput_mbps": {
      "p1": 0.020197500071321733,
      "p5": 0.11271609137722574,
      "p10": 0.256327502564947,
      "p25": 0.4940633084637029,
      "p50": 1.1085365266858287,
      "p75": 2.1566888126466583,
      "p90": 5.325784507657727,
      "p95": 14.350419795758617,
      "p99": 47.72519434302853
    },
    "upload_throughput_mbps": {
      "p1": 0.014663175072602376,
      "p5": 0.13777547891563344,
      "p10": 0.26108954373448656,
      "p25": 0.5093676044504346,
      "p50": 1.6013897587492172,
      "p75": 6.502672825677286,
      "p90": 17.108918035599984,
      "p95": 24.669975239205513,
      "p99": 51.645032079486725
    },
    "latency_ms": {
      "p1": 351.213,
      "p5": 183.921,
      "p10": 128.252,
      "p25": 93.72,
      "p50": 80.335,
      "p75": 69.852,
      "p90": 61.0,
      "p95": 54.766,
      "p99": 48.109
    },
    "packet_loss": {
      "p1": 0.5070462025274205,
      "p5": 0.4134791044316467,
      "p10": 0.35657953642835954,
      "p25": 0.27321076683467543,
      "p50": 0.20101846916613392,
      "p75": 0.06669578748685931,
      "p90": 0.0,
      "p95": 0.0,
      "p99": 0.0
    }
  }
}