{
  "metrics": {
    "download_throughput_mbps": {
      "p1": 0.1395020226385841,
      "p5": 0.599644414782736,
      "p10": 1.2839295147313077,
      "p25": 3.8224598970505412,
      "p50": 8.465530029583997,
      "p75": 15.448647501747901,
      "p90": 24.617884461851805,
      "p95": 43.36702972416579,
      "p99": 93.45993724425675
    },
    "upload_throughput_mbps": {
      "p1": 0.025495268285800197,
      "p5": 0.069120953569009,
      "p10": 0.07565173705885553,
      "p25": 0.38779510060575734,
      "p50": 1.1678050836983507,
      "p75": 5.461261331351204,
      "p90": 11.46125067022976,
      "p95": 23.171841040220528,
      "p99": 58.032203255602994
    },
    "latency_ms": {
      "p1": 357.351,
      "p5": 97.702,
      "p10": 70.099,
      "p25": 53.666,
      "p50": 33.589,
      "p75": 15.736,
      "p90": 2.975,
      "p95": 0.338,
      "p99": 0.122
    },
    "packet_loss": {
      "p1": 0.2905790609480705,
      "p5": 0.17258016258506434,
      "p10": 0.12561228374434247,
      "p25": 0.0538882370921364,
      "p50": 0.002969889913921505,
      "p75": 0.0,
      "p90": 0.0,
      "p95": 0.0,
      "p99": 0.0
    }
  }
}