{
  "sample_counts": {
    "downloads": 582586,
    "uploads": 376740
  },
  "metrics": {
    "download_throughput_mbps": {
      "p1": 0.13933800020359494,
      "p5": 0.602396347823029,
      "p10": 1.2831808945849204,
      "p25": 3.8209720834604015,
      "p50": 8.466988806760043,
      "p75": 15.449692057750392,
      "p90": 24.541941339323433,
      "p95": 43.24151909865655,
      "p99": 93.18787962334132
    },
    "upload_throughput_mbps": {
      "p1": 0.02572235884422585,
      "p5": 0.06910102017419648,
      "p10": 0.07565089736345207,
      "p25": 0.3876087282161083,
      "p50": 1.1697983781376362,
      "p75": 5.461025128616505,
      "p90": 11.474334955976055,
      "p95": 23.18832242680668,
      "p99": 57.91378481440981
    },
    "latency_ms": {
      "p1": 360.985,
      "p5": 97.619,
      "p10": 70.069,
      "p25": 53.644,
      "p50": 33.583,
      "p75": 15.737,
      "p90": 2.986,
      "p95": 0.348,
      "p99": 0.122
    },
    "packet_loss": {
      "p1": 0.29195725355910046,
      "p5": 0.17279573348727065,
      "p10": 0.1257098569154047,
      "p25": 0.053839643985929844,
      "p50": 0.0029334210635694326,
      "p75": 0.0,
      "p90": 0.0,
      "p95": 0.0,
      "p99": 0.0
    }
  }
}