{
  "sample_counts": {
    "downloads": 582586,
    "uploads": 376740
  },
  "metrics": {
    "download_throughput_mbps": {
      "p1": 0.13776184000456956,
      "p5": 0.5978091233163362,
      "p10": 1.283957695683763,
      "p25": 3.817008841053527,
      "p50": 8.46475204758246,
      "p75": 15.451451984626388,
      "p90": 24.611241020853587,
      "p95": 43.21056874737985,
      "p99": 93.71084733092772
    },
    "upload_throughput_mbps": {
      "p1": 0.025663350706495117,
      "p5": 0.06911099298907024,
      "p10": 0.07564894758972324,
      "p25": 0.3871609892010311,
      "p50": 1.166653217141435,
      "p75": 5.4633726836525724,
      "p90": 11.501667871443255,
      "p95": 23.16047935340629,
      "p99": 57.6121856
    },
    "latency_ms": {
      "p1": 362.801,
      "p5": 98.116,
      "p10": 70.1,
      "p25": 53.655,
      "p50": 33.584,
      "p75": 15.728,
      "p90": 2.963,
      "p95": 0.345,
      "p99": 0.121
    },
    "packet_loss": {
      "p1": 0.29163446103707696,
      "p5": 0.17280708258295152,
      "p10": 0.1255967018086395,
      "p25": 0.053932025442860416,
      "p50": 0.0029662915955158417,
      "p75": 0.0,
      "p90": 0.0,
      "p95": 0.0,
      "p99": 0.0
    }
  }
}