{
  "sample_counts": {
    "downloads": 804608,
    "uploads": 521842
  },
  "metrics": {
    "download_throughput_mbps": {
      "p1": 0.14793576518132512,
      "p5": 0.6319889321992298,
      "p10": 1.4426062169523537,
      "p25": 4.906299116119211,
      "p50": 12.276902674602091,
      "p75": 26.012637914704076,
      "p90": 44.30368809369861,
      "p95": 59.23542948714061,
      "p99": 146.38778998323016
    },
    "upload_throughput_mbps": {
      "p1": 0.0356838564226532,
      "p5": 0.07788790534160404,
      "p10": 0.08992122982823035,
      "p25": 0.6763001925018571,
      "p50": 4.0787068837673575,
      "p75": 9.673964712423452,
      "p90": 22.72645333123215,
      "p95": 30.38403168096321,
      "p99": 57.79236675785001
    },
    "latency_ms": {
      "p1": 346.53,
      "p5": 101.263,
      "p10": 75.14,
      "p25": 53.491,
      "p50": 34.332,
      "p75": 17.984,
      "p90": 8.373,
      "p95": 2.767,
      "p99": 0.156
    },
    "packet_loss": {
      "p1": 0.31861690113836016,
      "p5": 0.2016639072219385,
      "p10": 0.15295390557381458,
      "p25": 0.07963637944104555,
      "p50": 0.010280835203882097,
      "p75": 0.00015893836500745166,
      "p90": 0.0,
      "p95": 0.0,
      "p99": 0.0
    }
  }
}