{
  "metrics": {
    "download_throughput_mbps": {
      "p1": 0.3397761836310006,
      "p5": 0.9029178887491703,
      "p10": 2.320157518079573,
      "p25": 10.360531280655588,
      "p50": 27.65114118379627,
      "p75": 51.43789019128511,
      "p90": 80.5707688903748,
      "p95": 105.79110932982454,
      "p99": 130.17709280640403
    },
    "upload_throughput_mbps": {
      "p1": 0.03771686492359761,
      "p5": 0.0806990128010089,
      "p10": 0.1989039888776901,
      "p25": 1.0107681510382842,
      "p50": 5.248346072416335,
      "p75": 12.060890888925064,
      "p90": 21.16016934372905,
      "p95": 26.572837903319833,
      "p99": 30.335957032058563
    },
    "latency_ms": {
      "p1": 141.194,
      "p5": 106.675,
      "p10": 99.436,
      "p25": 93.231,
      "p50": 90.741,
      "p75": 87.941,
      "p90": 86.965,
      "p95": 79.665,
      "p99": 70.874
    },
    "packet_loss": {
      "p1": 0.31407148508070704,
      "p5": 0.19875168724534395,
      "p10": 0.15409775525924602,
      "p25": 0.06521229887586014,
      "p50": 0.025551182332616,
      "p75": 0.004243546071730094,
      "p90": 0.0001198629911087884,
      "p95": 0.0,
      "p99": 0.0
    }
  }
}