{
  "metrics": {
    "download_throughput_mbps": {
      "p1": 0.14717909089177286,
      "p5": 0.23777865592128228,
      "p10": 2.253149655657481,
      "p25": 31.38992556457343,
      "p50": 83.28640552046113,
      "p75": 101.78034045348801,
      "p90": 113.396406243081,
      "p95": 119.02264500841787,
      "p99": 119.3264658929392
    },
    "upload_throughput_mbps": {
      "p1": 0.10405583603006328,
      "p5": 0.3638135957109838,
      "p10": 0.4685640584987094,
      "p25": 4.584017333390266,
      "p50": 6.255772497699381,
      "p75": 7.085982962562236,
      "p90": 14.37048979818758,
      "p95": 15.193824440156757,
      "p99": 21.119524092697212
    },
    "latency_ms": {
      "p1": 145.953,
      "p5": 114.51,
      "p10": 98.044,
      "p25": 89.048,
      "p50": 79.574,
      "p75": 73.0,
      "p90": 71.0,
      "p95": 67.997,
      "p99": 67.042
    },
    "packet_loss": {
      "p1": 0.23077070356377005,
      "p5": 0.12483084934626189,
      "p10": 0.10664332379915477,
      "p25": 0.017749257591955798,
      "p50": 0.001177294904922058,
      "p75": 0.0002982400250710845,
      "p90": 2.269294338163911e-05,
      "p95": 0.0,
      "p99": 0.0
    }
  }
}