{
  "metrics": {
    "download_throughput_mbps": {
      "p1": 0.16679297598242426,
      "p5": 0.7371400975601946,
      "p10": 1.9605986494104493,
      "p25": 8.337069919547119,
      "p50": 25.125786468136326,
      "p75": 58.50775542176641,
      "p90": 108.35934113642732,
      "p95": 188.67426996706342,
      "p99": 333.0542621988806
    },
    "upload_throughput_mbps": {
      "p1": 0.04923034339202498,
      "p5": 0.0896264494624243,
      "p10": 0.3231792539934355,
      "p25": 2.6148565284634095,
      "p50": 7.597791027983519,
      "p75": 14.80411206669669,
      "p90": 30.36338997152091,
      "p95": 46.54955139628818,
      "p99": 208.77171547760676
    },
    "latency_ms": {
      "p1": 292.033,
      "p5": 136.692,
      "p10": 113.136,
      "p25": 97.996,
      "p50": 80.727,
      "p75": 63.808,
      "p90": 46.443,
      "p95": 28.225,
      "p99": 11.452
    },
    "packet_loss": {
      "p1": 0.3376893840787213,
      "p5": 0.21371171092334046,
      "p10": 0.16097978678925895,
      "p25": 0.08907431450340003,
      "p50": 0.025253223057609527,
      "p75": 2.869334225937569e-05,
      "p90": 0.0,
      "p95": 0.0,
      "p99": 0.0
    }
  }
}