{
  "sample_counts": {
    "downloads": 308043,
    "uploads": 218558
  },
  "metrics": {
    "download_throughput_mbps": {
      "p1": 0.15248805990954042,
      "p5": 0.6806210900094987,
      "p10": 1.7269853441546148,
      "p25": 6.781817708997443,
      "p50": 19.736758811161337,
      "p75": 44.31432591423675,
      "p90": 84.28186968611904,
      "p95": 112.71258869442597,
      "p99": 276.9833600238215
    },
    "upload_throughput_mbps": {
      "p1": 0.046876759700296124,
      "p5": 0.08867334451162596,
      "p10": 0.3981864638140128,
      "p25": 2.198986263750824,
      "p50": 6.159860366354339,
      "p75": 13.260323634795386,
      "p90": 23.67712940632036,
      "p95": 41.85991939860234,
      "p99": 113.55744542557824
    },
    "latency_ms": {
      "p1": 277.611,
      "p5": 126.076,
      "p10": 112.393,
      "p25": 100.262,
      "p50": 83.53,
      "p75": 66.388,
      "p90": 49.407,
      "p95": 31.193,
      "p99": 11.631
    },
    "packet_loss": {
      "p1": 0.3476619957604209,
      "p5": 0.22610762671413304,
      "p10": 0.17333801171788774,
      "p25": 0.10064494335160551,
      "p50": 0.03657049000670488,
      "p75": 0.0006453681111969419,
      "p90": 0.0,
      "p95": 0.0,
      "p99": 0.0
    }
  }
}