{
  "sample_counts": {
    "downloads": 1794122,
    "uploads": 1133988
  },
  "metrics": {
    "download_throughput_mbps": {
      "p1": 0.16679997462652504,
      "p5": 0.7357495452307217,
      "p10": 1.9616223298757571,
      "p25": 8.337414311421917,
      "p50": 25.122691834222405,
      "p75": 58.45324794611165,
      "p90": 108.1013342710034,
      "p95": 188.6073949620954,
      "p99": 334.8004802788415
    },
    "upload_throughput_mbps": {
      "p1": 0.04923034339202498,
      "p5": 0.0896264494624243,
      "p10": 0.3231792539934355,
      "p25": 2.6148565284634095,
      "p50": 7.597791027983519,
      "p75": 14.80411206669669,
      "p90": 30.36338997152091,
      "p95": 46.54955139628818,
      "p99": 208.77171547760676
    },
    "latency_ms": {
      "p1": 292.547,
      "p5": 136.623,
      "p10": 113.156,
      "p25": 98.0,
      "p50": 80.728,
      "p75": 63.802,
      "p90": 46.411,
      "p95": 28.139,
      "p99": 11.46
    },
    "packet_loss": {
      "p1": 0.33644098925114,
      "p5": 0.21359019997905979,
      "p10": 0.16110559755136114,
      "p25": 0.08907951406421719,
      "p50": 0.025274513581198227,
      "p75": 2.8295873312687065e-05,
      "p90": 0.0,
      "p95": 0.0,
      "p99": 0.0
    }
  }
}