{
  "metrics": {
    "download_throughput_mbps": {
      "p1": 0.39435473320351483,
      "p5": 3.085797152059724,
      "p10": 7.560336035496115,
      "p25": 24.207553206440743,
      "p50": 61.52402915277573,
      "p75": 109.59431907873126,
      "p90": 167.62922506261333,
      "p95": 188.17590420650538,
      "p99": 207.7901533543176
    },
    "upload_throughput_mbps": {
      "p1": 0.17143803931736523,
      "p5": 1.5120971507706769,
      "p10": 4.321552081518917,
      "p25": 12.668343165238504,
      "p50": 26.232177580605537,
      "p75": 56.044228645199745,
      "p90": 117.87690328363708,
      "p95": 158.08323105558438,
      "p99": 183.8282609260848
    },
    "latency_ms": {
      "p1": 226.328,
      "p5": 150.204,
      "p10": 141.202,
      "p25": 125.52,
      "p50": 112.8,
      "p75": 104.846,
      "p90": 99.774,
      "p95": 97.0,
      "p99": 49.764
    },
    "packet_loss": {
      "p1": 0.41238166072081384,
      "p5": 0.189659460230075,
      "p10": 0.13069105999951283,
      "p25": 0.06060775540728346,
      "p50": 0.006263689464401567,
      "p75": 0.0,
      "p90": 0.0,
      "p95": 0.0,
      "p99": 0.0
    }
  }
}