{
  "sample_counts": {
    "downloads": 5110,
    "uploads": 4834
  },
  "metrics": {
    "download_throughput_mbps": {
      "p1": 0.25408220177174445,
      "p5": 2.023834990828073,
      "p10": 5.51853101492319,
      "p25": 10.007422875871605,
      "p50": 41.07629968055634,
      "p75": 110.20579160764281,
      "p90": 179.0022507917369,
      "p95": 190.12747483851885,
      "p99": 202.0844076445238
    },
    "upload_throughput_mbps": {
      "p1": 0.15007052129763188,
      "p5": 0.4378981015912365,
      "p10": 1.428505116016472,
      "p25": 6.09725050402243,
      "p50": 14.658570144086317,
      "p75": 34.746872452916676,
      "p90": 85.47908635071904,
      "p95": 111.68936194275193,
      "p99": 162.23366985501772
    },
    "latency_ms": {
      "p1": 192.813,
      "p5": 156.188,
      "p10": 143.688,
      "p25": 124.96,
      "p50": 109.691,
      "p75": 104.053,
      "p90": 100.233,
      "p95": 97.279,
      "p99": 59.923
    },
    "packet_loss": {
      "p1": 0.23627776564816197,
      "p5": 0.1376105932376923,
      "p10": 0.08725292900105186,
      "p25": 0.031221076144983113,
      "p50": 0.0004894128296307359,
      "p75": 0.0,
      "p90": 0.0,
      "p95": 0.0,
      "p99": 0.0
    }
  }
}