{
  "metrics": {
    "download_throughput_mbps": {
      "p1": 0.25408220177174445,
      "p5": 2.023834990828073,
      "p10": 5.51853101492319,
      "p25": 10.007422875871605,
      "p50": 41.073135740286084,
      "p75": 110.20579160764281,
      "p90": 179.0022507917369,
      "p95": 190.22573853652693,
      "p99": 202.0844076445238
    },
    "upload_throughput_mbps": {
      "p1": 0.14948486337767836,
      "p5": 0.44134270601057923,
      "p10": 1.428505116016472,
      "p25": 6.09725050402243,
      "p50": 14.659657811337267,
      "p75": 34.746872452916676,
      "p90": 85.4794002846416,
      "p95": 111.68936194275193,
      "p99": 162.23366985501772
    },
    "latency_ms": {
      "p1": 191.393,
      "p5": 156.188,
      "p10": 143.666,
      "p25": 124.96,
      "p50": 109.679,
      "p75": 104.053,
      "p90": 100.233,
      "p95": 97.278,
      "p99": 59.923
    },
    "packet_loss": {
      "p1": 0.23929337560093594,
      "p5": 0.13785022284214984,
      "p10": 0.08716017480844544,
      "p25": 0.03128858748554995,
      "p50": 0.00048114960197165004,
      "p75": 0.0,
      "p90": 0.0,
      "p95": 0.0,
      "p99": 0.0
    }
  }
}