{
  "sample_counts": {
    "downloads": 5110,
    "uploads": 4834
  },
  "metrics": {
    "download_throughput_mbps": {
      "p1": 0.25408220177174445,
      "p5": 2.023834990828073,
      "p10": 5.5263145758849435,
      "p25": 10.007422875871605,
      "p50": 41.07629968055634,
      "p75": 110.24685880462157,
      "p90": 178.97252859113587,
      "p95": 190.22573853652693,
      "p99": 201.98293370207347
    },
    "upload_throughput_mbps": {
      "p1": 0.14948486337767836,
      "p5": 0.44134270601057923,
      "p10": 1.4218187024080604,
      "p25": 6.09725050402243,
      "p50": 14.659657811337267,
      "p75": 34.7070090898687,
      "p90": 85.4794002846416,
      "p95": 111.75415751815179,
      "p99": 161.77987436071086
    },
    "latency_ms": {
      "p1": 192.813,
      "p5": 156.188,
      "p10": 143.666,
      "p25": 124.96,
      "p50": 109.691,
      "p75": 104.051,
      "p90": 100.233,
      "p95": 97.279,
      "p99": 59.923
    },
    "packet_loss": {
      "p1": 0.23627776564816197,
      "p5": 0.1376105932376923,
      "p10": 0.08716017480844544,
      "p25": 0.031221076144983113,
      "p50": 0.00048114960197165004,
      "p75": 0.0,
      "p90": 0.0,
      "p95": 0.0,
      "p99": 0.0
    }
  }
}