{
  "metrics": {
    "download_throughput_mbps": {
      "p1": 0.28066020827401295,
      "p5": 1.7240891320705087,
      "p10": 4.4648437754234305,
      "p25": 16.008628646547145,
      "p50": 64.51159162583541,
      "p75": 218.73540695185036,
      "p90": 356.33971872669724,
      "p95": 466.37072843393713,
      "p99": 713.1801755679882
    },
    "upload_throughput_mbps": {
      "p1": 0.05799383588511584,
      "p5": 0.08925134107999562,
      "p10": 0.769947228314015,
      "p25": 6.244124622590557,
      "p50": 31.32356217903494,
      "p75": 118.19896283488332,
      "p90": 223.54517948828203,
      "p95": 285.0511800303374,
      "p99": 496.240952034008
    },
    "latency_ms": {
      "p1": 286.147,
      "p5": 90.0,
      "p10": 39.824,
      "p25": 20.983,
      "p50": 10.069,
      "p75": 6.936,
      "p90": 4.83,
      "p95": 4.098,
      "p99": 3.245
    },
    "packet_loss": {
      "p1": 0.24491609412390053,
      "p5": 0.13045259351562175,
      "p10": 0.09039720580324966,
      "p25": 0.03734702442509675,
      "p50": 0.0018922350287090017,
      "p75": 0.0,
      "p90": 0.0,
      "p95": 0.0,
      "p99": 0.0
    }
  }
}