{
  "sample_counts": {
    "downloads": 114923,
    "uploads": 89897
  },
  "metrics": {
    "download_throughput_mbps": {
      "p1": 0.34472060379981234,
      "p5": 1.966519720748612,
      "p10": 5.0197271071605645,
      "p25": 18.230332170864166,
      "p50": 63.63766041312943,
      "p75": 183.58581927877225,
      "p90": 464.40410725022195,
      "p95": 560.4974227224199,
      "p99": 733.5770043793144
    },
    "upload_throughput_mbps": {
      "p1": 0.06335688577043008,
      "p5": 0.10304859664955864,
      "p10": 0.8567384680613623,
      "p25": 5.706717383522221,
      "p50": 24.198444561866527,
      "p75": 76.17528550530014,
      "p90": 206.1180525239161,
      "p95": 289.3728505384979,
      "p99": 489.04710875396285
    },
    "latency_ms": {
      "p1": 286.453,
      "p5": 181.046,
      "p10": 86.02,
      "p25": 24.355,
      "p50": 12.81,
      "p75": 7.817,
      "p90": 5.256,
      "p95": 4.449,
      "p99": 3.314
    },
    "packet_loss": {
      "p1": 0.28207107606627885,
      "p5": 0.1566844024258799,
      "p10": 0.10388015738732928,
      "p25": 0.043706956316854645,
      "p50": 0.003191987908682042,
      "p75": 1.1482984858041832e-06,
      "p90": 0.0,
      "p95": 0.0,
      "p99": 0.0
    }
  }
}