{
  "metrics": {
    "download_throughput_mbps": {
      "p1": 0.3536630107287745,
      "p5": 1.9643868949912822,
      "p10": 5.031732739851618,
      "p25": 18.23573151695757,
      "p50": 63.611240162607885,
      "p75": 183.58373953218245,
      "p90": 464.0688588625916,
      "p95": 560.5199346293793,
      "p99": 732.6378530957066
    },
    "upload_throughput_mbps": {
      "p1": 0.06335688577043008,
      "p5": 0.10304859664955864,
      "p10": 0.8567384680613623,
      "p25": 5.706717383522221,
      "p50": 24.198444561866527,
      "p75": 76.17528550530014,
      "p90": 206.1180525239161,
      "p95": 289.3728505384979,
      "p99": 489.04710875396285
    },
    "latency_ms": {
      "p1": 286.702,
      "p5": 181.02,
      "p10": 86.525,
      "p25": 24.362,
      "p50": 12.803,
      "p75": 7.816,
      "p90": 5.259,
      "p95": 4.448,
      "p99": 3.302
    },
    "packet_loss": {
      "p1": 0.2816679508850349,
      "p5": 0.15660265828156003,
      "p10": 0.10370491937862575,
      "p25": 0.04369320071712769,
      "p50": 0.00319627573878082,
      "p75": 8.084578590006101e-07,
      "p90": 0.0,
      "p95": 0.0,
      "p99": 0.0
    }
  }
}