{
  "sample_counts": {
    "downloads": 110369,
    "uploads": 87943
  },
  "metrics": {
    "download_throughput_mbps": {
      "p1": 0.2812337666628649,
      "p5": 1.732726565461659,
      "p10": 4.453412196413975,
      "p25": 15.993297371120295,
      "p50": 64.51806210897077,
      "p75": 218.5638868920369,
      "p90": 357.0126399882518,
      "p95": 466.478400418069,
      "p99": 713.5323236437386
    },
    "upload_throughput_mbps": {
      "p1": 0.05674645044704889,
      "p5": 0.0891862992073391,
      "p10": 0.7717975013883746,
      "p25": 6.25419920549937,
      "p50": 31.322491889014866,
      "p75": 118.15814310684816,
      "p90": 223.45758735121646,
      "p95": 284.4547072817049,
      "p99": 498.03684411525853
    },
    "latency_ms": {
      "p1": 286.326,
      "p5": 90.262,
      "p10": 39.848,
      "p25": 20.979,
      "p50": 10.075,
      "p75": 6.935,
      "p90": 4.831,
      "p95": 4.097,
      "p99": 3.238
    },
    "packet_loss": {
      "p1": 0.24500648675033077,
      "p5": 0.13044818651221468,
      "p10": 0.09051907221863806,
      "p25": 0.03741190041522827,
      "p50": 0.0018922697931317406,
      "p75": 0.0,
      "p90": 0.0,
      "p95": 0.0,
      "p99": 0.0
    }
  }
}