{
  "sample_counts": {
    "downloads": 55092,
    "uploads": 41584
  },
  "metrics": {
    "download_throughput_mbps": {
      "p1": 0.0739759232726945,
      "p5": 0.25726785229525123,
      "p10": 0.5790482724284159,
      "p25": 2.403481849635324,
      "p50": 8.832664209618923,
      "p75": 20.926870890096335,
      "p90": 34.62443970313766,
      "p95": 45.2182252161974,
      "p99": 94.13444084268218
    },
    "upload_throughput_mbps": {
      "p1": 0.027850218284765003,
      "p5": 0.0764049684907297,
      "p10": 0.08956666468346919,
      "p25": 0.7829469913763631,
      "p50": 4.44451101776181,
      "p75": 14.327167910160833,
      "p90": 24.90317035133731,
      "p95": 35.729605536575775,
      "p99": 82.22711054054805
    },
    "latency_ms": {
      "p1": 447.493,
      "p5": 358.122,
      "p10": 331.455,
      "p25": 219.015,
      "p50": 96.75,
      "p75": 31.068,
      "p90": 16.431,
      "p95": 15.313,
      "p99": 13.929
    },
    "packet_loss": {
      "p1": 0.41846351380269636,
      "p5": 0.30876616142955393,
      "p10": 0.24908632344507958,
      "p25": 0.15562156372555666,
      "p50": 0.06615823367431661,
      "p75": 0.002953649676410151,
      "p90": 0.0,
      "p95": 0.0,
      "p99": 0.0
    }
  }
}