{
  "sample_counts": {
    "downloads": 104858,
    "uploads": 74360
  },
  "metrics": {
    "download_throughput_mbps": {
      "p1": 0.07990282178244312,
      "p5": 0.26346140181620664,
      "p10": 0.48547871814858323,
      "p25": 1.9437537157400417,
      "p50": 7.5790194623594545,
      "p75": 16.84462100083314,
      "p90": 29.99888816166244,
      "p95": 41.54286699951674,
      "p99": 87.66810217269358
    },
    "upload_throughput_mbps": {
      "p1": 0.01833719474799607,
      "p5": 0.0684960107255248,
      "p10": 0.07594847853157155,
      "p25": 0.42442999876200815,
      "p50": 3.174797773079087,
      "p75": 9.927391118275011,
      "p90": 19.67056449129229,
      "p95": 26.806934499923102,
      "p99": 54.78895956331213
    },
    "latency_ms": {
      "p1": 512.515,
      "p5": 336.207,
      "p10": 294.423,
      "p25": 213.347,
      "p50": 171.806,
      "p75": 46.023,
      "p90": 23.094,
      "p95": 15.296,
      "p99": 12.566
    },
    "packet_loss": {
      "p1": 0.4330044580866769,
      "p5": 0.3197321967954509,
      "p10": 0.25137318068044867,
      "p25": 0.14003708040843274,
      "p50": 0.03440870389909579,
      "p75": 0.00048365206662553977,
      "p90": 0.0,
      "p95": 0.0,
      "p99": 0.0
    }
  }
}