{
  "metrics": {
    "download_throughput_mbps": {
      "p1": 0.24031635394069767,
      "p5": 1.2142969666961194,
      "p10": 3.7630647536937443,
      "p25": 14.187532713681733,
      "p50": 38.09024269675777,
      "p75": 78.60964070331181,
      "p90": 148.55706838447097,
      "p95": 286.58536795115197,
      "p99": 537.1390067611658
    },
    "upload_throughput_mbps": {
      "p1": 0.07521967486869505,
      "p5": 0.6489682029227584,
      "p10": 2.0739438249965274,
      "p25": 9.527411457032661,
      "p50": 28.976806673949945,
      "p75": 55.047397277368304,
      "p90": 92.62438817369642,
      "p95": 198.47424233333734,
      "p99": 405.25870802238757
    },
    "latency_ms": {
      "p1": 177.63,
      "p5": 97.064,
      "p10": 87.909,
      "p25": 58.005,
      "p50": 30.808,
      "p75": 21.744,
      "p90": 16.657,
      "p95": 15.751,
      "p99": 11.611
    },
    "packet_loss": {
      "p1": 0.2791641282898093,
      "p5": 0.15680625552494662,
      "p10": 0.1123725811718273,
      "p25": 0.05204404621913848,
      "p50": 0.008228178274120534,
      "p75": 9.394952074901522e-05,
      "p90": 0.0,
      "p95": 0.0,
      "p99": 0.0
    }
  }
}