{
  "metrics": {
    "download_throughput_mbps": {
      "p1": 0.15658741318036587,
      "p5": 0.6158636497462007,
      "p10": 1.6615321647700407,
      "p25": 9.154951386802267,
      "p50": 34.61831885485666,
      "p75": 83.52188309113224,
      "p90": 179.7115607502269,
      "p95": 303.028482059764,
      "p99": 625.0686428113826
    },
    "upload_throughput_mbps": {
      "p1": 0.04943011000763669,
      "p5": 0.1027389726102739,
      "p10": 0.5719705030135374,
      "p25": 5.252950574034949,
      "p50": 24.613639913436863,
      "p75": 64.07634723323577,
      "p90": 102.66100452400093,
      "p95": 230.91609196425276,
      "p99": 560.7056556717216
    },
    "latency_ms": {
      "p1": 238.278,
      "p5": 101.638,
      "p10": 77.743,
      "p25": 51.0,
      "p50": 27.823,
      "p75": 21.563,
      "p90": 16.717,
      "p95": 15.204,
      "p99": 9.668
    },
    "packet_loss": {
      "p1": 0.3551824116401928,
      "p5": 0.19080457763156677,
      "p10": 0.13197926677059177,
      "p25": 0.06028500044241975,
      "p50": 0.008631717800372713,
      "p75": 1.3871209727957587e-05,
      "p90": 0.0,
      "p95": 0.0,
      "p99": 0.0
    }
  }
}