{
  "sample_counts": {
    "downloads": 166036,
    "uploads": 129422
  },
  "metrics": {
    "download_throughput_mbps": {
      "p1": 0.15762611500761858,
      "p5": 0.6212311588984629,
      "p10": 1.6670281524176618,
      "p25": 9.164541646722348,
      "p50": 34.573456604115066,
      "p75": 83.54304619801974,
      "p90": 179.59236363516374,
      "p95": 303.5274203771568,
      "p99": 618.6358625907766
    },
    "upload_throughput_mbps": {
      "p1": 0.04943011000763669,
      "p5": 0.1027389726102739,
      "p10": 0.5719705030135374,
      "p25": 5.252950574034949,
      "p50": 24.613639913436863,
      "p75": 64.07634723323577,
      "p90": 102.66100452400093,
      "p95": 230.91609196425276,
      "p99": 560.7056556717216
    },
    "latency_ms": {
      "p1": 237.051,
      "p5": 101.427,
      "p10": 77.764,
      "p25": 50.989,
      "p50": 27.829,
      "p75": 21.567,
      "p90": 16.71,
      "p95": 15.199,
      "p99": 9.722
    },
    "packet_loss": {
      "p1": 0.35512831278454626,
      "p5": 0.19046937257603813,
      "p10": 0.13201716691343154,
      "p25": 0.0601652519020172,
      "p50": 0.008643499468847892,
      "p75": 1.3980034643876192e-05,
      "p90": 0.0,
      "p95": 0.0,
      "p99": 0.0
    }
  }
}