{
  "sample_counts": {
    "downloads": 74360,
    "uploads": 70190
  },
  "metrics": {
    "download_throughput_mbps": {
      "p1": 0.2385335962634896,
      "p5": 1.2144730467621472,
      "p10": 3.7630647536937443,
      "p25": 14.193419642160675,
      "p50": 38.0658316160237,
      "p75": 78.65123290709595,
      "p90": 149.25456004106988,
      "p95": 286.8460171469369,
      "p99": 536.9386230109235
    },
    "upload_throughput_mbps": {
      "p1": 0.07523131066242862,
      "p5": 0.6488371518652496,
      "p10": 2.0715201803307357,
      "p25": 9.501433997566059,
      "p50": 29.026455759784472,
      "p75": 55.041185117629766,
      "p90": 92.6191249711501,
      "p95": 198.33008558063202,
      "p99": 405.25870802238757
    },
    "latency_ms": {
      "p1": 177.704,
      "p5": 97.009,
      "p10": 87.916,
      "p25": 58.028,
      "p50": 30.8,
      "p75": 21.728,
      "p90": 16.657,
      "p95": 15.746,
      "p99": 11.967
    },
    "packet_loss": {
      "p1": 0.28084474978286394,
      "p5": 0.15657644312761018,
      "p10": 0.11228431380924797,
      "p25": 0.05202354801883801,
      "p50": 0.008203089414703638,
      "p75": 9.309882640205468e-05,
      "p90": 0.0,
      "p95": 0.0,
      "p99": 0.0
    }
  }
}