{
  "sample_counts": {
    "downloads": 58596,
    "uploads": 45665
  },
  "metrics": {
    "download_throughput_mbps": {
      "p1": 0.1500122162727014,
      "p5": 0.5542425239464188,
      "p10": 1.25173959046594,
      "p25": 4.757022772031204,
      "p50": 15.330357555573078,
      "p75": 44.136725812387,
      "p90": 88.20576090701958,
      "p95": 108.8430269508391,
      "p99": 221.1912292790183
    },
    "upload_throughput_mbps": {
      "p1": 0.031139850234567844,
      "p5": 0.08272556978520078,
      "p10": 0.09618728682294568,
      "p25": 1.815734331678203,
      "p50": 9.807944592055408,
      "p75": 29.711879985792592,
      "p90": 71.94186298137019,
      "p95": 93.18304161157529,
      "p99": 187.12315284038147
    },
    "latency_ms": {
      "p1": 328.457,
      "p5": 165.991,
      "p10": 110.223,
      "p25": 38.206,
      "p50": 26.054,
      "p75": 15.784,
      "p90": 11.149,
      "p95": 10.196,
      "p99": 8.787
    },
    "packet_loss": {
      "p1": 0.3673038597758046,
      "p5": 0.26009559344682165,
      "p10": 0.20416632331761578,
      "p25": 0.12487136048250475,
      "p50": 0.04507380836119145,
      "p75": 0.0012514317790206122,
      "p90": 0.0,
      "p95": 0.0,
      "p99": 0.0
    }
  }
}