{
  "sample_counts": {
    "downloads": 91700,
    "uploads": 70039
  },
  "metrics": {
    "download_throughput_mbps": {
      "p1": 0.10376781917620483,
      "p5": 0.36050748462722826,
      "p10": 0.7322777689478934,
      "p25": 2.7449726555996867,
      "p50": 9.199124483816673,
      "p75": 28.38038508413941,
      "p90": 54.79828016832727,
      "p95": 74.73459974723497,
      "p99": 195.180337787864
    },
    "upload_throughput_mbps": {
      "p1": 0.025759579397587596,
      "p5": 0.06962383290280104,
      "p10": 0.07639730969022318,
      "p25": 0.6112661947462262,
      "p50": 5.376983567462443,
      "p75": 15.912613769987153,
      "p90": 38.09951686164267,
      "p95": 52.37706077147857,
      "p99": 94.98413429799874
    },
    "latency_ms": {
      "p1": 343.864,
      "p5": 165.46,
      "p10": 88.344,
      "p25": 40.25,
      "p50": 25.833,
      "p75": 12.929,
      "p90": 10.875,
      "p95": 10.004,
      "p99": 9.0
    },
    "packet_loss": {
      "p1": 0.4132065636729191,
      "p5": 0.29239442235488267,
      "p10": 0.22372428556232266,
      "p25": 0.1350050056121465,
      "p50": 0.04654564704071556,
      "p75": 0.002007894131391572,
      "p90": 0.0,
      "p95": 0.0,
      "p99": 0.0
    }
  }
}