{
  "sample_counts": {
    "downloads": 58596,
    "uploads": 45665
  },
  "metrics": {
    "download_throughput_mbps": {
      "p1": 0.1472361473885401,
      "p5": 0.5506084381939305,
      "p10": 1.2491794054206133,
      "p25": 4.764651114058545,
      "p50": 15.336832204853238,
      "p75": 44.11699853901153,
      "p90": 88.11384700474282,
      "p95": 108.85678613105183,
      "p99": 221.43564627025833
    },
    "upload_throughput_mbps": {
      "p1": 0.030744690595202906,
      "p5": 0.08271932749749897,
      "p10": 0.09617140583098191,
      "p25": 1.8145208868893317,
      "p50": 9.804536220358987,
      "p75": 29.69437281052695,
      "p90": 71.94810806659528,
      "p95": 93.15276666952664,
      "p99": 187.5403830681088
    },
    "latency_ms": {
      "p1": 329.886,
      "p5": 166.0,
      "p10": 110.019,
      "p25": 38.199,
      "p50": 26.057,
      "p75": 15.772,
      "p90": 11.153,
      "p95": 10.178,
      "p99": 8.779
    },
    "packet_loss": {
      "p1": 0.36730071862173397,
      "p5": 0.2601954730239027,
      "p10": 0.20395443924106565,
      "p25": 0.12485117186356512,
      "p50": 0.045051952402655034,
      "p75": 0.0012530708315691306,
      "p90": 0.0,
      "p95": 0.0,
      "p99": 0.0
    }
  }
}