{
  "sample_counts": {
    "downloads": 31443312,
    "uploads": 24288961
  },
  "metrics": {
    "download_throughput_mbps": {
      "p1": 0.3733533676574335,
      "p5": 2.7476749377602907,
      "p10": 7.636418170487203,
      "p25": 29.913806347983485,
      "p50": 96.2594494005302,
      "p75": 268.3613856638657,
      "p90": 474.3144239321817,
      "p95": 625.4190172154691,
      "p99": 893.350397978233
    },
    "upload_throughput_mbps": {
      "p1": 0.06268797492481003,
      "p5": 0.15072498665783757,
      "p10": 1.0021728150429319,
      "p25": 8.050198429304242,
      "p50": 20.970345065636984,
      "p75": 65.78830613588968,
      "p90": 224.29089608798398,
      "p95": 369.85411804611533,
      "p99": 816.0350681722797
    },
    "latency_ms": {
      "p1": 254.813,
      "p5": 80.647,
      "p10": 51.241,
      "p25": 30.0,
      "p50": 16.125,
      "p75": 7.779,
      "p90": 2.891,
      "p95": 0.81,
      "p99": 0.161
    },
    "packet_loss": {
      "p1": 0.2538091184961855,
      "p5": 0.12019753164724696,
      "p10": 0.07352336497895073,
      "p25": 0.019097047239746694,
      "p50": 0.0005181393648087079,
      "p75": 0.0,
      "p90": 0.0,
      "p95": 0.0,
      "p99": 0.0
    }
  }
}