{
  "metrics": {
    "download_throughput_mbps": {
      "p1": 0.371868756143722,
      "p5": 2.763946812070101,
      "p10": 7.64528558050168,
      "p25": 29.91208117463475,
      "p50": 96.35150304529232,
      "p75": 268.3575664730274,
      "p90": 473.89605300919993,
      "p95": 624.9716396384902,
      "p99": 892.1265364080226
    },
    "upload_throughput_mbps": {
      "p1": 0.06258080108681055,
      "p5": 0.15009992942040937,
      "p10": 0.9984712048921444,
      "p25": 8.042539741519015,
      "p50": 20.965692020350357,
      "p75": 65.61118210571884,
      "p90": 223.9224346083501,
      "p95": 370.12750203424736,
      "p99": 817.3846606913879
    },
    "latency_ms": {
      "p1": 252.778,
      "p5": 80.647,
      "p10": 51.186,
      "p25": 30.0,
      "p50": 16.128,
      "p75": 7.785,
      "p90": 2.898,
      "p95": 0.806,
      "p99": 0.161
    },
    "packet_loss": {
      "p1": 0.25374165323509096,
      "p5": 0.12056233869438675,
      "p10": 0.0734876967862699,
      "p25": 0.01911994618657228,
      "p50": 0.0005169056449927481,
      "p75": 0.0,
      "p90": 0.0,
      "p95": 0.0,
      "p99": 0.0
    }
  }
}