{
  "sample_counts": {
    "downloads": 25430008,
    "uploads": 18921651
  },
  "metrics": {
    "download_throughput_mbps": {
      "p1": 0.39885609338153327,
      "p5": 3.125587977665934,
      "p10": 9.094661902085877,
      "p25": 38.92638065520749,
      "p50": 121.22523494354232,
      "p75": 321.84328472318924,
      "p90": 533.8765677724072,
      "p95": 697.1110489978427,
      "p99": 915.3976621625486
    },
    "upload_throughput_mbps": {
      "p1": 0.06812716297142903,
      "p5": 0.15581276102849126,
      "p10": 1.3149767359257325,
      "p25": 9.585033110251779,
      "p50": 29.04834753176485,
      "p75": 93.18613636043216,
      "p90": 302.15342228001737,
      "p95": 460.95354708361526,
      "p99": 886.3457821206061
    },
    "latency_ms": {
      "p1": 206.035,
      "p5": 71.543,
      "p10": 45.782,
      "p25": 27.853,
      "p50": 14.963,
      "p75": 7.417,
      "p90": 2.739,
      "p95": 0.806,
      "p99": 0.196
    },
    "packet_loss": {
      "p1": 0.24053249471217894,
      "p5": 0.11096087615738814,
      "p10": 0.06670594099787013,
      "p25": 0.015374071539042388,
      "p50": 0.00031073686316457474,
      "p75": 0.0,
      "p90": 0.0,
      "p95": 0.0,
      "p99": 0.0
    }
  }
}