{
  "sample_counts": {
    "downloads": 31443312,
    "uploads": 24288961
  },
  "metrics": {
    "download_throughput_mbps": {
      "p1": 0.38320011196704645,
      "p5": 2.7407863134840285,
      "p10": 7.631741917517712,
      "p25": 29.97519206213352,
      "p50": 96.35647029849147,
      "p75": 268.44675964001635,
      "p90": 474.2500411107682,
      "p95": 625.6932041848493,
      "p99": 893.4807197496729
    },
    "upload_throughput_mbps": {
      "p1": 0.06264864583791654,
      "p5": 0.1507211282945698,
      "p10": 1.0088007858119465,
      "p25": 8.037467571198375,
      "p50": 20.958955220895582,
      "p75": 65.74437168657315,
      "p90": 223.8634430886519,
      "p95": 370.487725107692,
      "p99": 817.8468847990498
    },
    "latency_ms": {
      "p1": 255.557,
      "p5": 80.584,
      "p10": 51.189,
      "p25": 30.0,
      "p50": 16.13,
      "p75": 7.786,
      "p90": 2.884,
      "p95": 0.806,
      "p99": 0.162
    },
    "packet_loss": {
      "p1": 0.2533987386124737,
      "p5": 0.12025026843565957,
      "p10": 0.07331022227546584,
      "p25": 0.01906808355829215,
      "p50": 0.0005169056182326177,
      "p75": 0.0,
      "p90": 0.0,
      "p95": 0.0,
      "p99": 0.0
    }
  }
}