{
  "metrics": {
    "download_throughput_mbps": {
      "p1": 0.6336127698460906,
      "p5": 3.2512803142978353,
      "p10": 9.630008128254639,
      "p25": 36.694380611610484,
      "p50": 192.72724421889453,
      "p75": 701.526328109997,
      "p90": 752.7501884045217,
      "p95": 761.079306889337,
      "p99": 773.4930281495922
    },
    "upload_throughput_mbps": {
      "p1": 0.20302721247276417,
      "p5": 1.3887509868498353,
      "p10": 3.6321060549033475,
      "p25": 10.65757314214292,
      "p50": 27.085131616789127,
      "p75": 52.85430432054002,
      "p90": 103.6337008175746,
      "p95": 104.88906426529873,
      "p99": 167.6204619996706
    },
    "latency_ms": {
      "p1": 206.478,
      "p5": 41.732,
      "p10": 30.117,
      "p25": 17.863,
      "p50": 13.607,
      "p75": 11.842,
      "p90": 10.729,
      "p95": 9.111,
      "p99": 9.0
    },
    "packet_loss": {
      "p1": 0.17330430131074914,
      "p5": 0.08797632582359897,
      "p10": 0.06649872804555447,
      "p25": 0.01940535707793109,
      "p50": 0.007945927911934436,
      "p75": 0.0,
      "p90": 0.0,
      "p95": 0.0,
      "p99": 0.0
    }
  }
}