{
  "metrics": {
    "download_throughput_mbps": {
      "p1": 0.44793106179184883,
      "p5": 2.4539813471223537,
      "p10": 7.923886573063862,
      "p25": 27.33996424254343,
      "p50": 89.06587916383423,
      "p75": 288.4854523405365,
      "p90": 467.9022812031695,
      "p95": 562.3684216736513,
      "p99": 656.791837420356
    },
    "upload_throughput_mbps": {
      "p1": 0.09575341042035701,
      "p5": 1.344753171782936,
      "p10": 3.5359676579446893,
      "p25": 10.105436294563706,
      "p50": 22.78775346379437,
      "p75": 38.776236151690085,
      "p90": 74.42551955750612,
      "p95": 114.38999008632318,
      "p99": 312.7562379213099
    },
    "latency_ms": {
      "p1": 268.716,
      "p5": 54.29,
      "p10": 35.73,
      "p25": 20.242,
      "p50": 14.96,
      "p75": 12.789,
      "p90": 11.055,
      "p95": 10.171,
      "p99": 7.542
    },
    "packet_loss": {
      "p1": 0.2138173583821389,
      "p5": 0.11404398286457465,
      "p10": 0.0747229974529714,
      "p25": 0.021961292940787202,
      "p50": 0.0014102220305206785,
      "p75": 0.0,
      "p90": 0.0,
      "p95": 0.0,
      "p99": 0.0
    }
  }
}