{
  "sample_counts": {
    "downloads": 35983,
    "uploads": 28376
  },
  "metrics": {
    "download_throughput_mbps": {
      "p1": 0.08917396682011876,
      "p5": 0.3219595969644183,
      "p10": 0.7955730574854151,
      "p25": 4.021260612458553,
      "p50": 12.783716031864556,
      "p75": 32.04255473861005,
      "p90": 65.1293394730362,
      "p95": 77.83111825455225,
      "p99": 103.2860602355713
    },
    "upload_throughput_mbps": {
      "p1": 0.06867760945429013,
      "p5": 0.3995056039551684,
      "p10": 0.823696978569479,
      "p25": 3.0201408067352826,
      "p50": 12.883322953702848,
      "p75": 34.15874441983616,
      "p90": 71.898498051094,
      "p95": 80.97140073319298,
      "p99": 104.04822921038702
    },
    "latency_ms": {
      "p1": 493.027,
      "p5": 447.488,
      "p10": 402.565,
      "p25": 258.072,
      "p50": 235.0,
      "p75": 215.821,
      "p90": 171.553,
      "p95": 114.397,
      "p99": 97.972
    },
    "packet_loss": {
      "p1": 0.32861001968812564,
      "p5": 0.23110750245287603,
      "p10": 0.18264044330480741,
      "p25": 0.10468443655082467,
      "p50": 0.020735462988789366,
      "p75": 0.00011364671494119535,
      "p90": 0.0,
      "p95": 0.0,
      "p99": 0.0
    }
  }
}