{
  "sample_counts": {
    "downloads": 35983,
    "uploads": 28376
  },
  "metrics": {
    "download_throughput_mbps": {
      "p1": 0.08882514159104654,
      "p5": 0.32629743501351904,
      "p10": 0.797015749875005,
      "p25": 4.01923202255382,
      "p50": 12.767488922899762,
      "p75": 32.035700630023015,
      "p90": 65.24136523677097,
      "p95": 77.75709908858946,
      "p99": 102.28781460032407
    },
    "upload_throughput_mbps": {
      "p1": 0.06884647711199032,
      "p5": 0.3973885583881917,
      "p10": 0.823939455002513,
      "p25": 3.0201408067352826,
      "p50": 12.878249019308871,
      "p75": 34.16129502567912,
      "p90": 71.9652938316177,
      "p95": 81.08555138944298,
      "p99": 103.6028003231934
    },
    "latency_ms": {
      "p1": 492.38,
      "p5": 447.975,
      "p10": 403.865,
      "p25": 258.025,
      "p50": 234.987,
      "p75": 215.817,
      "p90": 171.471,
      "p95": 114.409,
      "p99": 98.133
    },
    "packet_loss": {
      "p1": 0.32942251039813464,
      "p5": 0.2309951963498941,
      "p10": 0.18278736223067735,
      "p25": 0.10466976639862818,
      "p50": 0.020736679892372895,
      "p75": 0.0001139045939562984,
      "p90": 0.0,
      "p95": 0.0,
      "p99": 0.0
    }
  }
}