{
  "metrics": {
    "download_throughput_mbps": {
      "p1": 0.6412893027636202,
      "p5": 1.7136164249854142,
      "p10": 2.829275908973438,
      "p25": 15.829683515831707,
      "p50": 48.74306188665804,
      "p75": 77.03720354816247,
      "p90": 95.9519898898295,
      "p95": 98.58081898211098,
      "p99": 273.053996594199
    },
    "upload_throughput_mbps": {
      "p1": 0.042102135053719056,
      "p5": 0.07543842368965377,
      "p10": 0.0757544623488023,
      "p25": 4.633466107570931,
      "p50": 28.295244864726705,
      "p75": 60.07945490966574,
      "p90": 92.66636900223249,
      "p95": 123.8636522807581,
      "p99": 408.4945636538054
    },
    "latency_ms": {
      "p1": 31.82,
      "p5": 29.569,
      "p10": 20.681,
      "p25": 16.478,
      "p50": 13.117,
      "p75": 11.412,
      "p90": 9.929,
      "p95": 9.579,
      "p99": 9.0
    },
    "packet_loss": {
      "p1": 0.1894054717410972,
      "p5": 0.15813378421439817,
      "p10": 0.1307765442708599,
      "p25": 0.0887700828990176,
      "p50": 0.004700075694997522,
      "p75": 0.0004848690151987015,
      "p90": 0.0,
      "p95": 0.0,
      "p99": 0.0
    }
  }
}