{
  "metrics": {
    "download_throughput_mbps": {
      "p1": 0.6235342264652727,
      "p5": 1.441413474996091,
      "p10": 5.3196038664020024,
      "p25": 14.464041852608608,
      "p50": 32.555826461880045,
      "p75": 101.62265433662172,
      "p90": 146.92223471106115,
      "p95": 171.71097335798999,
      "p99": 204.57232128550933
    },
    "upload_throughput_mbps": {
      "p1": 0.13027815385353778,
      "p5": 0.6649600102399386,
      "p10": 1.9106433241095684,
      "p25": 5.499549353825512,
      "p50": 15.195269074767609,
      "p75": 18.7086802811286,
      "p90": 43.887394359718904,
      "p95": 82.94628542653533,
      "p99": 105.84696150203625
    },
    "latency_ms": {
      "p1": 258.72,
      "p5": 165.427,
      "p10": 156.361,
      "p25": 124.266,
      "p50": 108.736,
      "p75": 103.182,
      "p90": 99.918,
      "p95": 97.09,
      "p99": 96.304
    },
    "packet_loss": {
      "p1": 0.30726186338856903,
      "p5": 0.18689131779542173,
      "p10": 0.131626060076691,
      "p25": 0.047725532118548714,
      "p50": 0.011699070574517767,
      "p75": 0.0,
      "p90": 0.0,
      "p95": 0.0,
      "p99": 0.0
    }
  }
}