{
  "sample_counts": {
    "downloads": 129569,
    "uploads": 111851
  },
  "metrics": {
    "download_throughput_mbps": {
      "p1": 0.14000300901886586,
      "p5": 0.5951839811271901,
      "p10": 1.3991609946252277,
      "p25": 5.69835947278168,
      "p50": 25.034320373884857,
      "p75": 73.87742059365327,
      "p90": 148.4907920081788,
      "p95": 193.58701630581405,
      "p99": 254.8264739526309
    },
    "upload_throughput_mbps": {
      "p1": 0.042672334659002505,
      "p5": 0.12212100268141123,
      "p10": 0.39948461390938506,
      "p25": 2.9575051558597605,
      "p50": 20.930064161659022,
      "p75": 60.075207669086254,
      "p90": 141.72584829739534,
      "p95": 195.12607740140277,
      "p99": 251.00878875781396
    },
    "latency_ms": {
      "p1": 289.009,
      "p5": 156.993,
      "p10": 134.524,
      "p25": 110.349,
      "p50": 97.503,
      "p75": 89.0,
      "p90": 76.558,
      "p95": 67.129,
      "p99": 26.453
    },
    "packet_loss": {
      "p1": 0.3330454334306541,
      "p5": 0.2230574445167334,
      "p10": 0.17020627399957397,
      "p25": 0.0840620460450822,
      "p50": 0.008630156402653568,
      "p75": 0.0,
      "p90": 0.0,
      "p95": 0.0,
      "p99": 0.0
    }
  }
}