{
  "sample_counts": {
    "downloads": 106233,
    "uploads": 95256
  },
  "metrics": {
    "download_throughput_mbps": {
      "p1": 0.1249215345118305,
      "p5": 0.5146107443025494,
      "p10": 1.151041304800945,
      "p25": 4.330215421882018,
      "p50": 19.423270841402996,
      "p75": 58.06145102566379,
      "p90": 111.73296879357433,
      "p95": 167.28869318730642,
      "p99": 248.4742405397584
    },
    "upload_throughput_mbps": {
      "p1": 0.04144072993858348,
      "p5": 0.14546239935205346,
      "p10": 0.32816300392362113,
      "p25": 1.1099560898825933,
      "p50": 14.899343682266862,
      "p75": 44.68457648318585,
      "p90": 90.49660620135752,
      "p95": 162.42018951924192,
      "p99": 235.3175107299571
    },
    "latency_ms": {
      "p1": 333.771,
      "p5": 165.053,
      "p10": 144.333,
      "p25": 118.127,
      "p50": 99.145,
      "p75": 89.084,
      "p90": 78.172,
      "p95": 68.502,
      "p99": 26.912
    },
    "packet_loss": {
      "p1": 0.3289655575241915,
      "p5": 0.2323617619697144,
      "p10": 0.18281825926793852,
      "p25": 0.0977105544828667,
      "p50": 0.011431669932716725,
      "p75": 0.0,
      "p90": 0.0,
      "p95": 0.0,
      "p99": 0.0
    }
  }
}