{
  "metrics": {
    "download_throughput_mbps": {
      "p1": 0.12470688217056704,
      "p5": 0.5144662947380128,
      "p10": 1.1539560962639024,
      "p25": 4.326429832901749,
      "p50": 19.407045135999155,
      "p75": 58.091360429199256,
      "p90": 111.77042661362975,
      "p95": 167.25477558738925,
      "p99": 248.8111246396722
    },
    "upload_throughput_mbps": {
      "p1": 0.04166503755327201,
      "p5": 0.1466291757903276,
      "p10": 0.3274864186272539,
      "p25": 1.1153692320983466,
      "p50": 14.894629518285829,
      "p75": 44.67935526032237,
      "p90": 90.5586970531607,
      "p95": 162.4731800379315,
      "p99": 234.37048809076063
    },
    "latency_ms": {
      "p1": 334.808,
      "p5": 165.04,
      "p10": 144.339,
      "p25": 118.08,
      "p50": 99.151,
      "p75": 89.086,
      "p90": 78.275,
      "p95": 68.442,
      "p99": 26.842
    },
    "packet_loss": {
      "p1": 0.32763823010453585,
      "p5": 0.23228816488108328,
      "p10": 0.1828006431351335,
      "p25": 0.09773251935110992,
      "p50": 0.011459829670043633,
      "p75": 0.0,
      "p90": 0.0,
      "p95": 0.0,
      "p99": 0.0
    }
  }
}