{
  "metrics": {
    "download_throughput_mbps": {
      "p1": 0.28340913284938646,
      "p5": 1.3360213419511726,
      "p10": 3.3735974963795092,
      "p25": 11.161259337129199,
      "p50": 41.28730312974533,
      "p75": 140.84682331514426,
      "p90": 238.01991458271013,
      "p95": 266.904042157542,
      "p99": 346.8677373806652
    },
    "upload_throughput_mbps": {
      "p1": 0.03002885774909557,
      "p5": 0.0760813961348155,
      "p10": 0.41137826260724203,
      "p25": 3.5594579130365753,
      "p50": 20.95977831011864,
      "p75": 74.28703832051642,
      "p90": 174.54943271653167,
      "p95": 265.2135961116253,
      "p99": 371.10177107079045
    },
    "latency_ms": {
      "p1": 234.369,
      "p5": 90.155,
      "p10": 76.192,
      "p25": 58.154,
      "p50": 45.905,
      "p75": 32.499,
      "p90": 31.061,
      "p95": 30.105,
      "p99": 12.362
    },
    "packet_loss": {
      "p1": 0.2616094324203812,
      "p5": 0.18051473732907927,
      "p10": 0.1314563225280507,
      "p25": 0.0666635613399043,
      "p50": 0.0059853764640975075,
      "p75": 0.0,
      "p90": 0.0,
      "p95": 0.0,
      "p99": 0.0
    }
  }
}