{
  "metrics": {
    "download_throughput_mbps": {
      "p1": 0.21647529015488606,
      "p5": 1.7728438794602548,
      "p10": 6.838329073313245,
      "p25": 20.382319701695213,
      "p50": 70.65709260453104,
      "p75": 190.7492381181987,
      "p90": 235.19103108682856,
      "p95": 447.9398794088375,
      "p99": 522.85621063193
    },
    "upload_throughput_mbps": {
      "p1": 0.06794105239644282,
      "p5": 0.5356092785282679,
      "p10": 3.156527752926148,
      "p25": 7.253726910583845,
      "p50": 14.061239040235968,
      "p75": 30.017657515243926,
      "p90": 41.453047732455374,
      "p95": 49.11775534691805,
      "p99": 78.83567521502735
    },
    "latency_ms": {
      "p1": 144.33,
      "p5": 87.0,
      "p10": 62.646,
      "p25": 42.639,
      "p50": 36.221,
      "p75": 32.034,
      "p90": 28.116,
      "p95": 25.923,
      "p99": 25.0
    },
    "packet_loss": {
      "p1": 0.3356645736190937,
      "p5": 0.22510135185810604,
      "p10": 0.1769888920521312,
      "p25": 0.08831199127097278,
      "p50": 0.009676554743321597,
      "p75": 0.00020563491063877915,
      "p90": 0.0,
      "p95": 0.0,
      "p99": 0.0
    }
  }
}