{
  "metrics": {
    "download_throughput_mbps": {
      "p1": 0.2051955182149088,
      "p5": 1.1050379174976106,
      "p10": 3.2901108166706816,
      "p25": 12.539079636669054,
      "p50": 33.663030170666815,
      "p75": 73.40835768637048,
      "p90": 148.00044917273522,
      "p95": 203.0298690092917,
      "p99": 357.0639907924328
    },
    "upload_throughput_mbps": {
      "p1": 0.0339811936676248,
      "p5": 0.4826584482658448,
      "p10": 1.629564657790278,
      "p25": 7.66033922120574,
      "p50": 24.637157005613748,
      "p75": 55.55864348016686,
      "p90": 97.09391161237659,
      "p95": 136.43444435377938,
      "p99": 268.95061227657123
    },
    "latency_ms": {
      "p1": 445.003,
      "p5": 281.357,
      "p10": 234.583,
      "p25": 191.943,
      "p50": 57.0,
      "p75": 34.0,
      "p90": 24.242,
      "p95": 22.573,
      "p99": 20.232
    },
    "packet_loss": {
      "p1": 0.2871219009476823,
      "p5": 0.18594396969484558,
      "p10": 0.14231462625899233,
      "p25": 0.07714035153754224,
      "p50": 0.014544305696349263,
      "p75": 7.315707976861194e-05,
      "p90": 0.0,
      "p95": 0.0,
      "p99": 0.0
    }
  }
}