{
  "sample_counts": {
    "downloads": 265145,
    "uploads": 224949
  },
  "metrics": {
    "download_throughput_mbps": {
      "p1": 0.22106310379584584,
      "p5": 1.2712129319960177,
      "p10": 3.444946287155546,
      "p25": 14.630997266055745,
      "p50": 40.302559799706195,
      "p75": 86.97888261852967,
      "p90": 222.21672517326485,
      "p95": 301.5148700801106,
      "p99": 494.6852436443283
    },
    "upload_throughput_mbps": {
      "p1": 0.05813858260756267,
      "p5": 0.30991097582206645,
      "p10": 1.5421791131820304,
      "p25": 8.242827340375511,
      "p50": 26.371995540441475,
      "p75": 77.27737461457832,
      "p90": 149.3512693925741,
      "p95": 243.96972943913744,
      "p99": 380.05876609049267
    },
    "latency_ms": {
      "p1": 354.479,
      "p5": 247.967,
      "p10": 223.675,
      "p25": 205.165,
      "p50": 80.889,
      "p75": 35.339,
      "p90": 26.444,
      "p95": 23.0,
      "p99": 1.989
    },
    "packet_loss": {
      "p1": 0.32330713139645184,
      "p5": 0.2131134916485289,
      "p10": 0.1656124663224319,
      "p25": 0.08541033096377597,
      "p50": 0.01259896529058673,
      "p75": 7.432454056300884e-05,
      "p90": 0.0,
      "p95": 0.0,
      "p99": 0.0
    }
  }
}