{
  "sample_counts": {
    "downloads": 265145,
    "uploads": 224949
  },
  "metrics": {
    "download_throughput_mbps": {
      "p1": 0.2247093381434914,
      "p5": 1.2711212332448238,
      "p10": 3.458229463446554,
      "p25": 14.645317676142353,
      "p50": 40.26017075136857,
      "p75": 86.985210739931,
      "p90": 222.47839972426468,
      "p95": 300.75221150704516,
      "p99": 490.9219936759219
    },
    "upload_throughput_mbps": {
      "p1": 0.05849989626011464,
      "p5": 0.30351072525495393,
      "p10": 1.5483800777562677,
      "p25": 8.242783377634655,
      "p50": 26.361140530093678,
      "p75": 77.25956560889601,
      "p90": 149.54575729798822,
      "p95": 243.5307137387966,
      "p99": 378.5798976520614
    },
    "latency_ms": {
      "p1": 354.204,
      "p5": 247.855,
      "p10": 223.676,
      "p25": 205.188,
      "p50": 80.935,
      "p75": 35.373,
      "p90": 26.479,
      "p95": 23.0,
      "p99": 1.943
    },
    "packet_loss": {
      "p1": 0.32330713139645184,
      "p5": 0.21318155824394164,
      "p10": 0.1657873601025157,
      "p25": 0.08525936637731896,
      "p50": 0.012546900501207684,
      "p75": 7.396548215247318e-05,
      "p90": 0.0,
      "p95": 0.0,
      "p99": 0.0
    }
  }
}