{
  "sample_counts": {
    "downloads": 112362,
    "uploads": 89925
  },
  "metrics": {
    "download_throughput_mbps": {
      "p1": 0.21039699046353344,
      "p5": 1.1008768301818481,
      "p10": 3.275682400136058,
      "p25": 12.54619388867901,
      "p50": 33.679792638341105,
      "p75": 73.40199542668725,
      "p90": 147.868049352909,
      "p95": 202.6467477248568,
      "p99": 357.4546487238029
    },
    "upload_throughput_mbps": {
      "p1": 0.033137306468886525,
      "p5": 0.4799263394473139,
      "p10": 1.6275759154697065,
      "p25": 7.656175142354211,
      "p50": 24.651393709965287,
      "p75": 55.51132262622249,
      "p90": 97.19177671371547,
      "p95": 136.43047204399403,
      "p99": 269.7662663530024
    },
    "latency_ms": {
      "p1": 444.852,
      "p5": 281.064,
      "p10": 234.685,
      "p25": 191.926,
      "p50": 57.011,
      "p75": 34.0,
      "p90": 24.227,
      "p95": 22.573,
      "p99": 20.288
    },
    "packet_loss": {
      "p1": 0.28721434965273285,
      "p5": 0.1856617083083033,
      "p10": 0.14218121487598603,
      "p25": 0.07717747755850098,
      "p50": 0.014544305696349263,
      "p75": 7.359992000905052e-05,
      "p90": 0.0,
      "p95": 0.0,
      "p99": 0.0
    }
  }
}