{
  "metrics": {
    "download_throughput_mbps": {
      "p1": 1.1284237825482557,
      "p5": 1.9771198598456803,
      "p10": 2.4455152512468246,
      "p25": 10.891810487316672,
      "p50": 47.70057629568696,
      "p75": 124.67652375189265,
      "p90": 183.49979095691933,
      "p95": 211.07560705876148,
      "p99": 234.88239465175243
    },
    "upload_throughput_mbps": {
      "p1": 0.09552557112906301,
      "p5": 0.4853809678485843,
      "p10": 1.0046744438735746,
      "p25": 4.365266391034849,
      "p50": 7.949355879516733,
      "p75": 13.072331319171703,
      "p90": 22.158719660970824,
      "p95": 31.48945616603746,
      "p99": 83.24102486974529
    },
    "latency_ms": {
      "p1": 249.159,
      "p5": 119.592,
      "p10": 118.997,
      "p25": 85.932,
      "p50": 49.478,
      "p75": 39.89,
      "p90": 36.463,
      "p95": 35.517,
      "p99": 33.824
    },
    "packet_loss": {
      "p1": 0.3397527263084623,
      "p5": 0.1631902969200322,
      "p10": 0.14047046695513415,
      "p25": 0.06907952397261198,
      "p50": 0.02388688412685651,
      "p75": 0.004180115710085732,
      "p90": 0.00013323179851172244,
      "p95": 7.433037854462993e-05,
      "p99": 0.0
    }
  }
}