{
  "metrics": {
    "download_throughput_mbps": {
      "p1": 0.08188418684633969,
      "p5": 0.26432708306668373,
      "p10": 0.525325842803798,
      "p25": 2.9880131008113247,
      "p50": 4.885895694417912,
      "p75": 15.263243905926302,
      "p90": 17.839088430564107,
      "p95": 18.082950282046266,
      "p99": 22.585371672592913
    },
    "upload_throughput_mbps": {
      "p1": 0.01620127188631127,
      "p5": 0.07560151133425697,
      "p10": 0.1564131468112184,
      "p25": 0.5431812154682873,
      "p50": 1.7545074653371313,
      "p75": 5.105009504249164,
      "p90": 10.361964738010032,
      "p95": 10.748168506593377,
      "p99": 12.710489828235035
    },
    "latency_ms": {
      "p1": 1286.41,
      "p5": 332.568,
      "p10": 327.623,
      "p25": 319.0,
      "p50": 297.793,
      "p75": 295.2,
      "p90": 293.231,
      "p95": 287.232,
      "p99": 284.195
    },
    "packet_loss": {
      "p1": 0.3795652737727925,
      "p5": 0.33563403583270185,
      "p10": 0.30212743159442496,
      "p25": 0.21247961795057457,
      "p50": 0.17046402868193578,
      "p75": 0.05478559278035026,
      "p90": 0.0035240195180199474,
      "p95": 0.0,
      "p99": 0.0
    }
  }
}