{
  "sample_counts": {
    "downloads": 4549,
    "uploads": 4535
  },
  "metrics": {
    "download_throughput_mbps": {
      "p1": 0.4555406130203305,
      "p5": 2.5619801863245093,
      "p10": 5.670417897787543,
      "p25": 15.961741505917791,
      "p50": 38.244437436374554,
      "p75": 72.68455937733367,
      "p90": 140.57341338594978,
      "p95": 185.8158436847882,
      "p99": 285.6966583674615
    },
    "upload_throughput_mbps": {
      "p1": 0.10670177902294029,
      "p5": 0.6417590882670822,
      "p10": 1.4944464972047737,
      "p25": 4.627271968213319,
      "p50": 10.441717031910727,
      "p75": 23.504079647600847,
      "p90": 46.69150383934578,
      "p95": 69.32428512689567,
      "p99": 140.7139346190957
    },
    "latency_ms": {
      "p1": 71.301,
      "p5": 57.624,
      "p10": 52.759,
      "p25": 46.101,
      "p50": 39.64,
      "p75": 28.887,
      "p90": 22.339,
      "p95": 10.565,
      "p99": 8.038
    },
    "packet_loss": {
      "p1": 0.20593013228051377,
      "p5": 0.12495383223340668,
      "p10": 0.09803639721937096,
      "p25": 0.04988764878719353,
      "p50": 0.010244376270632138,
      "p75": 0.00040531873722657904,
      "p90": 0.0,
      "p95": 0.0,
      "p99": 0.0
    }
  }
}