{
  "metrics": {
    "download_throughput_mbps": {
      "p1": 0.042372427660026496,
      "p5": 0.1292924710205748,
      "p10": 0.2457071720503687,
      "p25": 0.6745281165175611,
      "p50": 1.8004902249763055,
      "p75": 4.48021107515492,
      "p90": 12.027027802662602,
      "p95": 19.83277714255953,
      "p99": 37.26957340890364
    },
    "upload_throughput_mbps": {
      "p1": 0.014383661983943377,
      "p5": 0.05269244511028641,
      "p10": 0.10239139553907588,
      "p25": 0.26619424170072986,
      "p50": 0.6025235936972552,
      "p75": 1.8189815189330916,
      "p90": 7.305199865404778,
      "p95": 14.366314058243935,
      "p99": 27.077556211964556
    },
    "latency_ms": {
      "p1": 1040.138,
      "p5": 432.0,
      "p10": 331.639,
      "p25": 230.572,
      "p50": 187.986,
      "p75": 136.93,
      "p90": 114.367,
      "p95": 83.758,
      "p99": 70.307
    },
    "packet_loss": {
      "p1": 0.3561064087061669,
      "p5": 0.2526418121130584,
      "p10": 0.19890958780118542,
      "p25": 0.11367836014381688,
      "p50": 0.019445092614198252,
      "p75": 0.0006031038120679856,
      "p90": 0.0,
      "p95": 0.0,
      "p99": 0.0
    }
  }
}