{
  "sample_counts": {
    "downloads": 18880,
    "uploads": 13951
  },
  "metrics": {
    "download_throughput_mbps": {
      "p1": 0.04713880222590128,
      "p5": 0.14861068046735007,
      "p10": 0.26834473902729655,
      "p25": 0.7492883176416579,
      "p50": 1.8559194583447889,
      "p75": 4.82340709943128,
      "p90": 15.348160021261213,
      "p95": 27.87331580628927,
      "p99": 57.917282889733386
    },
    "upload_throughput_mbps": {
      "p1": 0.015556173086224626,
      "p5": 0.067745173812354,
      "p10": 0.12770121081321287,
      "p25": 0.3548144588259929,
      "p50": 0.7006249766266222,
      "p75": 2.7181358120748755,
      "p90": 6.935431330550851,
      "p95": 12.98087124590901,
      "p99": 23.05981857668583
    },
    "latency_ms": {
      "p1": 926.977,
      "p5": 353.123,
      "p10": 263.896,
      "p25": 204.604,
      "p50": 185.884,
      "p75": 166.135,
      "p90": 153.992,
      "p95": 148.587,
      "p99": 118.118
    },
    "packet_loss": {
      "p1": 0.35496503211988323,
      "p5": 0.2606618086250149,
      "p10": 0.20660011551618213,
      "p25": 0.12154534041362836,
      "p50": 0.025996365801608464,
      "p75": 0.0009797838404844142,
      "p90": 0.0,
      "p95": 0.0,
      "p99": 0.0
    }
  }
}