{
  "sample_counts": {
    "downloads": 14366,
    "uploads": 10693
  },
  "metrics": {
    "download_throughput_mbps": {
      "p1": 0.042317139400708484,
      "p5": 0.1295537556501098,
      "p10": 0.24613034875750942,
      "p25": 0.6745281165175611,
      "p50": 1.8004902249763055,
      "p75": 4.48615346417514,
      "p90": 11.995673208985252,
      "p95": 19.748067281449508,
      "p99": 37.25414585452545
    },
    "upload_throughput_mbps": {
      "p1": 0.014005659100633576,
      "p5": 0.05269244511028641,
      "p10": 0.10194750526668311,
      "p25": 0.26582220000923984,
      "p50": 0.6023553635626788,
      "p75": 1.8164823529494112,
      "p90": 7.292044268481916,
      "p95": 14.355256343448993,
      "p99": 27.37026446161664
    },
    "latency_ms": {
      "p1": 1041.182,
      "p5": 430.923,
      "p10": 331.445,
      "p25": 230.485,
      "p50": 187.986,
      "p75": 136.94,
      "p90": 114.494,
      "p95": 83.788,
      "p99": 70.281
    },
    "packet_loss": {
      "p1": 0.3558144152491892,
      "p5": 0.25270017729646843,
      "p10": 0.19904708493762696,
      "p25": 0.11370013742166729,
      "p50": 0.01945538940008652,
      "p75": 0.0006053326843887841,
      "p90": 0.0,
      "p95": 0.0,
      "p99": 0.0
    }
  }
}