{
  "metrics": {
    "download_throughput_mbps": {
      "p1": 0.048023893064405514,
      "p5": 0.1488044639928328,
      "p10": 0.2670298271837499,
      "p25": 0.7503120008206692,
      "p50": 1.8551084429845983,
      "p75": 4.82340709943128,
      "p90": 15.357420819565446,
      "p95": 27.791648080815104,
      "p99": 57.66199415340049
    },
    "upload_throughput_mbps": {
      "p1": 0.015556173086224626,
      "p5": 0.067745173812354,
      "p10": 0.12770121081321287,
      "p25": 0.3548144588259929,
      "p50": 0.7006249766266222,
      "p75": 2.7181358120748755,
      "p90": 6.935431330550851,
      "p95": 12.98087124590901,
      "p99": 23.05981857668583
    },
    "latency_ms": {
      "p1": 930.076,
      "p5": 352.877,
      "p10": 263.861,
      "p25": 204.683,
      "p50": 185.876,
      "p75": 166.156,
      "p90": 154.0,
      "p95": 148.587,
      "p99": 117.84
    },
    "packet_loss": {
      "p1": 0.3536825407371726,
      "p5": 0.2606618086250149,
      "p10": 0.2067130351801215,
      "p25": 0.12154534041362836,
      "p50": 0.025944086879045977,
      "p75": 0.0009797838404844142,
      "p90": 0.0,
      "p95": 0.0,
      "p99": 0.0
    }
  }
}