{
  "metrics": {
    "download_throughput_mbps": {
      "p1": 0.11604121435229767,
      "p5": 0.3925744468907063,
      "p10": 0.8674040943235807,
      "p25": 2.8276590201907,
      "p50": 8.238472466547092,
      "p75": 16.490467935355447,
      "p90": 29.84145531599996,
      "p95": 39.18447314947488,
      "p99": 167.58031815620552
    },
    "upload_throughput_mbps": {
      "p1": 0.047365602343162234,
      "p5": 0.08929770504898024,
      "p10": 0.2213124761701631,
      "p25": 0.563752032809729,
      "p50": 1.2416564133497385,
      "p75": 3.886661398232338,
      "p90": 10.104330452365025,
      "p95": 16.29169689385345,
      "p99": 61.360963832867824
    },
    "latency_ms": {
      "p1": 530.479,
      "p5": 450.734,
      "p10": 415.39,
      "p25": 386.232,
      "p50": 364.447,
      "p75": 294.162,
      "p90": 202.985,
      "p95": 107.871,
      "p99": 46.909
    },
    "packet_loss": {
      "p1": 0.3312828358410046,
      "p5": 0.25519456400620505,
      "p10": 0.20285275158907848,
      "p25": 0.13901083413939339,
      "p50": 0.05642017480504975,
      "p75": 0.0011493350879205125,
      "p90": 0.0,
      "p95": 0.0,
      "p99": 0.0
    }
  }
}