{
  "metrics": {
    "download_throughput_mbps": {
      "p1": 0.12303203892709334,
      "p5": 0.3795242244721872,
      "p10": 0.9601203774273924,
      "p25": 2.946059825908593,
      "p50": 13.245637267824316,
      "p75": 42.55386288137364,
      "p90": 79.838425171588,
      "p95": 95.77127316922638,
      "p99": 136.90500621298247
    },
    "upload_throughput_mbps": {
      "p1": 0.03584767438302437,
      "p5": 0.0829020144656764,
      "p10": 0.12075024302468407,
      "p25": 0.8384319475178549,
      "p50": 3.6099686573350285,
      "p75": 7.659668826937332,
      "p90": 23.002470448261324,
      "p95": 31.287854137739114,
      "p99": 74.3525564466132
    },
    "latency_ms": {
      "p1": 545.231,
      "p5": 453.613,
      "p10": 435.421,
      "p25": 245.0,
      "p50": 156.688,
      "p75": 139.116,
      "p90": 126.585,
      "p95": 120.114,
      "p99": 79.586
    },
    "packet_loss": {
      "p1": 0.32595939771481086,
      "p5": 0.18931431545689476,
      "p10": 0.13488983004938576,
      "p25": 0.06554246920884572,
      "p50": 0.006178792404523149,
      "p75": 0.0,
      "p90": 0.0,
      "p95": 0.0,
      "p99": 0.0
    }
  }
}