{
  "sample_counts": {
    "downloads": 2044186,
    "uploads": 1589879
  },
  "metrics": {
    "download_throughput_mbps": {
      "p1": 0.1285001284178392,
      "p5": 0.5226462082605371,
      "p10": 1.3067248349309826,
      "p25": 5.704930557450408,
      "p50": 20.465237905588097,
      "p75": 43.2573473267558,
      "p90": 91.59511564787071,
      "p95": 157.74553640714174,
      "p99": 407.54763524149104
    },
    "upload_throughput_mbps": {
      "p1": 0.023713631008262275,
      "p5": 0.0752689870917795,
      "p10": 0.08939974431674726,
      "p25": 1.1071025328082087,
      "p50": 6.543664701618347,
      "p75": 22.77712890180508,
      "p90": 53.984336980611374,
      "p95": 91.99536597802023,
      "p99": 218.06435816782093
    },
    "latency_ms": {
      "p1": 313.903,
      "p5": 71.388,
      "p10": 42.498,
      "p25": 22.787,
      "p50": 11.836,
      "p75": 5.197,
      "p90": 2.524,
      "p95": 1.703,
      "p99": 0.587
    },
    "packet_loss": {
      "p1": 0.3345884729135108,
      "p5": 0.1941538549489954,
      "p10": 0.154148111265015,
      "p25": 0.07992100855693672,
      "p50": 0.005179828067600692,
      "p75": 0.0,
      "p90": 0.0,
      "p95": 0.0,
      "p99": 0.0
    }
  }
}