{
  "metrics": {
    "download_throughput_mbps": {
      "p1": 0.12700514054282266,
      "p5": 0.5219072660352777,
      "p10": 1.3088024399341895,
      "p25": 5.704296111291933,
      "p50": 20.476195647532688,
      "p75": 43.20684892531652,
      "p90": 91.58535154362147,
      "p95": 156.94436027843247,
      "p99": 405.3466242345535
    },
    "upload_throughput_mbps": {
      "p1": 0.02378115624552836,
      "p5": 0.07526475294991003,
      "p10": 0.08939980229459066,
      "p25": 1.103301223013317,
      "p50": 6.550502880409148,
      "p75": 22.805270238365118,
      "p90": 53.92086567060891,
      "p95": 91.98068512835282,
      "p99": 217.8500899020602
    },
    "latency_ms": {
      "p1": 314.153,
      "p5": 71.0,
      "p10": 42.585,
      "p25": 22.786,
      "p50": 11.835,
      "p75": 5.196,
      "p90": 2.524,
      "p95": 1.707,
      "p99": 0.589
    },
    "packet_loss": {
      "p1": 0.33489310669616457,
      "p5": 0.19409735212275733,
      "p10": 0.15430800855339005,
      "p25": 0.07988426013568234,
      "p50": 0.005180841314244912,
      "p75": 0.0,
      "p90": 0.0,
      "p95": 0.0,
      "p99": 0.0
    }
  }
}