{
  "metrics": {
    "download_throughput_mbps": {
      "p1": 0.15649682954121596,
      "p5": 0.6993136279033495,
      "p10": 1.728487335554277,
      "p25": 6.784114285820523,
      "p50": 21.914679458136767,
      "p75": 52.077663658794414,
      "p90": 105.51203193357152,
      "p95": 200.22869671945566,
      "p99": 485.8363986397532
    },
    "upload_throughput_mbps": {
      "p1": 0.034523357865543704,
      "p5": 0.08290323716030935,
      "p10": 0.10251079286753796,
      "p25": 1.780787017523755,
      "p50": 9.550748078718208,
      "p75": 28.829345416928533,
      "p90": 73.24392329048518,
      "p95": 104.05765542780082,
      "p99": 245.36835050612382
    },
    "latency_ms": {
      "p1": 268.379,
      "p5": 59.0,
      "p10": 38.711,
      "p25": 22.438,
      "p50": 11.759,
      "p75": 4.35,
      "p90": 2.174,
      "p95": 1.526,
      "p99": 0.61
    },
    "packet_loss": {
      "p1": 0.32852178813906446,
      "p5": 0.19508803072404227,
      "p10": 0.1438730464822301,
      "p25": 0.0752656333212465,
      "p50": 0.005853393855397165,
      "p75": 0.0,
      "p90": 0.0,
      "p95": 0.0,
      "p99": 0.0
    }
  }
}