{
  "sample_counts": {
    "downloads": 1811306,
    "uploads": 1297099
  },
  "metrics": {
    "download_throughput_mbps": {
      "p1": 0.15644129910816232,
      "p5": 0.6977153962524745,
      "p10": 1.7332356230057697,
      "p25": 6.782646369111262,
      "p50": 21.913621123993554,
      "p75": 52.039735695347666,
      "p90": 105.40526146836544,
      "p95": 200.2722821731615,
      "p99": 483.0984802305173
    },
    "upload_throughput_mbps": {
      "p1": 0.034523357865543704,
      "p5": 0.08290323716030935,
      "p10": 0.10251079286753796,
      "p25": 1.780787017523755,
      "p50": 9.550748078718208,
      "p75": 28.829345416928533,
      "p90": 73.24392329048518,
      "p95": 104.05765542780082,
      "p99": 245.36835050612382
    },
    "latency_ms": {
      "p1": 268.702,
      "p5": 59.0,
      "p10": 38.757,
      "p25": 22.432,
      "p50": 11.759,
      "p75": 4.35,
      "p90": 2.173,
      "p95": 1.523,
      "p99": 0.608
    },
    "packet_loss": {
      "p1": 0.32895982125044887,
      "p5": 0.19495995190460666,
      "p10": 0.14398052135015252,
      "p25": 0.0753162684369495,
      "p50": 0.0058443523727027,
      "p75": 0.0,
      "p90": 0.0,
      "p95": 0.0,
      "p99": 0.0
    }
  }
}