{
  "metrics": {
    "download_throughput_mbps": {
      "p1": 0.10500239749937162,
      "p5": 0.3175295224578462,
      "p10": 0.7186771213389086,
      "p25": 2.4667112371385755,
      "p50": 8.216237861060764,
      "p75": 25.16880334231334,
      "p90": 66.20346110197409,
      "p95": 106.55668272634885,
      "p99": 199.02860543695286
    },
    "upload_throughput_mbps": {
      "p1": 0.02254842926728204,
      "p5": 0.08271272822030783,
      "p10": 0.10035980060429063,
      "p25": 1.3379018209817901,
      "p50": 5.098180850213858,
      "p75": 11.57639088460687,
      "p90": 27.83879457928673,
      "p95": 38.48257969451407,
      "p99": 78.1322153934861
    },
    "latency_ms": {
      "p1": 454.478,
      "p5": 116.491,
      "p10": 74.525,
      "p25": 49.244,
      "p50": 31.0,
      "p75": 9.184,
      "p90": 3.72,
      "p95": 2.863,
      "p99": 1.752
    },
    "packet_loss": {
      "p1": 0.35981670248044756,
      "p5": 0.2674875135012819,
      "p10": 0.2073682756426625,
      "p25": 0.1294055955638831,
      "p50": 0.05111237834775813,
      "p75": 0.003094873342308466,
      "p90": 3.240193071120832e-05,
      "p95": 0.0,
      "p99": 0.0
    }
  }
}