{
  "metrics": {
    "download_throughput_mbps": {
      "p1": 0.06597454707868938,
      "p5": 0.21387202762154034,
      "p10": 0.5048706451332444,
      "p25": 1.8556106569638915,
      "p50": 5.9432660500092975,
      "p75": 15.043488416754192,
      "p90": 26.804314791608554,
      "p95": 34.79313540184723,
      "p99": 71.511663018209
    },
    "upload_throughput_mbps": {
      "p1": 0.015393355245651594,
      "p5": 0.06755501574413653,
      "p10": 0.07682323488272283,
      "p25": 0.43979695439593175,
      "p50": 1.2663828691176284,
      "p75": 2.2758946932990782,
      "p90": 4.790927300973235,
      "p95": 12.950755329998577,
      "p99": 40.100685217396176
    },
    "latency_ms": {
      "p1": 570.91,
      "p5": 427.289,
      "p10": 384.13,
      "p25": 331.123,
      "p50": 290.894,
      "p75": 250.426,
      "p90": 47.129,
      "p95": 35.905,
      "p99": 23.373
    },
    "packet_loss": {
      "p1": 0.35113359911939096,
      "p5": 0.2682028309283823,
      "p10": 0.22539206644622858,
      "p25": 0.14875936696368655,
      "p50": 0.0620222293077156,
      "p75": 0.006816075875873683,
      "p90": 7.821537998495435e-05,
      "p95": 0.0,
      "p99": 0.0
    }
  }
}