{
  "sample_counts": {
    "downloads": 10124,
    "uploads": 8468
  },
  "metrics": {
    "download_throughput_mbps": {
      "p1": 0.06597454707868938,
      "p5": 0.21387236116457284,
      "p10": 0.5048706451332444,
      "p25": 1.8533427778993874,
      "p50": 5.941304471769813,
      "p75": 15.0176948594711,
      "p90": 26.801985667726253,
      "p95": 34.79572234605433,
      "p99": 71.511663018209
    },
    "upload_throughput_mbps": {
      "p1": 0.0161120435765905,
      "p5": 0.06795182409495193,
      "p10": 0.07679969793377422,
      "p25": 0.43726261672542227,
      "p50": 1.2649588682306514,
      "p75": 2.279951478343596,
      "p90": 4.794734064371079,
      "p95": 12.97095735847951,
      "p99": 39.99089686554257
    },
    "latency_ms": {
      "p1": 570.91,
      "p5": 427.289,
      "p10": 384.107,
      "p25": 331.102,
      "p50": 290.92,
      "p75": 250.426,
      "p90": 47.273,
      "p95": 35.905,
      "p99": 23.373
    },
    "packet_loss": {
      "p1": 0.35113359911939096,
      "p5": 0.2682028309283823,
      "p10": 0.22527417942984174,
      "p25": 0.14870972220129455,
      "p50": 0.0620222293077156,
      "p75": 0.006785308193094471,
      "p90": 7.891163606043634e-05,
      "p95": 0.0,
      "p99": 0.0
    }
  }
}