{
  "sample_counts": {
    "downloads": 4479,
    "uploads": 4100
  },
  "metrics": {
    "download_throughput_mbps": {
      "p1": 0.06567290616397109,
      "p5": 0.33599340957795504,
      "p10": 0.7573887898829966,
      "p25": 3.1684590981751586,
      "p50": 12.621007964507077,
      "p75": 34.07264317520004,
      "p90": 46.903520464002014,
      "p95": 74.91914985093999,
      "p99": 297.11923803497166
    },
    "upload_throughput_mbps": {
      "p1": 0.014044613206644352,
      "p5": 0.12130419342761808,
      "p10": 0.3076396945490122,
      "p25": 0.8590880239398815,
      "p50": 3.4123868615720054,
      "p75": 18.848047695499197,
      "p90": 44.672337446660265,
      "p95": 50.32246216995742,
      "p99": 80.92037362833626
    },
    "latency_ms": {
      "p1": 441.0,
      "p5": 382.834,
      "p10": 352.756,
      "p25": 282.919,
      "p50": 47.039,
      "p75": 35.804,
      "p90": 27.251,
      "p95": 24.796,
      "p99": 21.016
    },
    "packet_loss": {
      "p1": 0.3304935145910653,
      "p5": 0.23401577686350683,
      "p10": 0.19206311190313086,
      "p25": 0.14132361273309862,
      "p50": 0.054983224787842906,
      "p75": 0.004476270478282065,
      "p90": 6.773272820268883e-05,
      "p95": 0.0,
      "p99": 0.0
    }
  }
}